edad,litología,fgdc_code,color_hex,svg_pattern_path
Paleógeno,Areniscas,PALEO_GRANITO,#FFD700,/opt/geoserver/data_dir/styles/icons/fgdc/granito.svg
Paleógeno,Diamictitas,CENOZOICO_ARENA,#00FF00,/opt/geoserver/data_dir/styles/icons/fgdc/arena.svg
Paleógeno,"Areniscas, pelitas y conglomerados",MESOZOICO_BASALTO,#FF6347,/opt/geoserver/data_dir/styles/icons/fgdc/basalto.svg
Paleógeno,"Arenas, gravas y limos",PALEO_GRANITO,#FFD700,/opt/geoserver/data_dir/styles/icons/fgdc/granito.svg
Paleógeno,Granitos,CENOZOICO_ARENA,#00FF00,/opt/geoserver/data_dir/styles/icons/fgdc/arena.svg
Paleógeno,"Limos, arenas",MESOZOICO_BASALTO,#FF6347,/opt/geoserver/data_dir/styles/icons/fgdc/basalto.svg
Paleógeno,"Areniscas, conglomerados, pelitas",PALEO_GRANITO,#FFD700,/opt/geoserver/data_dir/styles/icons/fgdc/granito.svg
Paleógeno,"Conglomerados, areniscas conglomerádicas, areniscas, pelitas y limolitas",CENOZOICO_ARENA,#00FF00,/opt/geoserver/data_dir/styles/icons/fgdc/arena.svg
Paleógeno,"Gabros, dioritas, ortoanfibolitas, serpentinitas",MESOZOICO_BASALTO,#FF6347,/opt/geoserver/data_dir/styles/icons/fgdc/basalto.svg
Paleógeno,Fajas miloníticas. Milonitas y protomilonitas,PALEO_GRANITO,#FFD700,/opt/geoserver/data_dir/styles/icons/fgdc/granito.svg
Paleógeno,Loess,CENOZOICO_ARENA,#00FF00,/opt/geoserver/data_dir/styles/icons/fgdc/arena.svg
Paleógeno,Sedimentos salinos,MESOZOICO_BASALTO,#FF6347,/opt/geoserver/data_dir/styles/icons/fgdc/basalto.svg
Paleógeno,Fanglomerados y conglomerados,PALEO_GRANITO,#FFD700,/opt/geoserver/data_dir/styles/icons/fgdc/granito.svg
Paleógeno,Arenas,CENOZOICO_ARENA,#00FF00,/opt/geoserver/data_dir/styles/icons/fgdc/arena.svg
Paleógeno,Gravas y arenas,MESOZOICO_BASALTO,#FF6347,/opt/geoserver/data_dir/styles/icons/fgdc/basalto.svg
Paleógeno,Riodacitas,PALEO_GRANITO,#FFD700,/opt/geoserver/data_dir/styles/icons/fgdc/granito.svg
Paleógeno,"Granodioritas, tonalitas",CENOZOICO_ARENA,#00FF00,/opt/geoserver/data_dir/styles/icons/fgdc/arena.svg
Paleógeno,"Granitoides peraluminosos, sienogranitos y monzogranitos pórfidicos, granodioritas",MESOZOICO_BASALTO,#FF6347,/opt/geoserver/data_dir/styles/icons/fgdc/basalto.svg
Paleógeno,"Areniscas, conglomerados y arcilitas",PALEO_GRANITO,#FFD700,/opt/geoserver/data_dir/styles/icons/fgdc/granito.svg
Paleógeno,Calcretes,CENOZOICO_ARENA,#00FF00,/opt/geoserver/data_dir/styles/icons/fgdc/arena.svg
Paleógeno,Calizas,MESOZOICO_BASALTO,#FF6347,/opt/geoserver/data_dir/styles/icons/fgdc/basalto.svg
Paleógeno,Areniscas y conglomerados,PALEO_GRANITO,#FFD700,/opt/geoserver/data_dir/styles/icons/fgdc/granito.svg
Paleógeno,Arenas y limos,CENOZOICO_ARENA,#00FF00,/opt/geoserver/data_dir/styles/icons/fgdc/arena.svg
Paleógeno,Filitas,MESOZOICO_BASALTO,#FF6347,/opt/geoserver/data_dir/styles/icons/fgdc/basalto.svg
Paleógeno,Basaltos,PALEO_GRANITO,#FFD700,/opt/geoserver/data_dir/styles/icons/fgdc/granito.svg
Paleógeno,Andesitas,CENOZOICO_ARENA,#00FF00,/opt/geoserver/data_dir/styles/icons/fgdc/arena.svg
Paleógeno,Gneises y metatexitas,MESOZOICO_BASALTO,#FF6347,/opt/geoserver/data_dir/styles/icons/fgdc/basalto.svg
Paleógeno,Arcosas y calcretes,PALEO_GRANITO,#FFD700,/opt/geoserver/data_dir/styles/icons/fgdc/granito.svg
Paleógeno,"Monzogranitos, tonalitas",CENOZOICO_ARENA,#00FF00,/opt/geoserver/data_dir/styles/icons/fgdc/arena.svg
Paleógeno,Gabros,MESOZOICO_BASALTO,#FF6347,/opt/geoserver/data_dir/styles/icons/fgdc/basalto.svg
Paleógeno,Milonitas y protomilonitas,PALEO_GRANITO,#FFD700,/opt/geoserver/data_dir/styles/icons/fgdc/granito.svg
Paleógeno,,CENOZOICO_ARENA,#00FF00,/opt/geoserver/data_dir/styles/icons/fgdc/arena.svg
Paleógeno,Monzogranitos,MESOZOICO_BASALTO,#FF6347,/opt/geoserver/data_dir/styles/icons/fgdc/basalto.svg
Paleógeno,"Arenas, limos y arcillas",PALEO_GRANITO,#FFD700,/opt/geoserver/data_dir/styles/icons/fgdc/granito.svg
Paleógeno,Arenas y arcillas con elevado contenido de matería orgánica,CENOZOICO_ARENA,#00FF00,/opt/geoserver/data_dir/styles/icons/fgdc/arena.svg
Paleógeno,Arcillas y limos con elevado contenido de materia orgánica,MESOZOICO_BASALTO,#FF6347,/opt/geoserver/data_dir/styles/icons/fgdc/basalto.svg
Paleógeno,Limos arenosos a arcillosos,PALEO_GRANITO,#FFD700,/opt/geoserver/data_dir/styles/icons/fgdc/granito.svg
Paleógeno,Limos y calcretes,CENOZOICO_ARENA,#00FF00,/opt/geoserver/data_dir/styles/icons/fgdc/arena.svg
Paleógeno,"Limos, arenas y arcillas",MESOZOICO_BASALTO,#FF6347,/opt/geoserver/data_dir/styles/icons/fgdc/basalto.svg
Paleógeno,Milonitas,PALEO_GRANITO,#FFD700,/opt/geoserver/data_dir/styles/icons/fgdc/granito.svg
Paleógeno,Basaltos y andesitas,CENOZOICO_ARENA,#00FF00,/opt/geoserver/data_dir/styles/icons/fgdc/arena.svg
Paleógeno,Limos,MESOZOICO_BASALTO,#FF6347,/opt/geoserver/data_dir/styles/icons/fgdc/basalto.svg
Paleógeno,Limos y arenas,PALEO_GRANITO,#FFD700,/opt/geoserver/data_dir/styles/icons/fgdc/granito.svg
Paleógeno,"Areniscas, cuarcitas, calizas, dolomías, pelitas",CENOZOICO_ARENA,#00FF00,/opt/geoserver/data_dir/styles/icons/fgdc/arena.svg
Paleógeno,"Limos, arcillas, evaporitas",MESOZOICO_BASALTO,#FF6347,/opt/geoserver/data_dir/styles/icons/fgdc/basalto.svg
Paleógeno,"Granitos, granodioritas, esquistos, gneises, migmatitas",PALEO_GRANITO,#FFD700,/opt/geoserver/data_dir/styles/icons/fgdc/granito.svg
Paleógeno,Basaltos a andesitas basálticas,CENOZOICO_ARENA,#00FF00,/opt/geoserver/data_dir/styles/icons/fgdc/arena.svg
Paleógeno,Limos arcillosos,MESOZOICO_BASALTO,#FF6347,/opt/geoserver/data_dir/styles/icons/fgdc/basalto.svg
Paleógeno,"Limos, arenas, gravas",PALEO_GRANITO,#FFD700,/opt/geoserver/data_dir/styles/icons/fgdc/granito.svg
Paleógeno,"Granitos, granodioritas, monzogranitos, tonalitas, leucogranitos",CENOZOICO_ARENA,#00FF00,/opt/geoserver/data_dir/styles/icons/fgdc/arena.svg
Paleógeno,"Areniscas, areniscas conglomerádicas, conglomerados, brechas, fangolitas, limolitas y lutitas rojizas con intercalación de volcanitas alcalinas, areniscas calcáreas, pelitas, grauvacas y calizas con niveles estromatolíticos y oolíticos",MESOZOICO_BASALTO,#FF6347,/opt/geoserver/data_dir/styles/icons/fgdc/basalto.svg
Paleógeno,"Secuencias turbidíticas integradas por areniscas cuarcíferas, areniscas, grauvacas, pelitas, limolitas y lutitas y, subordinadamente, calizas",PALEO_GRANITO,#FFD700,/opt/geoserver/data_dir/styles/icons/fgdc/granito.svg
Paleógeno,"Dacitas, andesitas, basaltos; conos piroclásticos y depósitos de avalancha volcánica",CENOZOICO_ARENA,#00FF00,/opt/geoserver/data_dir/styles/icons/fgdc/arena.svg
Paleógeno,"Conglomerados, areniscas, limolitas, arcillolitas comunmente con niveles salinos y yesíferos",MESOZOICO_BASALTO,#FF6347,/opt/geoserver/data_dir/styles/icons/fgdc/basalto.svg
Paleógeno,"Tobas, ignimbritas dacíticas-riodacíticas, flujos piroclásticos dacíticos a riodacíticos, depósitos de caída",PALEO_GRANITO,#FFD700,/opt/geoserver/data_dir/styles/icons/fgdc/granito.svg
Paleógeno,"Riolitas, dacitas, traquiandesitas, diabasas, andesitas basálticas, lavas basálticas almohadilladas, ignimbritas y tobas",CENOZOICO_ARENA,#00FF00,/opt/geoserver/data_dir/styles/icons/fgdc/arena.svg
Paleógeno,"Cuarcitas, areniscas",MESOZOICO_BASALTO,#FF6347,/opt/geoserver/data_dir/styles/icons/fgdc/basalto.svg
Paleógeno,"Ignimbritas dacíticas, flujos piroclásticos",PALEO_GRANITO,#FFD700,/opt/geoserver/data_dir/styles/icons/fgdc/granito.svg
Paleógeno,"Esquistos cuarzo-feldespáticos-biotíticos-moscovíticos, anfibolitas, gneises, ortogneises, migmatitas, metagranitos",CENOZOICO_ARENA,#00FF00,/opt/geoserver/data_dir/styles/icons/fgdc/arena.svg
Paleógeno,Gneises y esquistos,MESOZOICO_BASALTO,#FF6347,/opt/geoserver/data_dir/styles/icons/fgdc/basalto.svg
Paleógeno,"Areniscas, areniscas conglomerádicas, diamictitas",PALEO_GRANITO,#FFD700,/opt/geoserver/data_dir/styles/icons/fgdc/granito.svg
Paleógeno,"Depósitos detríticos de gravas, arenas, limos",CENOZOICO_ARENA,#00FF00,/opt/geoserver/data_dir/styles/icons/fgdc/arena.svg
Paleógeno,"Conglomerados, areniscas y limoarcilitas",MESOZOICO_BASALTO,#FF6347,/opt/geoserver/data_dir/styles/icons/fgdc/basalto.svg
Paleógeno,"Cuarcitas, pelitas, areniscas, calizas, grauvacas; con intercalaciones de riolitas, dacitas, traquiandesitas, diabasas, andesitas basálticas, lavas basálticas almohadilladas, ignimbritas y tobas",PALEO_GRANITO,#FFD700,/opt/geoserver/data_dir/styles/icons/fgdc/granito.svg
Paleógeno,"Limolitas, diamictitas, grauvacas, lutitas",CENOZOICO_ARENA,#00FF00,/opt/geoserver/data_dir/styles/icons/fgdc/arena.svg
Paleógeno,Adakitas,MESOZOICO_BASALTO,#FF6347,/opt/geoserver/data_dir/styles/icons/fgdc/basalto.svg
Paleógeno,"Esquistos, gneises, pizarras y filitas",PALEO_GRANITO,#FFD700,/opt/geoserver/data_dir/styles/icons/fgdc/granito.svg
Paleógeno,"Gneises, ortogneises, migmatitas, anfibolitas y esquistos",CENOZOICO_ARENA,#00FF00,/opt/geoserver/data_dir/styles/icons/fgdc/arena.svg
Paleógeno,"Areniscas, limolitas y arcilitas",MESOZOICO_BASALTO,#FF6347,/opt/geoserver/data_dir/styles/icons/fgdc/basalto.svg
Paleógeno,"Areniscas, pelitas, filitas y esquistos",PALEO_GRANITO,#FFD700,/opt/geoserver/data_dir/styles/icons/fgdc/granito.svg
Paleógeno,"Areniscas medianas a gruesas, coquinas, pelitas, calizas",CENOZOICO_ARENA,#00FF00,/opt/geoserver/data_dir/styles/icons/fgdc/arena.svg
Paleógeno,"Areniscas finas a medianas, coquinas, pelitas, carbón",MESOZOICO_BASALTO,#FF6347,/opt/geoserver/data_dir/styles/icons/fgdc/basalto.svg
Paleógeno,"Areniscas, conglomerados,pelitas, carbón",PALEO_GRANITO,#FFD700,/opt/geoserver/data_dir/styles/icons/fgdc/granito.svg
Paleógeno,"Andesitas, basaltos, tobas",CENOZOICO_ARENA,#00FF00,/opt/geoserver/data_dir/styles/icons/fgdc/arena.svg
Paleógeno,"Basaltos, basanitas, teschenitas, gabros.",MESOZOICO_BASALTO,#FF6347,/opt/geoserver/data_dir/styles/icons/fgdc/basalto.svg
Paleógeno,"Ignimbritas y tobas ácidas, riolitas, pelitas y tufitas",PALEO_GRANITO,#FFD700,/opt/geoserver/data_dir/styles/icons/fgdc/granito.svg
Paleógeno,Gabros y diques basálticos,CENOZOICO_ARENA,#00FF00,/opt/geoserver/data_dir/styles/icons/fgdc/arena.svg
Paleógeno,"Tobas, tufitas, pelitas, areniscas gruesas a conglomerados",MESOZOICO_BASALTO,#FF6347,/opt/geoserver/data_dir/styles/icons/fgdc/basalto.svg
Paleógeno,"Tobas, cineritas, tufitas, areniscas medias a gruesas, conglomerados",PALEO_GRANITO,#FFD700,/opt/geoserver/data_dir/styles/icons/fgdc/granito.svg
Paleógeno,"Areniscas, arcilitas y limolitas, conglomerados",CENOZOICO_ARENA,#00FF00,/opt/geoserver/data_dir/styles/icons/fgdc/arena.svg
Paleógeno,"Areniscas finas a medias, pelitas, calizas, coquinas",MESOZOICO_BASALTO,#FF6347,/opt/geoserver/data_dir/styles/icons/fgdc/basalto.svg
Paleógeno,"Gneises, anfibolitas y granitos",PALEO_GRANITO,#FFD700,/opt/geoserver/data_dir/styles/icons/fgdc/granito.svg
Paleógeno,"Granitos, granodioritas, dioritas, tonalitas.",CENOZOICO_ARENA,#00FF00,/opt/geoserver/data_dir/styles/icons/fgdc/arena.svg
Paleógeno,"Gravas finas a medianas, arenas gruesas",MESOZOICO_BASALTO,#FF6347,/opt/geoserver/data_dir/styles/icons/fgdc/basalto.svg
Paleógeno,Basaltos olivínicos,PALEO_GRANITO,#FFD700,/opt/geoserver/data_dir/styles/icons/fgdc/granito.svg
Paleógeno,"Esquistos, filitas, ortocuarcitas, migmatitas y granitoides",CENOZOICO_ARENA,#00FF00,/opt/geoserver/data_dir/styles/icons/fgdc/arena.svg
Paleógeno,Arenas medianas a gruesas y gravas finas,MESOZOICO_BASALTO,#FF6347,/opt/geoserver/data_dir/styles/icons/fgdc/basalto.svg
Paleógeno,"Till, gravas, arenas y pelitas",PALEO_GRANITO,#FFD700,/opt/geoserver/data_dir/styles/icons/fgdc/granito.svg
Paleógeno,"Areniscas, conglomerados y pelitas.",CENOZOICO_ARENA,#00FF00,/opt/geoserver/data_dir/styles/icons/fgdc/arena.svg
Paleógeno,Metavolcanitas ácidas a mesosilícicas,MESOZOICO_BASALTO,#FF6347,/opt/geoserver/data_dir/styles/icons/fgdc/basalto.svg
Paleógeno,Arenas y gravas,PALEO_GRANITO,#FFD700,/opt/geoserver/data_dir/styles/icons/fgdc/granito.svg
Paleógeno,Rocas ultramáficas,CENOZOICO_ARENA,#00FF00,/opt/geoserver/data_dir/styles/icons/fgdc/arena.svg
Paleógeno,"Arenas, gravas y pelitas",MESOZOICO_BASALTO,#FF6347,/opt/geoserver/data_dir/styles/icons/fgdc/basalto.svg
Paleógeno,Limos y arcillas,PALEO_GRANITO,#FFD700,/opt/geoserver/data_dir/styles/icons/fgdc/granito.svg
Paleógeno,"Arenas finas a medianas, rodados",CENOZOICO_ARENA,#00FF00,/opt/geoserver/data_dir/styles/icons/fgdc/arena.svg
Paleógeno,Bloques,MESOZOICO_BASALTO,#FF6347,/opt/geoserver/data_dir/styles/icons/fgdc/basalto.svg
Paleógeno,"Ortocuarcitas, cuarcitas y conglomerados, pelitas",PALEO_GRANITO,#FFD700,/opt/geoserver/data_dir/styles/icons/fgdc/granito.svg
Paleógeno,"Basaltos alcalinos, basanitas, nefelinitas",CENOZOICO_ARENA,#00FF00,/opt/geoserver/data_dir/styles/icons/fgdc/arena.svg
Paleógeno,"Riolitas y andesitas, tobas, ignimbritas y tufitas",MESOZOICO_BASALTO,#FF6347,/opt/geoserver/data_dir/styles/icons/fgdc/basalto.svg
Paleógeno,"Tobas, areniscas, pelitas, tufitas, calizas, lavas e ignimbritas riolíticas y andesíticas",PALEO_GRANITO,#FFD700,/opt/geoserver/data_dir/styles/icons/fgdc/granito.svg
Paleógeno,"Gravas medianas a gruesas, arenas gruesas",CENOZOICO_ARENA,#00FF00,/opt/geoserver/data_dir/styles/icons/fgdc/arena.svg
Paleógeno,"Arenas, gravas, limos",MESOZOICO_BASALTO,#FF6347,/opt/geoserver/data_dir/styles/icons/fgdc/basalto.svg
Paleógeno,"Gravas, arenas",PALEO_GRANITO,#FFD700,/opt/geoserver/data_dir/styles/icons/fgdc/granito.svg
Paleógeno,"Conglomerados, areniscas, calizas, pelitas",CENOZOICO_ARENA,#00FF00,/opt/geoserver/data_dir/styles/icons/fgdc/arena.svg
Paleógeno,"Limolitas, areniscas, conglomerados, olistolitos",MESOZOICO_BASALTO,#FF6347,/opt/geoserver/data_dir/styles/icons/fgdc/basalto.svg
Paleógeno,"Granitos, granodioritas, tonalitas y diques riolíticos",PALEO_GRANITO,#FFD700,/opt/geoserver/data_dir/styles/icons/fgdc/granito.svg
Paleógeno,"Areniscas, limolitas y conglomerados",CENOZOICO_ARENA,#00FF00,/opt/geoserver/data_dir/styles/icons/fgdc/arena.svg
Paleógeno,"Areniscas, conglomerados, tufitas y tobas",MESOZOICO_BASALTO,#FF6347,/opt/geoserver/data_dir/styles/icons/fgdc/basalto.svg
Paleógeno,"Limos, arcillas, arenas",PALEO_GRANITO,#FFD700,/opt/geoserver/data_dir/styles/icons/fgdc/granito.svg
Paleógeno,"Andesitas, riolitas, basaltos, tobas, brechas, conglomerados, areniscas",CENOZOICO_ARENA,#00FF00,/opt/geoserver/data_dir/styles/icons/fgdc/arena.svg
Paleógeno,"Tobas, tufitas, ignimbritas, areniscas y conglomerados",MESOZOICO_BASALTO,#FF6347,/opt/geoserver/data_dir/styles/icons/fgdc/basalto.svg
Paleógeno,"Traquitas y tobas traquíticas, brechas y aglomerados.",PALEO_GRANITO,#FFD700,/opt/geoserver/data_dir/styles/icons/fgdc/granito.svg
Paleógeno,"Till, gravas, arenas, arcillas",CENOZOICO_ARENA,#00FF00,/opt/geoserver/data_dir/styles/icons/fgdc/arena.svg
Paleógeno,"Areniscas, pelitas, conglomerados, calizas",MESOZOICO_BASALTO,#FF6347,/opt/geoserver/data_dir/styles/icons/fgdc/basalto.svg
Paleógeno,"Areniscas, pelitas, calizas, evaporitas",PALEO_GRANITO,#FFD700,/opt/geoserver/data_dir/styles/icons/fgdc/granito.svg
Paleógeno,"Riolitas, dacitas, andesitas, ignimbritas, tobas, brechas, conglomerados",CENOZOICO_ARENA,#00FF00,/opt/geoserver/data_dir/styles/icons/fgdc/arena.svg
Paleógeno,"Andesitas, ignimbritas",MESOZOICO_BASALTO,#FF6347,/opt/geoserver/data_dir/styles/icons/fgdc/basalto.svg
Paleógeno,Metamorfitas y plutonitas metamorfizadas,PALEO_GRANITO,#FFD700,/opt/geoserver/data_dir/styles/icons/fgdc/granito.svg
Paleógeno,"Metarenitas, filitas, mármoles, areniscas y pelitas",CENOZOICO_ARENA,#00FF00,/opt/geoserver/data_dir/styles/icons/fgdc/arena.svg
Paleógeno,"Conglomerados, areniscas, pelitas, tufitas, tobas, yeso",MESOZOICO_BASALTO,#FF6347,/opt/geoserver/data_dir/styles/icons/fgdc/basalto.svg
Paleógeno,"Brechas y areniscas volcánicas, tobas, tufitas, andesitas",PALEO_GRANITO,#FFD700,/opt/geoserver/data_dir/styles/icons/fgdc/granito.svg
Paleógeno,"Calizas, margas, dolomias, fangolitas calcáreas",CENOZOICO_ARENA,#00FF00,/opt/geoserver/data_dir/styles/icons/fgdc/arena.svg
Paleógeno,"Granitos, granodioritas",MESOZOICO_BASALTO,#FF6347,/opt/geoserver/data_dir/styles/icons/fgdc/basalto.svg
Paleógeno,"Andesitas, dacitas, ignimbritas, tobas, pórfiros andesíticos y dacíticos",PALEO_GRANITO,#FFD700,/opt/geoserver/data_dir/styles/icons/fgdc/granito.svg
Paleógeno,"Areniscas, arcilitas, calizas silicificadas",CENOZOICO_ARENA,#00FF00,/opt/geoserver/data_dir/styles/icons/fgdc/arena.svg
Paleógeno,Areniscas y lutitas,MESOZOICO_BASALTO,#FF6347,/opt/geoserver/data_dir/styles/icons/fgdc/basalto.svg
Paleógeno,Granitos muscovítico biotítico parcialmente pegmatíticos,PALEO_GRANITO,#FFD700,/opt/geoserver/data_dir/styles/icons/fgdc/granito.svg
Paleógeno,"Limolitas con cemento carbonático, arenas, limos",CENOZOICO_ARENA,#00FF00,/opt/geoserver/data_dir/styles/icons/fgdc/arena.svg
Paleógeno,"Andesitas, ignimbritas, tobas",MESOZOICO_BASALTO,#FF6347,/opt/geoserver/data_dir/styles/icons/fgdc/basalto.svg
Paleógeno,"Basaltos, andesitas, tobas, tufitas",PALEO_GRANITO,#FFD700,/opt/geoserver/data_dir/styles/icons/fgdc/granito.svg
Paleógeno,"Conglomerados, areniscas",CENOZOICO_ARENA,#00FF00,/opt/geoserver/data_dir/styles/icons/fgdc/arena.svg
Paleógeno,"Esquistos, cuarcitas, gneises",MESOZOICO_BASALTO,#FF6347,/opt/geoserver/data_dir/styles/icons/fgdc/basalto.svg
Paleógeno,Mármoles,PALEO_GRANITO,#FFD700,/opt/geoserver/data_dir/styles/icons/fgdc/granito.svg
Paleógeno,"Ignimbritas dacíticas y riolíticas, brechas volcánicas y volcanoclásticas",CENOZOICO_ARENA,#00FF00,/opt/geoserver/data_dir/styles/icons/fgdc/arena.svg
Paleógeno,"Lavas dacíticas, andesíticas y basálticas, brechas autoclásticas de composición andesítica y depósitos de bloques y ceniza (block and ash) asociados a estrato volcanes",MESOZOICO_BASALTO,#FF6347,/opt/geoserver/data_dir/styles/icons/fgdc/basalto.svg
Paleógeno,"Areniscas, conglomerados, limolitas, arcilitas",PALEO_GRANITO,#FFD700,/opt/geoserver/data_dir/styles/icons/fgdc/granito.svg
Paleógeno,"Anfibolitas, esquistos, gneises, calizas y pegmatitas",CENOZOICO_ARENA,#00FF00,/opt/geoserver/data_dir/styles/icons/fgdc/arena.svg
Paleógeno,"Basaltos, andesitas, tobas",MESOZOICO_BASALTO,#FF6347,/opt/geoserver/data_dir/styles/icons/fgdc/basalto.svg
Paleógeno,"Andesitas, riodacítas, piroclastitas, areniscas líticas",PALEO_GRANITO,#FFD700,/opt/geoserver/data_dir/styles/icons/fgdc/granito.svg
Paleógeno,"Depósitos de evaporitas (cloruros, sulfatos y boratos), limos y arcillas, tufitas y travertinos",CENOZOICO_ARENA,#00FF00,/opt/geoserver/data_dir/styles/icons/fgdc/arena.svg
Paleógeno,Cuerpos porfídicos hipabisales de composición diorítica a andesítica y dacítica,MESOZOICO_BASALTO,#FF6347,/opt/geoserver/data_dir/styles/icons/fgdc/basalto.svg
Paleógeno,Margas arenosas y areniscas arcillosas,PALEO_GRANITO,#FFD700,/opt/geoserver/data_dir/styles/icons/fgdc/granito.svg
Paleógeno,Traquiandesitas,CENOZOICO_ARENA,#00FF00,/opt/geoserver/data_dir/styles/icons/fgdc/arena.svg
Paleógeno,"Areniscas, pelitas, conglomerados, calizas, evaporitas, tobas",MESOZOICO_BASALTO,#FF6347,/opt/geoserver/data_dir/styles/icons/fgdc/basalto.svg
Paleógeno,"Limolitas, areniscas, arcilitas, calcretes",PALEO_GRANITO,#FFD700,/opt/geoserver/data_dir/styles/icons/fgdc/granito.svg
Paleógeno,"Pelitas, areniscas, diamictitas, conglomerados",CENOZOICO_ARENA,#00FF00,/opt/geoserver/data_dir/styles/icons/fgdc/arena.svg
Paleógeno,"Basaltos, tobas",MESOZOICO_BASALTO,#FF6347,/opt/geoserver/data_dir/styles/icons/fgdc/basalto.svg
Paleógeno,"Granitos, granodioritas, tonalitas",PALEO_GRANITO,#FFD700,/opt/geoserver/data_dir/styles/icons/fgdc/granito.svg
Paleógeno,"Limos, arcillas y evaporitas",CENOZOICO_ARENA,#00FF00,/opt/geoserver/data_dir/styles/icons/fgdc/arena.svg
Paleógeno,"Granodioritas, dioritas, tonalitas",MESOZOICO_BASALTO,#FF6347,/opt/geoserver/data_dir/styles/icons/fgdc/basalto.svg
Paleógeno,"Trondjhemitas, tonalitas",PALEO_GRANITO,#FFD700,/opt/geoserver/data_dir/styles/icons/fgdc/granito.svg
Paleógeno,"Areniscas finas a gruesas, conglomerados, tobas, pelitas negras",CENOZOICO_ARENA,#00FF00,/opt/geoserver/data_dir/styles/icons/fgdc/arena.svg
Paleógeno,"Areniscas gruesas y conglomerados, tobas y tufitas, coquinas",MESOZOICO_BASALTO,#FF6347,/opt/geoserver/data_dir/styles/icons/fgdc/basalto.svg
Paleógeno,"Riolitas, basaltos y traquitas",PALEO_GRANITO,#FFD700,/opt/geoserver/data_dir/styles/icons/fgdc/granito.svg
Paleógeno,"Lavas, brechas, ignimbritas y tobas de composición riolítica, dacítica y andesítica",CENOZOICO_ARENA,#00FF00,/opt/geoserver/data_dir/styles/icons/fgdc/arena.svg
Paleógeno,"Leucogranitos de dos micas y monzogranitos biotíticos con tendencia porfídica, al que se asocian pórfidos graníticos y diques micrograníticos. También se reconocen lamprófiros, aplitas y diques graníticos. Sienitas y granitos riebeckíticos y diques",MESOZOICO_BASALTO,#FF6347,/opt/geoserver/data_dir/styles/icons/fgdc/basalto.svg
Paleógeno,Granitoides,PALEO_GRANITO,#FFD700,/opt/geoserver/data_dir/styles/icons/fgdc/granito.svg
Paleógeno,"Basaltos, andesitas, dacitas, tobas, brechas, pelitas",CENOZOICO_ARENA,#00FF00,/opt/geoserver/data_dir/styles/icons/fgdc/arena.svg
Paleógeno,"Depósitos residuales limosos, ferricretes",MESOZOICO_BASALTO,#FF6347,/opt/geoserver/data_dir/styles/icons/fgdc/basalto.svg
Paleógeno,"Granitos y granodioritas, tonalitas",PALEO_GRANITO,#FFD700,/opt/geoserver/data_dir/styles/icons/fgdc/granito.svg
Paleógeno,"Ortocuarcitas, areniscas y pelitas",CENOZOICO_ARENA,#00FF00,/opt/geoserver/data_dir/styles/icons/fgdc/arena.svg
Paleógeno,"Areniscas medianas a finas, conglomerados polimícticos, evaporitas, caliza y yeso; sedimentitas clásticas calcáreas con intercalaciones de dacitas y tobas",MESOZOICO_BASALTO,#FF6347,/opt/geoserver/data_dir/styles/icons/fgdc/basalto.svg
Paleógeno,"Conglomerados, areniscas conglomerádicas, areniscas, pelitas y limolitas y calizas",PALEO_GRANITO,#FFD700,/opt/geoserver/data_dir/styles/icons/fgdc/granito.svg
Paleógeno,"Gabros, granitos, granodioritas, dioritas, sienitas, monzonitas, monzodioritas, monzogranitos, tonalitas",CENOZOICO_ARENA,#00FF00,/opt/geoserver/data_dir/styles/icons/fgdc/arena.svg
Paleógeno,"Areniscas, limolitas, duricostras",MESOZOICO_BASALTO,#FF6347,/opt/geoserver/data_dir/styles/icons/fgdc/basalto.svg
Paleógeno,"Diamictitas, areniscas",PALEO_GRANITO,#FFD700,/opt/geoserver/data_dir/styles/icons/fgdc/granito.svg
Paleógeno,Areniscas y limolitas,CENOZOICO_ARENA,#00FF00,/opt/geoserver/data_dir/styles/icons/fgdc/arena.svg
Paleógeno,Riolitas,MESOZOICO_BASALTO,#FF6347,/opt/geoserver/data_dir/styles/icons/fgdc/basalto.svg
Paleógeno,"Areniscas, cuarcitas",PALEO_GRANITO,#FFD700,/opt/geoserver/data_dir/styles/icons/fgdc/granito.svg
Paleógeno,"Pelitas y areniscas, fosilíferas",CENOZOICO_ARENA,#00FF00,/opt/geoserver/data_dir/styles/icons/fgdc/arena.svg
Paleógeno,"Lutitas, areniscas, conglomerados, tobas",MESOZOICO_BASALTO,#FF6347,/opt/geoserver/data_dir/styles/icons/fgdc/basalto.svg
Paleógeno,"Granitos, granodioritas, microgranitos",PALEO_GRANITO,#FFD700,/opt/geoserver/data_dir/styles/icons/fgdc/granito.svg
Paleógeno,"Filitas, esquistos, cuarcitas",CENOZOICO_ARENA,#00FF00,/opt/geoserver/data_dir/styles/icons/fgdc/arena.svg
Paleógeno,"Conglomerados, areniscas, tobas, andesitas, brechas ignimbríticas",MESOZOICO_BASALTO,#FF6347,/opt/geoserver/data_dir/styles/icons/fgdc/basalto.svg
Paleógeno,"Areniscas, pelitas, conglomerados, calizas, evaporitas",PALEO_GRANITO,#FFD700,/opt/geoserver/data_dir/styles/icons/fgdc/granito.svg
Paleógeno,"Esquistos, gneises, milonitas, anfibolitas y mármoles",CENOZOICO_ARENA,#00FF00,/opt/geoserver/data_dir/styles/icons/fgdc/arena.svg
Paleógeno,"Esquistos, gneises, mármoles, metadiabasas",MESOZOICO_BASALTO,#FF6347,/opt/geoserver/data_dir/styles/icons/fgdc/basalto.svg
Paleógeno,"Andesitas, basandesitas, aglomerados, areniscas, tobas",PALEO_GRANITO,#FFD700,/opt/geoserver/data_dir/styles/icons/fgdc/granito.svg
Paleógeno,"Granitos, aplitas, pegmatitas",CENOZOICO_ARENA,#00FF00,/opt/geoserver/data_dir/styles/icons/fgdc/arena.svg
Paleógeno,"Basaltos y diabasas (estructura almohadillada). Diques y filones diabásicos, gabros y dioritas",MESOZOICO_BASALTO,#FF6347,/opt/geoserver/data_dir/styles/icons/fgdc/basalto.svg
Paleógeno,"Limos, arcillas, sales",PALEO_GRANITO,#FFD700,/opt/geoserver/data_dir/styles/icons/fgdc/granito.svg
Paleógeno,"Areniscas finas a gruesas, conglomerados, pelitas, coquinas.",CENOZOICO_ARENA,#00FF00,/opt/geoserver/data_dir/styles/icons/fgdc/arena.svg
Paleógeno,"Areniscas medias a gruesas, arcilitas, tobas y tufitas",MESOZOICO_BASALTO,#FF6347,/opt/geoserver/data_dir/styles/icons/fgdc/basalto.svg
Paleógeno,"Areniscas feldespáticas, limolitas, lutitas, arcosas",PALEO_GRANITO,#FFD700,/opt/geoserver/data_dir/styles/icons/fgdc/granito.svg
Paleógeno,"Granitos, granodiorítas, pórfidos",CENOZOICO_ARENA,#00FF00,/opt/geoserver/data_dir/styles/icons/fgdc/arena.svg
Paleógeno,"Granodioritas, tonalitas, granitos",MESOZOICO_BASALTO,#FF6347,/opt/geoserver/data_dir/styles/icons/fgdc/basalto.svg
Paleógeno,"Tobas, chonitas, areniscas finas a medias, arcilitas",PALEO_GRANITO,#FFD700,/opt/geoserver/data_dir/styles/icons/fgdc/granito.svg
Paleógeno,"Granófiros, pórfiros riolíticos",CENOZOICO_ARENA,#00FF00,/opt/geoserver/data_dir/styles/icons/fgdc/arena.svg
Paleógeno,"Basaltos olivínicos, basanitas",MESOZOICO_BASALTO,#FF6347,/opt/geoserver/data_dir/styles/icons/fgdc/basalto.svg
Paleógeno,"Tobas, cineritas, arcilitas, bentonitas",PALEO_GRANITO,#FFD700,/opt/geoserver/data_dir/styles/icons/fgdc/granito.svg
Paleógeno,"Dacitas, riolitas, andesitas, basaltos, tobas e ignimbritas",CENOZOICO_ARENA,#00FF00,/opt/geoserver/data_dir/styles/icons/fgdc/arena.svg
Paleógeno,"Tobas, tufitas, conglomerados, calizas y basaltos",MESOZOICO_BASALTO,#FF6347,/opt/geoserver/data_dir/styles/icons/fgdc/basalto.svg
Paleógeno,"Conglomerados, areniscas, arcilitas y calizas",PALEO_GRANITO,#FFD700,/opt/geoserver/data_dir/styles/icons/fgdc/granito.svg
Paleógeno,"Riolitas y andesitas, ignimbritas y tobas ácidas",CENOZOICO_ARENA,#00FF00,/opt/geoserver/data_dir/styles/icons/fgdc/arena.svg
Paleógeno,"Basaltos, andesitas, tobas, ignimbritas y aglomerados volcánicos",MESOZOICO_BASALTO,#FF6347,/opt/geoserver/data_dir/styles/icons/fgdc/basalto.svg
Paleógeno,"Areniscas, pelitas, coquinas, tufitas, tobas",PALEO_GRANITO,#FFD700,/opt/geoserver/data_dir/styles/icons/fgdc/granito.svg
Paleógeno,"Basaltos olivínicos, pórfiros basálticos",CENOZOICO_ARENA,#00FF00,/opt/geoserver/data_dir/styles/icons/fgdc/arena.svg
Paleógeno,"Areniscas, pelitas, conglomerados, tobas.",MESOZOICO_BASALTO,#FF6347,/opt/geoserver/data_dir/styles/icons/fgdc/basalto.svg
Paleógeno,"Granitos y granodioritas, pórfiros",PALEO_GRANITO,#FFD700,/opt/geoserver/data_dir/styles/icons/fgdc/granito.svg
Paleógeno,"Riolitas e ignimbritas, dacitas y tobas",CENOZOICO_ARENA,#00FF00,/opt/geoserver/data_dir/styles/icons/fgdc/arena.svg
Paleógeno,Basaltos y adakitas,MESOZOICO_BASALTO,#FF6347,/opt/geoserver/data_dir/styles/icons/fgdc/basalto.svg
Paleógeno,Arenas finas a medianas,PALEO_GRANITO,#FFD700,/opt/geoserver/data_dir/styles/icons/fgdc/granito.svg
Pleistoceno,Areniscas,CENOZOICO_ARENA,#00FF00,/opt/geoserver/data_dir/styles/icons/fgdc/arena.svg
Pleistoceno,Diamictitas,MESOZOICO_BASALTO,#FF6347,/opt/geoserver/data_dir/styles/icons/fgdc/basalto.svg
Pleistoceno,"Areniscas, pelitas y conglomerados",PALEO_GRANITO,#FFD700,/opt/geoserver/data_dir/styles/icons/fgdc/granito.svg
Pleistoceno,"Arenas, gravas y limos",CENOZOICO_ARENA,#00FF00,/opt/geoserver/data_dir/styles/icons/fgdc/arena.svg
Pleistoceno,Granitos,MESOZOICO_BASALTO,#FF6347,/opt/geoserver/data_dir/styles/icons/fgdc/basalto.svg
Pleistoceno,"Limos, arenas",PALEO_GRANITO,#FFD700,/opt/geoserver/data_dir/styles/icons/fgdc/granito.svg
Pleistoceno,"Areniscas, conglomerados, pelitas",CENOZOICO_ARENA,#00FF00,/opt/geoserver/data_dir/styles/icons/fgdc/arena.svg
Pleistoceno,"Conglomerados, areniscas conglomerádicas, areniscas, pelitas y limolitas",MESOZOICO_BASALTO,#FF6347,/opt/geoserver/data_dir/styles/icons/fgdc/basalto.svg
Pleistoceno,"Gabros, dioritas, ortoanfibolitas, serpentinitas",PALEO_GRANITO,#FFD700,/opt/geoserver/data_dir/styles/icons/fgdc/granito.svg
Pleistoceno,Fajas miloníticas. Milonitas y protomilonitas,CENOZOICO_ARENA,#00FF00,/opt/geoserver/data_dir/styles/icons/fgdc/arena.svg
Pleistoceno,Loess,MESOZOICO_BASALTO,#FF6347,/opt/geoserver/data_dir/styles/icons/fgdc/basalto.svg
Pleistoceno,Sedimentos salinos,PALEO_GRANITO,#FFD700,/opt/geoserver/data_dir/styles/icons/fgdc/granito.svg
Pleistoceno,Fanglomerados y conglomerados,CENOZOICO_ARENA,#00FF00,/opt/geoserver/data_dir/styles/icons/fgdc/arena.svg
Pleistoceno,Arenas,MESOZOICO_BASALTO,#FF6347,/opt/geoserver/data_dir/styles/icons/fgdc/basalto.svg
Pleistoceno,Gravas y arenas,PALEO_GRANITO,#FFD700,/opt/geoserver/data_dir/styles/icons/fgdc/granito.svg
Pleistoceno,Riodacitas,CENOZOICO_ARENA,#00FF00,/opt/geoserver/data_dir/styles/icons/fgdc/arena.svg
Pleistoceno,"Granodioritas, tonalitas",MESOZOICO_BASALTO,#FF6347,/opt/geoserver/data_dir/styles/icons/fgdc/basalto.svg
Pleistoceno,"Granitoides peraluminosos, sienogranitos y monzogranitos pórfidicos, granodioritas",PALEO_GRANITO,#FFD700,/opt/geoserver/data_dir/styles/icons/fgdc/granito.svg
Pleistoceno,"Areniscas, conglomerados y arcilitas",CENOZOICO_ARENA,#00FF00,/opt/geoserver/data_dir/styles/icons/fgdc/arena.svg
Pleistoceno,Calcretes,MESOZOICO_BASALTO,#FF6347,/opt/geoserver/data_dir/styles/icons/fgdc/basalto.svg
Pleistoceno,Calizas,PALEO_GRANITO,#FFD700,/opt/geoserver/data_dir/styles/icons/fgdc/granito.svg
Pleistoceno,Areniscas y conglomerados,CENOZOICO_ARENA,#00FF00,/opt/geoserver/data_dir/styles/icons/fgdc/arena.svg
Pleistoceno,Arenas y limos,MESOZOICO_BASALTO,#FF6347,/opt/geoserver/data_dir/styles/icons/fgdc/basalto.svg
Pleistoceno,Filitas,PALEO_GRANITO,#FFD700,/opt/geoserver/data_dir/styles/icons/fgdc/granito.svg
Pleistoceno,Basaltos,CENOZOICO_ARENA,#00FF00,/opt/geoserver/data_dir/styles/icons/fgdc/arena.svg
Pleistoceno,Andesitas,MESOZOICO_BASALTO,#FF6347,/opt/geoserver/data_dir/styles/icons/fgdc/basalto.svg
Pleistoceno,Gneises y metatexitas,PALEO_GRANITO,#FFD700,/opt/geoserver/data_dir/styles/icons/fgdc/granito.svg
Pleistoceno,Arcosas y calcretes,CENOZOICO_ARENA,#00FF00,/opt/geoserver/data_dir/styles/icons/fgdc/arena.svg
Pleistoceno,"Monzogranitos, tonalitas",MESOZOICO_BASALTO,#FF6347,/opt/geoserver/data_dir/styles/icons/fgdc/basalto.svg
Pleistoceno,Gabros,PALEO_GRANITO,#FFD700,/opt/geoserver/data_dir/styles/icons/fgdc/granito.svg
Pleistoceno,Milonitas y protomilonitas,CENOZOICO_ARENA,#00FF00,/opt/geoserver/data_dir/styles/icons/fgdc/arena.svg
Pleistoceno,,MESOZOICO_BASALTO,#FF6347,/opt/geoserver/data_dir/styles/icons/fgdc/basalto.svg
Pleistoceno,Monzogranitos,PALEO_GRANITO,#FFD700,/opt/geoserver/data_dir/styles/icons/fgdc/granito.svg
Pleistoceno,"Arenas, limos y arcillas",CENOZOICO_ARENA,#00FF00,/opt/geoserver/data_dir/styles/icons/fgdc/arena.svg
Pleistoceno,Arenas y arcillas con elevado contenido de matería orgánica,MESOZOICO_BASALTO,#FF6347,/opt/geoserver/data_dir/styles/icons/fgdc/basalto.svg
Pleistoceno,Arcillas y limos con elevado contenido de materia orgánica,PALEO_GRANITO,#FFD700,/opt/geoserver/data_dir/styles/icons/fgdc/granito.svg
Pleistoceno,Limos arenosos a arcillosos,CENOZOICO_ARENA,#00FF00,/opt/geoserver/data_dir/styles/icons/fgdc/arena.svg
Pleistoceno,Limos y calcretes,MESOZOICO_BASALTO,#FF6347,/opt/geoserver/data_dir/styles/icons/fgdc/basalto.svg
Pleistoceno,"Limos, arenas y arcillas",PALEO_GRANITO,#FFD700,/opt/geoserver/data_dir/styles/icons/fgdc/granito.svg
Pleistoceno,Milonitas,CENOZOICO_ARENA,#00FF00,/opt/geoserver/data_dir/styles/icons/fgdc/arena.svg
Pleistoceno,Basaltos y andesitas,MESOZOICO_BASALTO,#FF6347,/opt/geoserver/data_dir/styles/icons/fgdc/basalto.svg
Pleistoceno,Limos,PALEO_GRANITO,#FFD700,/opt/geoserver/data_dir/styles/icons/fgdc/granito.svg
Pleistoceno,Limos y arenas,CENOZOICO_ARENA,#00FF00,/opt/geoserver/data_dir/styles/icons/fgdc/arena.svg
Pleistoceno,"Areniscas, cuarcitas, calizas, dolomías, pelitas",MESOZOICO_BASALTO,#FF6347,/opt/geoserver/data_dir/styles/icons/fgdc/basalto.svg
Pleistoceno,"Limos, arcillas, evaporitas",PALEO_GRANITO,#FFD700,/opt/geoserver/data_dir/styles/icons/fgdc/granito.svg
Pleistoceno,"Granitos, granodioritas, esquistos, gneises, migmatitas",CENOZOICO_ARENA,#00FF00,/opt/geoserver/data_dir/styles/icons/fgdc/arena.svg
Pleistoceno,Basaltos a andesitas basálticas,MESOZOICO_BASALTO,#FF6347,/opt/geoserver/data_dir/styles/icons/fgdc/basalto.svg
Pleistoceno,Limos arcillosos,PALEO_GRANITO,#FFD700,/opt/geoserver/data_dir/styles/icons/fgdc/granito.svg
Pleistoceno,"Limos, arenas, gravas",CENOZOICO_ARENA,#00FF00,/opt/geoserver/data_dir/styles/icons/fgdc/arena.svg
Pleistoceno,"Granitos, granodioritas, monzogranitos, tonalitas, leucogranitos",MESOZOICO_BASALTO,#FF6347,/opt/geoserver/data_dir/styles/icons/fgdc/basalto.svg
Pleistoceno,"Areniscas, areniscas conglomerádicas, conglomerados, brechas, fangolitas, limolitas y lutitas rojizas con intercalación de volcanitas alcalinas, areniscas calcáreas, pelitas, grauvacas y calizas con niveles estromatolíticos y oolíticos",PALEO_GRANITO,#FFD700,/opt/geoserver/data_dir/styles/icons/fgdc/granito.svg
Pleistoceno,"Secuencias turbidíticas integradas por areniscas cuarcíferas, areniscas, grauvacas, pelitas, limolitas y lutitas y, subordinadamente, calizas",CENOZOICO_ARENA,#00FF00,/opt/geoserver/data_dir/styles/icons/fgdc/arena.svg
Pleistoceno,"Dacitas, andesitas, basaltos; conos piroclásticos y depósitos de avalancha volcánica",MESOZOICO_BASALTO,#FF6347,/opt/geoserver/data_dir/styles/icons/fgdc/basalto.svg
Pleistoceno,"Conglomerados, areniscas, limolitas, arcillolitas comunmente con niveles salinos y yesíferos",PALEO_GRANITO,#FFD700,/opt/geoserver/data_dir/styles/icons/fgdc/granito.svg
Pleistoceno,"Tobas, ignimbritas dacíticas-riodacíticas, flujos piroclásticos dacíticos a riodacíticos, depósitos de caída",CENOZOICO_ARENA,#00FF00,/opt/geoserver/data_dir/styles/icons/fgdc/arena.svg
Pleistoceno,"Riolitas, dacitas, traquiandesitas, diabasas, andesitas basálticas, lavas basálticas almohadilladas, ignimbritas y tobas",MESOZOICO_BASALTO,#FF6347,/opt/geoserver/data_dir/styles/icons/fgdc/basalto.svg
Pleistoceno,"Cuarcitas, areniscas",PALEO_GRANITO,#FFD700,/opt/geoserver/data_dir/styles/icons/fgdc/granito.svg
Pleistoceno,"Ignimbritas dacíticas, flujos piroclásticos",CENOZOICO_ARENA,#00FF00,/opt/geoserver/data_dir/styles/icons/fgdc/arena.svg
Pleistoceno,"Esquistos cuarzo-feldespáticos-biotíticos-moscovíticos, anfibolitas, gneises, ortogneises, migmatitas, metagranitos",MESOZOICO_BASALTO,#FF6347,/opt/geoserver/data_dir/styles/icons/fgdc/basalto.svg
Pleistoceno,Gneises y esquistos,PALEO_GRANITO,#FFD700,/opt/geoserver/data_dir/styles/icons/fgdc/granito.svg
Pleistoceno,"Areniscas, areniscas conglomerádicas, diamictitas",CENOZOICO_ARENA,#00FF00,/opt/geoserver/data_dir/styles/icons/fgdc/arena.svg
Pleistoceno,"Depósitos detríticos de gravas, arenas, limos",MESOZOICO_BASALTO,#FF6347,/opt/geoserver/data_dir/styles/icons/fgdc/basalto.svg
Pleistoceno,"Conglomerados, areniscas y limoarcilitas",PALEO_GRANITO,#FFD700,/opt/geoserver/data_dir/styles/icons/fgdc/granito.svg
Pleistoceno,"Cuarcitas, pelitas, areniscas, calizas, grauvacas; con intercalaciones de riolitas, dacitas, traquiandesitas, diabasas, andesitas basálticas, lavas basálticas almohadilladas, ignimbritas y tobas",CENOZOICO_ARENA,#00FF00,/opt/geoserver/data_dir/styles/icons/fgdc/arena.svg
Pleistoceno,"Limolitas, diamictitas, grauvacas, lutitas",MESOZOICO_BASALTO,#FF6347,/opt/geoserver/data_dir/styles/icons/fgdc/basalto.svg
Pleistoceno,Adakitas,PALEO_GRANITO,#FFD700,/opt/geoserver/data_dir/styles/icons/fgdc/granito.svg
Pleistoceno,"Esquistos, gneises, pizarras y filitas",CENOZOICO_ARENA,#00FF00,/opt/geoserver/data_dir/styles/icons/fgdc/arena.svg
Pleistoceno,"Gneises, ortogneises, migmatitas, anfibolitas y esquistos",MESOZOICO_BASALTO,#FF6347,/opt/geoserver/data_dir/styles/icons/fgdc/basalto.svg
Pleistoceno,"Areniscas, limolitas y arcilitas",PALEO_GRANITO,#FFD700,/opt/geoserver/data_dir/styles/icons/fgdc/granito.svg
Pleistoceno,"Areniscas, pelitas, filitas y esquistos",CENOZOICO_ARENA,#00FF00,/opt/geoserver/data_dir/styles/icons/fgdc/arena.svg
Pleistoceno,"Areniscas medianas a gruesas, coquinas, pelitas, calizas",MESOZOICO_BASALTO,#FF6347,/opt/geoserver/data_dir/styles/icons/fgdc/basalto.svg
Pleistoceno,"Areniscas finas a medianas, coquinas, pelitas, carbón",PALEO_GRANITO,#FFD700,/opt/geoserver/data_dir/styles/icons/fgdc/granito.svg
Pleistoceno,"Areniscas, conglomerados,pelitas, carbón",CENOZOICO_ARENA,#00FF00,/opt/geoserver/data_dir/styles/icons/fgdc/arena.svg
Pleistoceno,"Andesitas, basaltos, tobas",MESOZOICO_BASALTO,#FF6347,/opt/geoserver/data_dir/styles/icons/fgdc/basalto.svg
Pleistoceno,"Basaltos, basanitas, teschenitas, gabros.",PALEO_GRANITO,#FFD700,/opt/geoserver/data_dir/styles/icons/fgdc/granito.svg
Pleistoceno,"Ignimbritas y tobas ácidas, riolitas, pelitas y tufitas",CENOZOICO_ARENA,#00FF00,/opt/geoserver/data_dir/styles/icons/fgdc/arena.svg
Pleistoceno,Gabros y diques basálticos,MESOZOICO_BASALTO,#FF6347,/opt/geoserver/data_dir/styles/icons/fgdc/basalto.svg
Pleistoceno,"Tobas, tufitas, pelitas, areniscas gruesas a conglomerados",PALEO_GRANITO,#FFD700,/opt/geoserver/data_dir/styles/icons/fgdc/granito.svg
Pleistoceno,"Tobas, cineritas, tufitas, areniscas medias a gruesas, conglomerados",CENOZOICO_ARENA,#00FF00,/opt/geoserver/data_dir/styles/icons/fgdc/arena.svg
Pleistoceno,"Areniscas, arcilitas y limolitas, conglomerados",MESOZOICO_BASALTO,#FF6347,/opt/geoserver/data_dir/styles/icons/fgdc/basalto.svg
Pleistoceno,"Areniscas finas a medias, pelitas, calizas, coquinas",PALEO_GRANITO,#FFD700,/opt/geoserver/data_dir/styles/icons/fgdc/granito.svg
Pleistoceno,"Gneises, anfibolitas y granitos",CENOZOICO_ARENA,#00FF00,/opt/geoserver/data_dir/styles/icons/fgdc/arena.svg
Pleistoceno,"Granitos, granodioritas, dioritas, tonalitas.",MESOZOICO_BASALTO,#FF6347,/opt/geoserver/data_dir/styles/icons/fgdc/basalto.svg
Pleistoceno,"Gravas finas a medianas, arenas gruesas",PALEO_GRANITO,#FFD700,/opt/geoserver/data_dir/styles/icons/fgdc/granito.svg
Pleistoceno,Basaltos olivínicos,CENOZOICO_ARENA,#00FF00,/opt/geoserver/data_dir/styles/icons/fgdc/arena.svg
Pleistoceno,"Esquistos, filitas, ortocuarcitas, migmatitas y granitoides",MESOZOICO_BASALTO,#FF6347,/opt/geoserver/data_dir/styles/icons/fgdc/basalto.svg
Pleistoceno,Arenas medianas a gruesas y gravas finas,PALEO_GRANITO,#FFD700,/opt/geoserver/data_dir/styles/icons/fgdc/granito.svg
Pleistoceno,"Till, gravas, arenas y pelitas",CENOZOICO_ARENA,#00FF00,/opt/geoserver/data_dir/styles/icons/fgdc/arena.svg
Pleistoceno,"Areniscas, conglomerados y pelitas.",MESOZOICO_BASALTO,#FF6347,/opt/geoserver/data_dir/styles/icons/fgdc/basalto.svg
Pleistoceno,Metavolcanitas ácidas a mesosilícicas,PALEO_GRANITO,#FFD700,/opt/geoserver/data_dir/styles/icons/fgdc/granito.svg
Pleistoceno,Arenas y gravas,CENOZOICO_ARENA,#00FF00,/opt/geoserver/data_dir/styles/icons/fgdc/arena.svg
Pleistoceno,Rocas ultramáficas,MESOZOICO_BASALTO,#FF6347,/opt/geoserver/data_dir/styles/icons/fgdc/basalto.svg
Pleistoceno,"Arenas, gravas y pelitas",PALEO_GRANITO,#FFD700,/opt/geoserver/data_dir/styles/icons/fgdc/granito.svg
Pleistoceno,Limos y arcillas,CENOZOICO_ARENA,#00FF00,/opt/geoserver/data_dir/styles/icons/fgdc/arena.svg
Pleistoceno,"Arenas finas a medianas, rodados",MESOZOICO_BASALTO,#FF6347,/opt/geoserver/data_dir/styles/icons/fgdc/basalto.svg
Pleistoceno,Bloques,PALEO_GRANITO,#FFD700,/opt/geoserver/data_dir/styles/icons/fgdc/granito.svg
Pleistoceno,"Ortocuarcitas, cuarcitas y conglomerados, pelitas",CENOZOICO_ARENA,#00FF00,/opt/geoserver/data_dir/styles/icons/fgdc/arena.svg
Pleistoceno,"Basaltos alcalinos, basanitas, nefelinitas",MESOZOICO_BASALTO,#FF6347,/opt/geoserver/data_dir/styles/icons/fgdc/basalto.svg
Pleistoceno,"Riolitas y andesitas, tobas, ignimbritas y tufitas",PALEO_GRANITO,#FFD700,/opt/geoserver/data_dir/styles/icons/fgdc/granito.svg
Pleistoceno,"Tobas, areniscas, pelitas, tufitas, calizas, lavas e ignimbritas riolíticas y andesíticas",CENOZOICO_ARENA,#00FF00,/opt/geoserver/data_dir/styles/icons/fgdc/arena.svg
Pleistoceno,"Gravas medianas a gruesas, arenas gruesas",MESOZOICO_BASALTO,#FF6347,/opt/geoserver/data_dir/styles/icons/fgdc/basalto.svg
Pleistoceno,"Arenas, gravas, limos",PALEO_GRANITO,#FFD700,/opt/geoserver/data_dir/styles/icons/fgdc/granito.svg
Pleistoceno,"Gravas, arenas",CENOZOICO_ARENA,#00FF00,/opt/geoserver/data_dir/styles/icons/fgdc/arena.svg
Pleistoceno,"Conglomerados, areniscas, calizas, pelitas",MESOZOICO_BASALTO,#FF6347,/opt/geoserver/data_dir/styles/icons/fgdc/basalto.svg
Pleistoceno,"Limolitas, areniscas, conglomerados, olistolitos",PALEO_GRANITO,#FFD700,/opt/geoserver/data_dir/styles/icons/fgdc/granito.svg
Pleistoceno,"Granitos, granodioritas, tonalitas y diques riolíticos",CENOZOICO_ARENA,#00FF00,/opt/geoserver/data_dir/styles/icons/fgdc/arena.svg
Pleistoceno,"Areniscas, limolitas y conglomerados",MESOZOICO_BASALTO,#FF6347,/opt/geoserver/data_dir/styles/icons/fgdc/basalto.svg
Pleistoceno,"Areniscas, conglomerados, tufitas y tobas",PALEO_GRANITO,#FFD700,/opt/geoserver/data_dir/styles/icons/fgdc/granito.svg
Pleistoceno,"Limos, arcillas, arenas",CENOZOICO_ARENA,#00FF00,/opt/geoserver/data_dir/styles/icons/fgdc/arena.svg
Pleistoceno,"Andesitas, riolitas, basaltos, tobas, brechas, conglomerados, areniscas",MESOZOICO_BASALTO,#FF6347,/opt/geoserver/data_dir/styles/icons/fgdc/basalto.svg
Pleistoceno,"Tobas, tufitas, ignimbritas, areniscas y conglomerados",PALEO_GRANITO,#FFD700,/opt/geoserver/data_dir/styles/icons/fgdc/granito.svg
Pleistoceno,"Traquitas y tobas traquíticas, brechas y aglomerados.",CENOZOICO_ARENA,#00FF00,/opt/geoserver/data_dir/styles/icons/fgdc/arena.svg
Pleistoceno,"Till, gravas, arenas, arcillas",MESOZOICO_BASALTO,#FF6347,/opt/geoserver/data_dir/styles/icons/fgdc/basalto.svg
Pleistoceno,"Areniscas, pelitas, conglomerados, calizas",PALEO_GRANITO,#FFD700,/opt/geoserver/data_dir/styles/icons/fgdc/granito.svg
Pleistoceno,"Areniscas, pelitas, calizas, evaporitas",CENOZOICO_ARENA,#00FF00,/opt/geoserver/data_dir/styles/icons/fgdc/arena.svg
Pleistoceno,"Riolitas, dacitas, andesitas, ignimbritas, tobas, brechas, conglomerados",MESOZOICO_BASALTO,#FF6347,/opt/geoserver/data_dir/styles/icons/fgdc/basalto.svg
Pleistoceno,"Andesitas, ignimbritas",PALEO_GRANITO,#FFD700,/opt/geoserver/data_dir/styles/icons/fgdc/granito.svg
Pleistoceno,Metamorfitas y plutonitas metamorfizadas,CENOZOICO_ARENA,#00FF00,/opt/geoserver/data_dir/styles/icons/fgdc/arena.svg
Pleistoceno,"Metarenitas, filitas, mármoles, areniscas y pelitas",MESOZOICO_BASALTO,#FF6347,/opt/geoserver/data_dir/styles/icons/fgdc/basalto.svg
Pleistoceno,"Conglomerados, areniscas, pelitas, tufitas, tobas, yeso",PALEO_GRANITO,#FFD700,/opt/geoserver/data_dir/styles/icons/fgdc/granito.svg
Pleistoceno,"Brechas y areniscas volcánicas, tobas, tufitas, andesitas",CENOZOICO_ARENA,#00FF00,/opt/geoserver/data_dir/styles/icons/fgdc/arena.svg
Pleistoceno,"Calizas, margas, dolomias, fangolitas calcáreas",MESOZOICO_BASALTO,#FF6347,/opt/geoserver/data_dir/styles/icons/fgdc/basalto.svg
Pleistoceno,"Granitos, granodioritas",PALEO_GRANITO,#FFD700,/opt/geoserver/data_dir/styles/icons/fgdc/granito.svg
Pleistoceno,"Andesitas, dacitas, ignimbritas, tobas, pórfiros andesíticos y dacíticos",CENOZOICO_ARENA,#00FF00,/opt/geoserver/data_dir/styles/icons/fgdc/arena.svg
Pleistoceno,"Areniscas, arcilitas, calizas silicificadas",MESOZOICO_BASALTO,#FF6347,/opt/geoserver/data_dir/styles/icons/fgdc/basalto.svg
Pleistoceno,Areniscas y lutitas,PALEO_GRANITO,#FFD700,/opt/geoserver/data_dir/styles/icons/fgdc/granito.svg
Pleistoceno,Granitos muscovítico biotítico parcialmente pegmatíticos,CENOZOICO_ARENA,#00FF00,/opt/geoserver/data_dir/styles/icons/fgdc/arena.svg
Pleistoceno,"Limolitas con cemento carbonático, arenas, limos",MESOZOICO_BASALTO,#FF6347,/opt/geoserver/data_dir/styles/icons/fgdc/basalto.svg
Pleistoceno,"Andesitas, ignimbritas, tobas",PALEO_GRANITO,#FFD700,/opt/geoserver/data_dir/styles/icons/fgdc/granito.svg
Pleistoceno,"Basaltos, andesitas, tobas, tufitas",CENOZOICO_ARENA,#00FF00,/opt/geoserver/data_dir/styles/icons/fgdc/arena.svg
Pleistoceno,"Conglomerados, areniscas",MESOZOICO_BASALTO,#FF6347,/opt/geoserver/data_dir/styles/icons/fgdc/basalto.svg
Pleistoceno,"Esquistos, cuarcitas, gneises",PALEO_GRANITO,#FFD700,/opt/geoserver/data_dir/styles/icons/fgdc/granito.svg
Pleistoceno,Mármoles,CENOZOICO_ARENA,#00FF00,/opt/geoserver/data_dir/styles/icons/fgdc/arena.svg
Pleistoceno,"Ignimbritas dacíticas y riolíticas, brechas volcánicas y volcanoclásticas",MESOZOICO_BASALTO,#FF6347,/opt/geoserver/data_dir/styles/icons/fgdc/basalto.svg
Pleistoceno,"Lavas dacíticas, andesíticas y basálticas, brechas autoclásticas de composición andesítica y depósitos de bloques y ceniza (block and ash) asociados a estrato volcanes",PALEO_GRANITO,#FFD700,/opt/geoserver/data_dir/styles/icons/fgdc/granito.svg
Pleistoceno,"Areniscas, conglomerados, limolitas, arcilitas",CENOZOICO_ARENA,#00FF00,/opt/geoserver/data_dir/styles/icons/fgdc/arena.svg
Pleistoceno,"Anfibolitas, esquistos, gneises, calizas y pegmatitas",MESOZOICO_BASALTO,#FF6347,/opt/geoserver/data_dir/styles/icons/fgdc/basalto.svg
Pleistoceno,"Basaltos, andesitas, tobas",PALEO_GRANITO,#FFD700,/opt/geoserver/data_dir/styles/icons/fgdc/granito.svg
Pleistoceno,"Andesitas, riodacítas, piroclastitas, areniscas líticas",CENOZOICO_ARENA,#00FF00,/opt/geoserver/data_dir/styles/icons/fgdc/arena.svg
Pleistoceno,"Depósitos de evaporitas (cloruros, sulfatos y boratos), limos y arcillas, tufitas y travertinos",MESOZOICO_BASALTO,#FF6347,/opt/geoserver/data_dir/styles/icons/fgdc/basalto.svg
Pleistoceno,Cuerpos porfídicos hipabisales de composición diorítica a andesítica y dacítica,PALEO_GRANITO,#FFD700,/opt/geoserver/data_dir/styles/icons/fgdc/granito.svg
Pleistoceno,Margas arenosas y areniscas arcillosas,CENOZOICO_ARENA,#00FF00,/opt/geoserver/data_dir/styles/icons/fgdc/arena.svg
Pleistoceno,Traquiandesitas,MESOZOICO_BASALTO,#FF6347,/opt/geoserver/data_dir/styles/icons/fgdc/basalto.svg
Pleistoceno,"Areniscas, pelitas, conglomerados, calizas, evaporitas, tobas",PALEO_GRANITO,#FFD700,/opt/geoserver/data_dir/styles/icons/fgdc/granito.svg
Pleistoceno,"Limolitas, areniscas, arcilitas, calcretes",CENOZOICO_ARENA,#00FF00,/opt/geoserver/data_dir/styles/icons/fgdc/arena.svg
Pleistoceno,"Pelitas, areniscas, diamictitas, conglomerados",MESOZOICO_BASALTO,#FF6347,/opt/geoserver/data_dir/styles/icons/fgdc/basalto.svg
Pleistoceno,"Basaltos, tobas",PALEO_GRANITO,#FFD700,/opt/geoserver/data_dir/styles/icons/fgdc/granito.svg
Pleistoceno,"Granitos, granodioritas, tonalitas",CENOZOICO_ARENA,#00FF00,/opt/geoserver/data_dir/styles/icons/fgdc/arena.svg
Pleistoceno,"Limos, arcillas y evaporitas",MESOZOICO_BASALTO,#FF6347,/opt/geoserver/data_dir/styles/icons/fgdc/basalto.svg
Pleistoceno,"Granodioritas, dioritas, tonalitas",PALEO_GRANITO,#FFD700,/opt/geoserver/data_dir/styles/icons/fgdc/granito.svg
Pleistoceno,"Trondjhemitas, tonalitas",CENOZOICO_ARENA,#00FF00,/opt/geoserver/data_dir/styles/icons/fgdc/arena.svg
Pleistoceno,"Areniscas finas a gruesas, conglomerados, tobas, pelitas negras",MESOZOICO_BASALTO,#FF6347,/opt/geoserver/data_dir/styles/icons/fgdc/basalto.svg
Pleistoceno,"Areniscas gruesas y conglomerados, tobas y tufitas, coquinas",PALEO_GRANITO,#FFD700,/opt/geoserver/data_dir/styles/icons/fgdc/granito.svg
Pleistoceno,"Riolitas, basaltos y traquitas",CENOZOICO_ARENA,#00FF00,/opt/geoserver/data_dir/styles/icons/fgdc/arena.svg
Pleistoceno,"Lavas, brechas, ignimbritas y tobas de composición riolítica, dacítica y andesítica",MESOZOICO_BASALTO,#FF6347,/opt/geoserver/data_dir/styles/icons/fgdc/basalto.svg
Pleistoceno,"Leucogranitos de dos micas y monzogranitos biotíticos con tendencia porfídica, al que se asocian pórfidos graníticos y diques micrograníticos. También se reconocen lamprófiros, aplitas y diques graníticos. Sienitas y granitos riebeckíticos y diques",PALEO_GRANITO,#FFD700,/opt/geoserver/data_dir/styles/icons/fgdc/granito.svg
Pleistoceno,Granitoides,CENOZOICO_ARENA,#00FF00,/opt/geoserver/data_dir/styles/icons/fgdc/arena.svg
Pleistoceno,"Basaltos, andesitas, dacitas, tobas, brechas, pelitas",MESOZOICO_BASALTO,#FF6347,/opt/geoserver/data_dir/styles/icons/fgdc/basalto.svg
Pleistoceno,"Depósitos residuales limosos, ferricretes",PALEO_GRANITO,#FFD700,/opt/geoserver/data_dir/styles/icons/fgdc/granito.svg
Pleistoceno,"Granitos y granodioritas, tonalitas",CENOZOICO_ARENA,#00FF00,/opt/geoserver/data_dir/styles/icons/fgdc/arena.svg
Pleistoceno,"Ortocuarcitas, areniscas y pelitas",MESOZOICO_BASALTO,#FF6347,/opt/geoserver/data_dir/styles/icons/fgdc/basalto.svg
Pleistoceno,"Areniscas medianas a finas, conglomerados polimícticos, evaporitas, caliza y yeso; sedimentitas clásticas calcáreas con intercalaciones de dacitas y tobas",PALEO_GRANITO,#FFD700,/opt/geoserver/data_dir/styles/icons/fgdc/granito.svg
Pleistoceno,"Conglomerados, areniscas conglomerádicas, areniscas, pelitas y limolitas y calizas",CENOZOICO_ARENA,#00FF00,/opt/geoserver/data_dir/styles/icons/fgdc/arena.svg
Pleistoceno,"Gabros, granitos, granodioritas, dioritas, sienitas, monzonitas, monzodioritas, monzogranitos, tonalitas",MESOZOICO_BASALTO,#FF6347,/opt/geoserver/data_dir/styles/icons/fgdc/basalto.svg
Pleistoceno,"Areniscas, limolitas, duricostras",PALEO_GRANITO,#FFD700,/opt/geoserver/data_dir/styles/icons/fgdc/granito.svg
Pleistoceno,"Diamictitas, areniscas",CENOZOICO_ARENA,#00FF00,/opt/geoserver/data_dir/styles/icons/fgdc/arena.svg
Pleistoceno,Areniscas y limolitas,MESOZOICO_BASALTO,#FF6347,/opt/geoserver/data_dir/styles/icons/fgdc/basalto.svg
Pleistoceno,Riolitas,PALEO_GRANITO,#FFD700,/opt/geoserver/data_dir/styles/icons/fgdc/granito.svg
Pleistoceno,"Areniscas, cuarcitas",CENOZOICO_ARENA,#00FF00,/opt/geoserver/data_dir/styles/icons/fgdc/arena.svg
Pleistoceno,"Pelitas y areniscas, fosilíferas",MESOZOICO_BASALTO,#FF6347,/opt/geoserver/data_dir/styles/icons/fgdc/basalto.svg
Pleistoceno,"Lutitas, areniscas, conglomerados, tobas",PALEO_GRANITO,#FFD700,/opt/geoserver/data_dir/styles/icons/fgdc/granito.svg
Pleistoceno,"Granitos, granodioritas, microgranitos",CENOZOICO_ARENA,#00FF00,/opt/geoserver/data_dir/styles/icons/fgdc/arena.svg
Pleistoceno,"Filitas, esquistos, cuarcitas",MESOZOICO_BASALTO,#FF6347,/opt/geoserver/data_dir/styles/icons/fgdc/basalto.svg
Pleistoceno,"Conglomerados, areniscas, tobas, andesitas, brechas ignimbríticas",PALEO_GRANITO,#FFD700,/opt/geoserver/data_dir/styles/icons/fgdc/granito.svg
Pleistoceno,"Areniscas, pelitas, conglomerados, calizas, evaporitas",CENOZOICO_ARENA,#00FF00,/opt/geoserver/data_dir/styles/icons/fgdc/arena.svg
Pleistoceno,"Esquistos, gneises, milonitas, anfibolitas y mármoles",MESOZOICO_BASALTO,#FF6347,/opt/geoserver/data_dir/styles/icons/fgdc/basalto.svg
Pleistoceno,"Esquistos, gneises, mármoles, metadiabasas",PALEO_GRANITO,#FFD700,/opt/geoserver/data_dir/styles/icons/fgdc/granito.svg
Pleistoceno,"Andesitas, basandesitas, aglomerados, areniscas, tobas",CENOZOICO_ARENA,#00FF00,/opt/geoserver/data_dir/styles/icons/fgdc/arena.svg
Pleistoceno,"Granitos, aplitas, pegmatitas",MESOZOICO_BASALTO,#FF6347,/opt/geoserver/data_dir/styles/icons/fgdc/basalto.svg
Pleistoceno,"Basaltos y diabasas (estructura almohadillada). Diques y filones diabásicos, gabros y dioritas",PALEO_GRANITO,#FFD700,/opt/geoserver/data_dir/styles/icons/fgdc/granito.svg
Pleistoceno,"Limos, arcillas, sales",CENOZOICO_ARENA,#00FF00,/opt/geoserver/data_dir/styles/icons/fgdc/arena.svg
Pleistoceno,"Areniscas finas a gruesas, conglomerados, pelitas, coquinas.",MESOZOICO_BASALTO,#FF6347,/opt/geoserver/data_dir/styles/icons/fgdc/basalto.svg
Pleistoceno,"Areniscas medias a gruesas, arcilitas, tobas y tufitas",PALEO_GRANITO,#FFD700,/opt/geoserver/data_dir/styles/icons/fgdc/granito.svg
Pleistoceno,"Areniscas feldespáticas, limolitas, lutitas, arcosas",CENOZOICO_ARENA,#00FF00,/opt/geoserver/data_dir/styles/icons/fgdc/arena.svg
Pleistoceno,"Granitos, granodiorítas, pórfidos",MESOZOICO_BASALTO,#FF6347,/opt/geoserver/data_dir/styles/icons/fgdc/basalto.svg
Pleistoceno,"Granodioritas, tonalitas, granitos",PALEO_GRANITO,#FFD700,/opt/geoserver/data_dir/styles/icons/fgdc/granito.svg
Pleistoceno,"Tobas, chonitas, areniscas finas a medias, arcilitas",CENOZOICO_ARENA,#00FF00,/opt/geoserver/data_dir/styles/icons/fgdc/arena.svg
Pleistoceno,"Granófiros, pórfiros riolíticos",MESOZOICO_BASALTO,#FF6347,/opt/geoserver/data_dir/styles/icons/fgdc/basalto.svg
Pleistoceno,"Basaltos olivínicos, basanitas",PALEO_GRANITO,#FFD700,/opt/geoserver/data_dir/styles/icons/fgdc/granito.svg
Pleistoceno,"Tobas, cineritas, arcilitas, bentonitas",CENOZOICO_ARENA,#00FF00,/opt/geoserver/data_dir/styles/icons/fgdc/arena.svg
Pleistoceno,"Dacitas, riolitas, andesitas, basaltos, tobas e ignimbritas",MESOZOICO_BASALTO,#FF6347,/opt/geoserver/data_dir/styles/icons/fgdc/basalto.svg
Pleistoceno,"Tobas, tufitas, conglomerados, calizas y basaltos",PALEO_GRANITO,#FFD700,/opt/geoserver/data_dir/styles/icons/fgdc/granito.svg
Pleistoceno,"Conglomerados, areniscas, arcilitas y calizas",CENOZOICO_ARENA,#00FF00,/opt/geoserver/data_dir/styles/icons/fgdc/arena.svg
Pleistoceno,"Riolitas y andesitas, ignimbritas y tobas ácidas",MESOZOICO_BASALTO,#FF6347,/opt/geoserver/data_dir/styles/icons/fgdc/basalto.svg
Pleistoceno,"Basaltos, andesitas, tobas, ignimbritas y aglomerados volcánicos",PALEO_GRANITO,#FFD700,/opt/geoserver/data_dir/styles/icons/fgdc/granito.svg
Pleistoceno,"Areniscas, pelitas, coquinas, tufitas, tobas",CENOZOICO_ARENA,#00FF00,/opt/geoserver/data_dir/styles/icons/fgdc/arena.svg
Pleistoceno,"Basaltos olivínicos, pórfiros basálticos",MESOZOICO_BASALTO,#FF6347,/opt/geoserver/data_dir/styles/icons/fgdc/basalto.svg
Pleistoceno,"Areniscas, pelitas, conglomerados, tobas.",PALEO_GRANITO,#FFD700,/opt/geoserver/data_dir/styles/icons/fgdc/granito.svg
Pleistoceno,"Granitos y granodioritas, pórfiros",CENOZOICO_ARENA,#00FF00,/opt/geoserver/data_dir/styles/icons/fgdc/arena.svg
Pleistoceno,"Riolitas e ignimbritas, dacitas y tobas",MESOZOICO_BASALTO,#FF6347,/opt/geoserver/data_dir/styles/icons/fgdc/basalto.svg
Pleistoceno,Basaltos y adakitas,PALEO_GRANITO,#FFD700,/opt/geoserver/data_dir/styles/icons/fgdc/granito.svg
Pleistoceno,Arenas finas a medianas,CENOZOICO_ARENA,#00FF00,/opt/geoserver/data_dir/styles/icons/fgdc/arena.svg
Devónico,Areniscas,MESOZOICO_BASALTO,#FF6347,/opt/geoserver/data_dir/styles/icons/fgdc/basalto.svg
Devónico,Diamictitas,PALEO_GRANITO,#FFD700,/opt/geoserver/data_dir/styles/icons/fgdc/granito.svg
Devónico,"Areniscas, pelitas y conglomerados",CENOZOICO_ARENA,#00FF00,/opt/geoserver/data_dir/styles/icons/fgdc/arena.svg
Devónico,"Arenas, gravas y limos",MESOZOICO_BASALTO,#FF6347,/opt/geoserver/data_dir/styles/icons/fgdc/basalto.svg
Devónico,Granitos,PALEO_GRANITO,#FFD700,/opt/geoserver/data_dir/styles/icons/fgdc/granito.svg
Devónico,"Limos, arenas",CENOZOICO_ARENA,#00FF00,/opt/geoserver/data_dir/styles/icons/fgdc/arena.svg
Devónico,"Areniscas, conglomerados, pelitas",MESOZOICO_BASALTO,#FF6347,/opt/geoserver/data_dir/styles/icons/fgdc/basalto.svg
Devónico,"Conglomerados, areniscas conglomerádicas, areniscas, pelitas y limolitas",PALEO_GRANITO,#FFD700,/opt/geoserver/data_dir/styles/icons/fgdc/granito.svg
Devónico,"Gabros, dioritas, ortoanfibolitas, serpentinitas",CENOZOICO_ARENA,#00FF00,/opt/geoserver/data_dir/styles/icons/fgdc/arena.svg
Devónico,Fajas miloníticas. Milonitas y protomilonitas,MESOZOICO_BASALTO,#FF6347,/opt/geoserver/data_dir/styles/icons/fgdc/basalto.svg
Devónico,Loess,PALEO_GRANITO,#FFD700,/opt/geoserver/data_dir/styles/icons/fgdc/granito.svg
Devónico,Sedimentos salinos,CENOZOICO_ARENA,#00FF00,/opt/geoserver/data_dir/styles/icons/fgdc/arena.svg
Devónico,Fanglomerados y conglomerados,MESOZOICO_BASALTO,#FF6347,/opt/geoserver/data_dir/styles/icons/fgdc/basalto.svg
Devónico,Arenas,PALEO_GRANITO,#FFD700,/opt/geoserver/data_dir/styles/icons/fgdc/granito.svg
Devónico,Gravas y arenas,CENOZOICO_ARENA,#00FF00,/opt/geoserver/data_dir/styles/icons/fgdc/arena.svg
Devónico,Riodacitas,MESOZOICO_BASALTO,#FF6347,/opt/geoserver/data_dir/styles/icons/fgdc/basalto.svg
Devónico,"Granodioritas, tonalitas",PALEO_GRANITO,#FFD700,/opt/geoserver/data_dir/styles/icons/fgdc/granito.svg
Devónico,"Granitoides peraluminosos, sienogranitos y monzogranitos pórfidicos, granodioritas",CENOZOICO_ARENA,#00FF00,/opt/geoserver/data_dir/styles/icons/fgdc/arena.svg
Devónico,"Areniscas, conglomerados y arcilitas",MESOZOICO_BASALTO,#FF6347,/opt/geoserver/data_dir/styles/icons/fgdc/basalto.svg
Devónico,Calcretes,PALEO_GRANITO,#FFD700,/opt/geoserver/data_dir/styles/icons/fgdc/granito.svg
Devónico,Calizas,CENOZOICO_ARENA,#00FF00,/opt/geoserver/data_dir/styles/icons/fgdc/arena.svg
Devónico,Areniscas y conglomerados,MESOZOICO_BASALTO,#FF6347,/opt/geoserver/data_dir/styles/icons/fgdc/basalto.svg
Devónico,Arenas y limos,PALEO_GRANITO,#FFD700,/opt/geoserver/data_dir/styles/icons/fgdc/granito.svg
Devónico,Filitas,CENOZOICO_ARENA,#00FF00,/opt/geoserver/data_dir/styles/icons/fgdc/arena.svg
Devónico,Basaltos,MESOZOICO_BASALTO,#FF6347,/opt/geoserver/data_dir/styles/icons/fgdc/basalto.svg
Devónico,Andesitas,PALEO_GRANITO,#FFD700,/opt/geoserver/data_dir/styles/icons/fgdc/granito.svg
Devónico,Gneises y metatexitas,CENOZOICO_ARENA,#00FF00,/opt/geoserver/data_dir/styles/icons/fgdc/arena.svg
Devónico,Arcosas y calcretes,MESOZOICO_BASALTO,#FF6347,/opt/geoserver/data_dir/styles/icons/fgdc/basalto.svg
Devónico,"Monzogranitos, tonalitas",PALEO_GRANITO,#FFD700,/opt/geoserver/data_dir/styles/icons/fgdc/granito.svg
Devónico,Gabros,CENOZOICO_ARENA,#00FF00,/opt/geoserver/data_dir/styles/icons/fgdc/arena.svg
Devónico,Milonitas y protomilonitas,MESOZOICO_BASALTO,#FF6347,/opt/geoserver/data_dir/styles/icons/fgdc/basalto.svg
Devónico,,PALEO_GRANITO,#FFD700,/opt/geoserver/data_dir/styles/icons/fgdc/granito.svg
Devónico,Monzogranitos,CENOZOICO_ARENA,#00FF00,/opt/geoserver/data_dir/styles/icons/fgdc/arena.svg
Devónico,"Arenas, limos y arcillas",MESOZOICO_BASALTO,#FF6347,/opt/geoserver/data_dir/styles/icons/fgdc/basalto.svg
Devónico,Arenas y arcillas con elevado contenido de matería orgánica,PALEO_GRANITO,#FFD700,/opt/geoserver/data_dir/styles/icons/fgdc/granito.svg
Devónico,Arcillas y limos con elevado contenido de materia orgánica,CENOZOICO_ARENA,#00FF00,/opt/geoserver/data_dir/styles/icons/fgdc/arena.svg
Devónico,Limos arenosos a arcillosos,MESOZOICO_BASALTO,#FF6347,/opt/geoserver/data_dir/styles/icons/fgdc/basalto.svg
Devónico,Limos y calcretes,PALEO_GRANITO,#FFD700,/opt/geoserver/data_dir/styles/icons/fgdc/granito.svg
Devónico,"Limos, arenas y arcillas",CENOZOICO_ARENA,#00FF00,/opt/geoserver/data_dir/styles/icons/fgdc/arena.svg
Devónico,Milonitas,MESOZOICO_BASALTO,#FF6347,/opt/geoserver/data_dir/styles/icons/fgdc/basalto.svg
Devónico,Basaltos y andesitas,PALEO_GRANITO,#FFD700,/opt/geoserver/data_dir/styles/icons/fgdc/granito.svg
Devónico,Limos,CENOZOICO_ARENA,#00FF00,/opt/geoserver/data_dir/styles/icons/fgdc/arena.svg
Devónico,Limos y arenas,MESOZOICO_BASALTO,#FF6347,/opt/geoserver/data_dir/styles/icons/fgdc/basalto.svg
Devónico,"Areniscas, cuarcitas, calizas, dolomías, pelitas",PALEO_GRANITO,#FFD700,/opt/geoserver/data_dir/styles/icons/fgdc/granito.svg
Devónico,"Limos, arcillas, evaporitas",CENOZOICO_ARENA,#00FF00,/opt/geoserver/data_dir/styles/icons/fgdc/arena.svg
Devónico,"Granitos, granodioritas, esquistos, gneises, migmatitas",MESOZOICO_BASALTO,#FF6347,/opt/geoserver/data_dir/styles/icons/fgdc/basalto.svg
Devónico,Basaltos a andesitas basálticas,PALEO_GRANITO,#FFD700,/opt/geoserver/data_dir/styles/icons/fgdc/granito.svg
Devónico,Limos arcillosos,CENOZOICO_ARENA,#00FF00,/opt/geoserver/data_dir/styles/icons/fgdc/arena.svg
Devónico,"Limos, arenas, gravas",MESOZOICO_BASALTO,#FF6347,/opt/geoserver/data_dir/styles/icons/fgdc/basalto.svg
Devónico,"Granitos, granodioritas, monzogranitos, tonalitas, leucogranitos",PALEO_GRANITO,#FFD700,/opt/geoserver/data_dir/styles/icons/fgdc/granito.svg
Devónico,"Areniscas, areniscas conglomerádicas, conglomerados, brechas, fangolitas, limolitas y lutitas rojizas con intercalación de volcanitas alcalinas, areniscas calcáreas, pelitas, grauvacas y calizas con niveles estromatolíticos y oolíticos",CENOZOICO_ARENA,#00FF00,/opt/geoserver/data_dir/styles/icons/fgdc/arena.svg
Devónico,"Secuencias turbidíticas integradas por areniscas cuarcíferas, areniscas, grauvacas, pelitas, limolitas y lutitas y, subordinadamente, calizas",MESOZOICO_BASALTO,#FF6347,/opt/geoserver/data_dir/styles/icons/fgdc/basalto.svg
Devónico,"Dacitas, andesitas, basaltos; conos piroclásticos y depósitos de avalancha volcánica",PALEO_GRANITO,#FFD700,/opt/geoserver/data_dir/styles/icons/fgdc/granito.svg
Devónico,"Conglomerados, areniscas, limolitas, arcillolitas comunmente con niveles salinos y yesíferos",CENOZOICO_ARENA,#00FF00,/opt/geoserver/data_dir/styles/icons/fgdc/arena.svg
Devónico,"Tobas, ignimbritas dacíticas-riodacíticas, flujos piroclásticos dacíticos a riodacíticos, depósitos de caída",MESOZOICO_BASALTO,#FF6347,/opt/geoserver/data_dir/styles/icons/fgdc/basalto.svg
Devónico,"Riolitas, dacitas, traquiandesitas, diabasas, andesitas basálticas, lavas basálticas almohadilladas, ignimbritas y tobas",PALEO_GRANITO,#FFD700,/opt/geoserver/data_dir/styles/icons/fgdc/granito.svg
Devónico,"Cuarcitas, areniscas",CENOZOICO_ARENA,#00FF00,/opt/geoserver/data_dir/styles/icons/fgdc/arena.svg
Devónico,"Ignimbritas dacíticas, flujos piroclásticos",MESOZOICO_BASALTO,#FF6347,/opt/geoserver/data_dir/styles/icons/fgdc/basalto.svg
Devónico,"Esquistos cuarzo-feldespáticos-biotíticos-moscovíticos, anfibolitas, gneises, ortogneises, migmatitas, metagranitos",PALEO_GRANITO,#FFD700,/opt/geoserver/data_dir/styles/icons/fgdc/granito.svg
Devónico,Gneises y esquistos,CENOZOICO_ARENA,#00FF00,/opt/geoserver/data_dir/styles/icons/fgdc/arena.svg
Devónico,"Areniscas, areniscas conglomerádicas, diamictitas",MESOZOICO_BASALTO,#FF6347,/opt/geoserver/data_dir/styles/icons/fgdc/basalto.svg
Devónico,"Depósitos detríticos de gravas, arenas, limos",PALEO_GRANITO,#FFD700,/opt/geoserver/data_dir/styles/icons/fgdc/granito.svg
Devónico,"Conglomerados, areniscas y limoarcilitas",CENOZOICO_ARENA,#00FF00,/opt/geoserver/data_dir/styles/icons/fgdc/arena.svg
Devónico,"Cuarcitas, pelitas, areniscas, calizas, grauvacas; con intercalaciones de riolitas, dacitas, traquiandesitas, diabasas, andesitas basálticas, lavas basálticas almohadilladas, ignimbritas y tobas",MESOZOICO_BASALTO,#FF6347,/opt/geoserver/data_dir/styles/icons/fgdc/basalto.svg
Devónico,"Limolitas, diamictitas, grauvacas, lutitas",PALEO_GRANITO,#FFD700,/opt/geoserver/data_dir/styles/icons/fgdc/granito.svg
Devónico,Adakitas,CENOZOICO_ARENA,#00FF00,/opt/geoserver/data_dir/styles/icons/fgdc/arena.svg
Devónico,"Esquistos, gneises, pizarras y filitas",MESOZOICO_BASALTO,#FF6347,/opt/geoserver/data_dir/styles/icons/fgdc/basalto.svg
Devónico,"Gneises, ortogneises, migmatitas, anfibolitas y esquistos",PALEO_GRANITO,#FFD700,/opt/geoserver/data_dir/styles/icons/fgdc/granito.svg
Devónico,"Areniscas, limolitas y arcilitas",CENOZOICO_ARENA,#00FF00,/opt/geoserver/data_dir/styles/icons/fgdc/arena.svg
Devónico,"Areniscas, pelitas, filitas y esquistos",MESOZOICO_BASALTO,#FF6347,/opt/geoserver/data_dir/styles/icons/fgdc/basalto.svg
Devónico,"Areniscas medianas a gruesas, coquinas, pelitas, calizas",PALEO_GRANITO,#FFD700,/opt/geoserver/data_dir/styles/icons/fgdc/granito.svg
Devónico,"Areniscas finas a medianas, coquinas, pelitas, carbón",CENOZOICO_ARENA,#00FF00,/opt/geoserver/data_dir/styles/icons/fgdc/arena.svg
Devónico,"Areniscas, conglomerados,pelitas, carbón",MESOZOICO_BASALTO,#FF6347,/opt/geoserver/data_dir/styles/icons/fgdc/basalto.svg
Devónico,"Andesitas, basaltos, tobas",PALEO_GRANITO,#FFD700,/opt/geoserver/data_dir/styles/icons/fgdc/granito.svg
Devónico,"Basaltos, basanitas, teschenitas, gabros.",CENOZOICO_ARENA,#00FF00,/opt/geoserver/data_dir/styles/icons/fgdc/arena.svg
Devónico,"Ignimbritas y tobas ácidas, riolitas, pelitas y tufitas",MESOZOICO_BASALTO,#FF6347,/opt/geoserver/data_dir/styles/icons/fgdc/basalto.svg
Devónico,Gabros y diques basálticos,PALEO_GRANITO,#FFD700,/opt/geoserver/data_dir/styles/icons/fgdc/granito.svg
Devónico,"Tobas, tufitas, pelitas, areniscas gruesas a conglomerados",CENOZOICO_ARENA,#00FF00,/opt/geoserver/data_dir/styles/icons/fgdc/arena.svg
Devónico,"Tobas, cineritas, tufitas, areniscas medias a gruesas, conglomerados",MESOZOICO_BASALTO,#FF6347,/opt/geoserver/data_dir/styles/icons/fgdc/basalto.svg
Devónico,"Areniscas, arcilitas y limolitas, conglomerados",PALEO_GRANITO,#FFD700,/opt/geoserver/data_dir/styles/icons/fgdc/granito.svg
Devónico,"Areniscas finas a medias, pelitas, calizas, coquinas",CENOZOICO_ARENA,#00FF00,/opt/geoserver/data_dir/styles/icons/fgdc/arena.svg
Devónico,"Gneises, anfibolitas y granitos",MESOZOICO_BASALTO,#FF6347,/opt/geoserver/data_dir/styles/icons/fgdc/basalto.svg
Devónico,"Granitos, granodioritas, dioritas, tonalitas.",PALEO_GRANITO,#FFD700,/opt/geoserver/data_dir/styles/icons/fgdc/granito.svg
Devónico,"Gravas finas a medianas, arenas gruesas",CENOZOICO_ARENA,#00FF00,/opt/geoserver/data_dir/styles/icons/fgdc/arena.svg
Devónico,Basaltos olivínicos,MESOZOICO_BASALTO,#FF6347,/opt/geoserver/data_dir/styles/icons/fgdc/basalto.svg
Devónico,"Esquistos, filitas, ortocuarcitas, migmatitas y granitoides",PALEO_GRANITO,#FFD700,/opt/geoserver/data_dir/styles/icons/fgdc/granito.svg
Devónico,Arenas medianas a gruesas y gravas finas,CENOZOICO_ARENA,#00FF00,/opt/geoserver/data_dir/styles/icons/fgdc/arena.svg
Devónico,"Till, gravas, arenas y pelitas",MESOZOICO_BASALTO,#FF6347,/opt/geoserver/data_dir/styles/icons/fgdc/basalto.svg
Devónico,"Areniscas, conglomerados y pelitas.",PALEO_GRANITO,#FFD700,/opt/geoserver/data_dir/styles/icons/fgdc/granito.svg
Devónico,Metavolcanitas ácidas a mesosilícicas,CENOZOICO_ARENA,#00FF00,/opt/geoserver/data_dir/styles/icons/fgdc/arena.svg
Devónico,Arenas y gravas,MESOZOICO_BASALTO,#FF6347,/opt/geoserver/data_dir/styles/icons/fgdc/basalto.svg
Devónico,Rocas ultramáficas,PALEO_GRANITO,#FFD700,/opt/geoserver/data_dir/styles/icons/fgdc/granito.svg
Devónico,"Arenas, gravas y pelitas",CENOZOICO_ARENA,#00FF00,/opt/geoserver/data_dir/styles/icons/fgdc/arena.svg
Devónico,Limos y arcillas,MESOZOICO_BASALTO,#FF6347,/opt/geoserver/data_dir/styles/icons/fgdc/basalto.svg
Devónico,"Arenas finas a medianas, rodados",PALEO_GRANITO,#FFD700,/opt/geoserver/data_dir/styles/icons/fgdc/granito.svg
Devónico,Bloques,CENOZOICO_ARENA,#00FF00,/opt/geoserver/data_dir/styles/icons/fgdc/arena.svg
Devónico,"Ortocuarcitas, cuarcitas y conglomerados, pelitas",MESOZOICO_BASALTO,#FF6347,/opt/geoserver/data_dir/styles/icons/fgdc/basalto.svg
Devónico,"Basaltos alcalinos, basanitas, nefelinitas",PALEO_GRANITO,#FFD700,/opt/geoserver/data_dir/styles/icons/fgdc/granito.svg
Devónico,"Riolitas y andesitas, tobas, ignimbritas y tufitas",CENOZOICO_ARENA,#00FF00,/opt/geoserver/data_dir/styles/icons/fgdc/arena.svg
Devónico,"Tobas, areniscas, pelitas, tufitas, calizas, lavas e ignimbritas riolíticas y andesíticas",MESOZOICO_BASALTO,#FF6347,/opt/geoserver/data_dir/styles/icons/fgdc/basalto.svg
Devónico,"Gravas medianas a gruesas, arenas gruesas",PALEO_GRANITO,#FFD700,/opt/geoserver/data_dir/styles/icons/fgdc/granito.svg
Devónico,"Arenas, gravas, limos",CENOZOICO_ARENA,#00FF00,/opt/geoserver/data_dir/styles/icons/fgdc/arena.svg
Devónico,"Gravas, arenas",MESOZOICO_BASALTO,#FF6347,/opt/geoserver/data_dir/styles/icons/fgdc/basalto.svg
Devónico,"Conglomerados, areniscas, calizas, pelitas",PALEO_GRANITO,#FFD700,/opt/geoserver/data_dir/styles/icons/fgdc/granito.svg
Devónico,"Limolitas, areniscas, conglomerados, olistolitos",CENOZOICO_ARENA,#00FF00,/opt/geoserver/data_dir/styles/icons/fgdc/arena.svg
Devónico,"Granitos, granodioritas, tonalitas y diques riolíticos",MESOZOICO_BASALTO,#FF6347,/opt/geoserver/data_dir/styles/icons/fgdc/basalto.svg
Devónico,"Areniscas, limolitas y conglomerados",PALEO_GRANITO,#FFD700,/opt/geoserver/data_dir/styles/icons/fgdc/granito.svg
Devónico,"Areniscas, conglomerados, tufitas y tobas",CENOZOICO_ARENA,#00FF00,/opt/geoserver/data_dir/styles/icons/fgdc/arena.svg
Devónico,"Limos, arcillas, arenas",MESOZOICO_BASALTO,#FF6347,/opt/geoserver/data_dir/styles/icons/fgdc/basalto.svg
Devónico,"Andesitas, riolitas, basaltos, tobas, brechas, conglomerados, areniscas",PALEO_GRANITO,#FFD700,/opt/geoserver/data_dir/styles/icons/fgdc/granito.svg
Devónico,"Tobas, tufitas, ignimbritas, areniscas y conglomerados",CENOZOICO_ARENA,#00FF00,/opt/geoserver/data_dir/styles/icons/fgdc/arena.svg
Devónico,"Traquitas y tobas traquíticas, brechas y aglomerados.",MESOZOICO_BASALTO,#FF6347,/opt/geoserver/data_dir/styles/icons/fgdc/basalto.svg
Devónico,"Till, gravas, arenas, arcillas",PALEO_GRANITO,#FFD700,/opt/geoserver/data_dir/styles/icons/fgdc/granito.svg
Devónico,"Areniscas, pelitas, conglomerados, calizas",CENOZOICO_ARENA,#00FF00,/opt/geoserver/data_dir/styles/icons/fgdc/arena.svg
Devónico,"Areniscas, pelitas, calizas, evaporitas",MESOZOICO_BASALTO,#FF6347,/opt/geoserver/data_dir/styles/icons/fgdc/basalto.svg
Devónico,"Riolitas, dacitas, andesitas, ignimbritas, tobas, brechas, conglomerados",PALEO_GRANITO,#FFD700,/opt/geoserver/data_dir/styles/icons/fgdc/granito.svg
Devónico,"Andesitas, ignimbritas",CENOZOICO_ARENA,#00FF00,/opt/geoserver/data_dir/styles/icons/fgdc/arena.svg
Devónico,Metamorfitas y plutonitas metamorfizadas,MESOZOICO_BASALTO,#FF6347,/opt/geoserver/data_dir/styles/icons/fgdc/basalto.svg
Devónico,"Metarenitas, filitas, mármoles, areniscas y pelitas",PALEO_GRANITO,#FFD700,/opt/geoserver/data_dir/styles/icons/fgdc/granito.svg
Devónico,"Conglomerados, areniscas, pelitas, tufitas, tobas, yeso",CENOZOICO_ARENA,#00FF00,/opt/geoserver/data_dir/styles/icons/fgdc/arena.svg
Devónico,"Brechas y areniscas volcánicas, tobas, tufitas, andesitas",MESOZOICO_BASALTO,#FF6347,/opt/geoserver/data_dir/styles/icons/fgdc/basalto.svg
Devónico,"Calizas, margas, dolomias, fangolitas calcáreas",PALEO_GRANITO,#FFD700,/opt/geoserver/data_dir/styles/icons/fgdc/granito.svg
Devónico,"Granitos, granodioritas",CENOZOICO_ARENA,#00FF00,/opt/geoserver/data_dir/styles/icons/fgdc/arena.svg
Devónico,"Andesitas, dacitas, ignimbritas, tobas, pórfiros andesíticos y dacíticos",MESOZOICO_BASALTO,#FF6347,/opt/geoserver/data_dir/styles/icons/fgdc/basalto.svg
Devónico,"Areniscas, arcilitas, calizas silicificadas",PALEO_GRANITO,#FFD700,/opt/geoserver/data_dir/styles/icons/fgdc/granito.svg
Devónico,Areniscas y lutitas,CENOZOICO_ARENA,#00FF00,/opt/geoserver/data_dir/styles/icons/fgdc/arena.svg
Devónico,Granitos muscovítico biotítico parcialmente pegmatíticos,MESOZOICO_BASALTO,#FF6347,/opt/geoserver/data_dir/styles/icons/fgdc/basalto.svg
Devónico,"Limolitas con cemento carbonático, arenas, limos",PALEO_GRANITO,#FFD700,/opt/geoserver/data_dir/styles/icons/fgdc/granito.svg
Devónico,"Andesitas, ignimbritas, tobas",CENOZOICO_ARENA,#00FF00,/opt/geoserver/data_dir/styles/icons/fgdc/arena.svg
Devónico,"Basaltos, andesitas, tobas, tufitas",MESOZOICO_BASALTO,#FF6347,/opt/geoserver/data_dir/styles/icons/fgdc/basalto.svg
Devónico,"Conglomerados, areniscas",PALEO_GRANITO,#FFD700,/opt/geoserver/data_dir/styles/icons/fgdc/granito.svg
Devónico,"Esquistos, cuarcitas, gneises",CENOZOICO_ARENA,#00FF00,/opt/geoserver/data_dir/styles/icons/fgdc/arena.svg
Devónico,Mármoles,MESOZOICO_BASALTO,#FF6347,/opt/geoserver/data_dir/styles/icons/fgdc/basalto.svg
Devónico,"Ignimbritas dacíticas y riolíticas, brechas volcánicas y volcanoclásticas",PALEO_GRANITO,#FFD700,/opt/geoserver/data_dir/styles/icons/fgdc/granito.svg
Devónico,"Lavas dacíticas, andesíticas y basálticas, brechas autoclásticas de composición andesítica y depósitos de bloques y ceniza (block and ash) asociados a estrato volcanes",CENOZOICO_ARENA,#00FF00,/opt/geoserver/data_dir/styles/icons/fgdc/arena.svg
Devónico,"Areniscas, conglomerados, limolitas, arcilitas",MESOZOICO_BASALTO,#FF6347,/opt/geoserver/data_dir/styles/icons/fgdc/basalto.svg
Devónico,"Anfibolitas, esquistos, gneises, calizas y pegmatitas",PALEO_GRANITO,#FFD700,/opt/geoserver/data_dir/styles/icons/fgdc/granito.svg
Devónico,"Basaltos, andesitas, tobas",CENOZOICO_ARENA,#00FF00,/opt/geoserver/data_dir/styles/icons/fgdc/arena.svg
Devónico,"Andesitas, riodacítas, piroclastitas, areniscas líticas",MESOZOICO_BASALTO,#FF6347,/opt/geoserver/data_dir/styles/icons/fgdc/basalto.svg
Devónico,"Depósitos de evaporitas (cloruros, sulfatos y boratos), limos y arcillas, tufitas y travertinos",PALEO_GRANITO,#FFD700,/opt/geoserver/data_dir/styles/icons/fgdc/granito.svg
Devónico,Cuerpos porfídicos hipabisales de composición diorítica a andesítica y dacítica,CENOZOICO_ARENA,#00FF00,/opt/geoserver/data_dir/styles/icons/fgdc/arena.svg
Devónico,Margas arenosas y areniscas arcillosas,MESOZOICO_BASALTO,#FF6347,/opt/geoserver/data_dir/styles/icons/fgdc/basalto.svg
Devónico,Traquiandesitas,PALEO_GRANITO,#FFD700,/opt/geoserver/data_dir/styles/icons/fgdc/granito.svg
Devónico,"Areniscas, pelitas, conglomerados, calizas, evaporitas, tobas",CENOZOICO_ARENA,#00FF00,/opt/geoserver/data_dir/styles/icons/fgdc/arena.svg
Devónico,"Limolitas, areniscas, arcilitas, calcretes",MESOZOICO_BASALTO,#FF6347,/opt/geoserver/data_dir/styles/icons/fgdc/basalto.svg
Devónico,"Pelitas, areniscas, diamictitas, conglomerados",PALEO_GRANITO,#FFD700,/opt/geoserver/data_dir/styles/icons/fgdc/granito.svg
Devónico,"Basaltos, tobas",CENOZOICO_ARENA,#00FF00,/opt/geoserver/data_dir/styles/icons/fgdc/arena.svg
Devónico,"Granitos, granodioritas, tonalitas",MESOZOICO_BASALTO,#FF6347,/opt/geoserver/data_dir/styles/icons/fgdc/basalto.svg
Devónico,"Limos, arcillas y evaporitas",PALEO_GRANITO,#FFD700,/opt/geoserver/data_dir/styles/icons/fgdc/granito.svg
Devónico,"Granodioritas, dioritas, tonalitas",CENOZOICO_ARENA,#00FF00,/opt/geoserver/data_dir/styles/icons/fgdc/arena.svg
Devónico,"Trondjhemitas, tonalitas",MESOZOICO_BASALTO,#FF6347,/opt/geoserver/data_dir/styles/icons/fgdc/basalto.svg
Devónico,"Areniscas finas a gruesas, conglomerados, tobas, pelitas negras",PALEO_GRANITO,#FFD700,/opt/geoserver/data_dir/styles/icons/fgdc/granito.svg
Devónico,"Areniscas gruesas y conglomerados, tobas y tufitas, coquinas",CENOZOICO_ARENA,#00FF00,/opt/geoserver/data_dir/styles/icons/fgdc/arena.svg
Devónico,"Riolitas, basaltos y traquitas",MESOZOICO_BASALTO,#FF6347,/opt/geoserver/data_dir/styles/icons/fgdc/basalto.svg
Devónico,"Lavas, brechas, ignimbritas y tobas de composición riolítica, dacítica y andesítica",PALEO_GRANITO,#FFD700,/opt/geoserver/data_dir/styles/icons/fgdc/granito.svg
Devónico,"Leucogranitos de dos micas y monzogranitos biotíticos con tendencia porfídica, al que se asocian pórfidos graníticos y diques micrograníticos. También se reconocen lamprófiros, aplitas y diques graníticos. Sienitas y granitos riebeckíticos y diques",CENOZOICO_ARENA,#00FF00,/opt/geoserver/data_dir/styles/icons/fgdc/arena.svg
Devónico,Granitoides,MESOZOICO_BASALTO,#FF6347,/opt/geoserver/data_dir/styles/icons/fgdc/basalto.svg
Devónico,"Basaltos, andesitas, dacitas, tobas, brechas, pelitas",PALEO_GRANITO,#FFD700,/opt/geoserver/data_dir/styles/icons/fgdc/granito.svg
Devónico,"Depósitos residuales limosos, ferricretes",CENOZOICO_ARENA,#00FF00,/opt/geoserver/data_dir/styles/icons/fgdc/arena.svg
Devónico,"Granitos y granodioritas, tonalitas",MESOZOICO_BASALTO,#FF6347,/opt/geoserver/data_dir/styles/icons/fgdc/basalto.svg
Devónico,"Ortocuarcitas, areniscas y pelitas",PALEO_GRANITO,#FFD700,/opt/geoserver/data_dir/styles/icons/fgdc/granito.svg
Devónico,"Areniscas medianas a finas, conglomerados polimícticos, evaporitas, caliza y yeso; sedimentitas clásticas calcáreas con intercalaciones de dacitas y tobas",CENOZOICO_ARENA,#00FF00,/opt/geoserver/data_dir/styles/icons/fgdc/arena.svg
Devónico,"Conglomerados, areniscas conglomerádicas, areniscas, pelitas y limolitas y calizas",MESOZOICO_BASALTO,#FF6347,/opt/geoserver/data_dir/styles/icons/fgdc/basalto.svg
Devónico,"Gabros, granitos, granodioritas, dioritas, sienitas, monzonitas, monzodioritas, monzogranitos, tonalitas",PALEO_GRANITO,#FFD700,/opt/geoserver/data_dir/styles/icons/fgdc/granito.svg
Devónico,"Areniscas, limolitas, duricostras",CENOZOICO_ARENA,#00FF00,/opt/geoserver/data_dir/styles/icons/fgdc/arena.svg
Devónico,"Diamictitas, areniscas",MESOZOICO_BASALTO,#FF6347,/opt/geoserver/data_dir/styles/icons/fgdc/basalto.svg
Devónico,Areniscas y limolitas,PALEO_GRANITO,#FFD700,/opt/geoserver/data_dir/styles/icons/fgdc/granito.svg
Devónico,Riolitas,CENOZOICO_ARENA,#00FF00,/opt/geoserver/data_dir/styles/icons/fgdc/arena.svg
Devónico,"Areniscas, cuarcitas",MESOZOICO_BASALTO,#FF6347,/opt/geoserver/data_dir/styles/icons/fgdc/basalto.svg
Devónico,"Pelitas y areniscas, fosilíferas",PALEO_GRANITO,#FFD700,/opt/geoserver/data_dir/styles/icons/fgdc/granito.svg
Devónico,"Lutitas, areniscas, conglomerados, tobas",CENOZOICO_ARENA,#00FF00,/opt/geoserver/data_dir/styles/icons/fgdc/arena.svg
Devónico,"Granitos, granodioritas, microgranitos",MESOZOICO_BASALTO,#FF6347,/opt/geoserver/data_dir/styles/icons/fgdc/basalto.svg
Devónico,"Filitas, esquistos, cuarcitas",PALEO_GRANITO,#FFD700,/opt/geoserver/data_dir/styles/icons/fgdc/granito.svg
Devónico,"Conglomerados, areniscas, tobas, andesitas, brechas ignimbríticas",CENOZOICO_ARENA,#00FF00,/opt/geoserver/data_dir/styles/icons/fgdc/arena.svg
Devónico,"Areniscas, pelitas, conglomerados, calizas, evaporitas",MESOZOICO_BASALTO,#FF6347,/opt/geoserver/data_dir/styles/icons/fgdc/basalto.svg
Devónico,"Esquistos, gneises, milonitas, anfibolitas y mármoles",PALEO_GRANITO,#FFD700,/opt/geoserver/data_dir/styles/icons/fgdc/granito.svg
Devónico,"Esquistos, gneises, mármoles, metadiabasas",CENOZOICO_ARENA,#00FF00,/opt/geoserver/data_dir/styles/icons/fgdc/arena.svg
Devónico,"Andesitas, basandesitas, aglomerados, areniscas, tobas",MESOZOICO_BASALTO,#FF6347,/opt/geoserver/data_dir/styles/icons/fgdc/basalto.svg
Devónico,"Granitos, aplitas, pegmatitas",PALEO_GRANITO,#FFD700,/opt/geoserver/data_dir/styles/icons/fgdc/granito.svg
Devónico,"Basaltos y diabasas (estructura almohadillada). Diques y filones diabásicos, gabros y dioritas",CENOZOICO_ARENA,#00FF00,/opt/geoserver/data_dir/styles/icons/fgdc/arena.svg
Devónico,"Limos, arcillas, sales",MESOZOICO_BASALTO,#FF6347,/opt/geoserver/data_dir/styles/icons/fgdc/basalto.svg
Devónico,"Areniscas finas a gruesas, conglomerados, pelitas, coquinas.",PALEO_GRANITO,#FFD700,/opt/geoserver/data_dir/styles/icons/fgdc/granito.svg
Devónico,"Areniscas medias a gruesas, arcilitas, tobas y tufitas",CENOZOICO_ARENA,#00FF00,/opt/geoserver/data_dir/styles/icons/fgdc/arena.svg
Devónico,"Areniscas feldespáticas, limolitas, lutitas, arcosas",MESOZOICO_BASALTO,#FF6347,/opt/geoserver/data_dir/styles/icons/fgdc/basalto.svg
Devónico,"Granitos, granodiorítas, pórfidos",PALEO_GRANITO,#FFD700,/opt/geoserver/data_dir/styles/icons/fgdc/granito.svg
Devónico,"Granodioritas, tonalitas, granitos",CENOZOICO_ARENA,#00FF00,/opt/geoserver/data_dir/styles/icons/fgdc/arena.svg
Devónico,"Tobas, chonitas, areniscas finas a medias, arcilitas",MESOZOICO_BASALTO,#FF6347,/opt/geoserver/data_dir/styles/icons/fgdc/basalto.svg
Devónico,"Granófiros, pórfiros riolíticos",PALEO_GRANITO,#FFD700,/opt/geoserver/data_dir/styles/icons/fgdc/granito.svg
Devónico,"Basaltos olivínicos, basanitas",CENOZOICO_ARENA,#00FF00,/opt/geoserver/data_dir/styles/icons/fgdc/arena.svg
Devónico,"Tobas, cineritas, arcilitas, bentonitas",MESOZOICO_BASALTO,#FF6347,/opt/geoserver/data_dir/styles/icons/fgdc/basalto.svg
Devónico,"Dacitas, riolitas, andesitas, basaltos, tobas e ignimbritas",PALEO_GRANITO,#FFD700,/opt/geoserver/data_dir/styles/icons/fgdc/granito.svg
Devónico,"Tobas, tufitas, conglomerados, calizas y basaltos",CENOZOICO_ARENA,#00FF00,/opt/geoserver/data_dir/styles/icons/fgdc/arena.svg
Devónico,"Conglomerados, areniscas, arcilitas y calizas",MESOZOICO_BASALTO,#FF6347,/opt/geoserver/data_dir/styles/icons/fgdc/basalto.svg
Devónico,"Riolitas y andesitas, ignimbritas y tobas ácidas",PALEO_GRANITO,#FFD700,/opt/geoserver/data_dir/styles/icons/fgdc/granito.svg
Devónico,"Basaltos, andesitas, tobas, ignimbritas y aglomerados volcánicos",CENOZOICO_ARENA,#00FF00,/opt/geoserver/data_dir/styles/icons/fgdc/arena.svg
Devónico,"Areniscas, pelitas, coquinas, tufitas, tobas",MESOZOICO_BASALTO,#FF6347,/opt/geoserver/data_dir/styles/icons/fgdc/basalto.svg
Devónico,"Basaltos olivínicos, pórfiros basálticos",PALEO_GRANITO,#FFD700,/opt/geoserver/data_dir/styles/icons/fgdc/granito.svg
Devónico,"Areniscas, pelitas, conglomerados, tobas.",CENOZOICO_ARENA,#00FF00,/opt/geoserver/data_dir/styles/icons/fgdc/arena.svg
Devónico,"Granitos y granodioritas, pórfiros",MESOZOICO_BASALTO,#FF6347,/opt/geoserver/data_dir/styles/icons/fgdc/basalto.svg
Devónico,"Riolitas e ignimbritas, dacitas y tobas",PALEO_GRANITO,#FFD700,/opt/geoserver/data_dir/styles/icons/fgdc/granito.svg
Devónico,Basaltos y adakitas,CENOZOICO_ARENA,#00FF00,/opt/geoserver/data_dir/styles/icons/fgdc/arena.svg
Devónico,Arenas finas a medianas,MESOZOICO_BASALTO,#FF6347,/opt/geoserver/data_dir/styles/icons/fgdc/basalto.svg
Triásico,Areniscas,PALEO_GRANITO,#FFD700,/opt/geoserver/data_dir/styles/icons/fgdc/granito.svg
Triásico,Diamictitas,CENOZOICO_ARENA,#00FF00,/opt/geoserver/data_dir/styles/icons/fgdc/arena.svg
Triásico,"Areniscas, pelitas y conglomerados",MESOZOICO_BASALTO,#FF6347,/opt/geoserver/data_dir/styles/icons/fgdc/basalto.svg
Triásico,"Arenas, gravas y limos",PALEO_GRANITO,#FFD700,/opt/geoserver/data_dir/styles/icons/fgdc/granito.svg
Triásico,Granitos,CENOZOICO_ARENA,#00FF00,/opt/geoserver/data_dir/styles/icons/fgdc/arena.svg
Triásico,"Limos, arenas",MESOZOICO_BASALTO,#FF6347,/opt/geoserver/data_dir/styles/icons/fgdc/basalto.svg
Triásico,"Areniscas, conglomerados, pelitas",PALEO_GRANITO,#FFD700,/opt/geoserver/data_dir/styles/icons/fgdc/granito.svg
Triásico,"Conglomerados, areniscas conglomerádicas, areniscas, pelitas y limolitas",CENOZOICO_ARENA,#00FF00,/opt/geoserver/data_dir/styles/icons/fgdc/arena.svg
Triásico,"Gabros, dioritas, ortoanfibolitas, serpentinitas",MESOZOICO_BASALTO,#FF6347,/opt/geoserver/data_dir/styles/icons/fgdc/basalto.svg
Triásico,Fajas miloníticas. Milonitas y protomilonitas,PALEO_GRANITO,#FFD700,/opt/geoserver/data_dir/styles/icons/fgdc/granito.svg
Triásico,Loess,CENOZOICO_ARENA,#00FF00,/opt/geoserver/data_dir/styles/icons/fgdc/arena.svg
Triásico,Sedimentos salinos,MESOZOICO_BASALTO,#FF6347,/opt/geoserver/data_dir/styles/icons/fgdc/basalto.svg
Triásico,Fanglomerados y conglomerados,PALEO_GRANITO,#FFD700,/opt/geoserver/data_dir/styles/icons/fgdc/granito.svg
Triásico,Arenas,CENOZOICO_ARENA,#00FF00,/opt/geoserver/data_dir/styles/icons/fgdc/arena.svg
Triásico,Gravas y arenas,MESOZOICO_BASALTO,#FF6347,/opt/geoserver/data_dir/styles/icons/fgdc/basalto.svg
Triásico,Riodacitas,PALEO_GRANITO,#FFD700,/opt/geoserver/data_dir/styles/icons/fgdc/granito.svg
Triásico,"Granodioritas, tonalitas",CENOZOICO_ARENA,#00FF00,/opt/geoserver/data_dir/styles/icons/fgdc/arena.svg
Triásico,"Granitoides peraluminosos, sienogranitos y monzogranitos pórfidicos, granodioritas",MESOZOICO_BASALTO,#FF6347,/opt/geoserver/data_dir/styles/icons/fgdc/basalto.svg
Triásico,"Areniscas, conglomerados y arcilitas",PALEO_GRANITO,#FFD700,/opt/geoserver/data_dir/styles/icons/fgdc/granito.svg
Triásico,Calcretes,CENOZOICO_ARENA,#00FF00,/opt/geoserver/data_dir/styles/icons/fgdc/arena.svg
Triásico,Calizas,MESOZOICO_BASALTO,#FF6347,/opt/geoserver/data_dir/styles/icons/fgdc/basalto.svg
Triásico,Areniscas y conglomerados,PALEO_GRANITO,#FFD700,/opt/geoserver/data_dir/styles/icons/fgdc/granito.svg
Triásico,Arenas y limos,CENOZOICO_ARENA,#00FF00,/opt/geoserver/data_dir/styles/icons/fgdc/arena.svg
Triásico,Filitas,MESOZOICO_BASALTO,#FF6347,/opt/geoserver/data_dir/styles/icons/fgdc/basalto.svg
Triásico,Basaltos,PALEO_GRANITO,#FFD700,/opt/geoserver/data_dir/styles/icons/fgdc/granito.svg
Triásico,Andesitas,CENOZOICO_ARENA,#00FF00,/opt/geoserver/data_dir/styles/icons/fgdc/arena.svg
Triásico,Gneises y metatexitas,MESOZOICO_BASALTO,#FF6347,/opt/geoserver/data_dir/styles/icons/fgdc/basalto.svg
Triásico,Arcosas y calcretes,PALEO_GRANITO,#FFD700,/opt/geoserver/data_dir/styles/icons/fgdc/granito.svg
Triásico,"Monzogranitos, tonalitas",CENOZOICO_ARENA,#00FF00,/opt/geoserver/data_dir/styles/icons/fgdc/arena.svg
Triásico,Gabros,MESOZOICO_BASALTO,#FF6347,/opt/geoserver/data_dir/styles/icons/fgdc/basalto.svg
Triásico,Milonitas y protomilonitas,PALEO_GRANITO,#FFD700,/opt/geoserver/data_dir/styles/icons/fgdc/granito.svg
Triásico,,CENOZOICO_ARENA,#00FF00,/opt/geoserver/data_dir/styles/icons/fgdc/arena.svg
Triásico,Monzogranitos,MESOZOICO_BASALTO,#FF6347,/opt/geoserver/data_dir/styles/icons/fgdc/basalto.svg
Triásico,"Arenas, limos y arcillas",PALEO_GRANITO,#FFD700,/opt/geoserver/data_dir/styles/icons/fgdc/granito.svg
Triásico,Arenas y arcillas con elevado contenido de matería orgánica,CENOZOICO_ARENA,#00FF00,/opt/geoserver/data_dir/styles/icons/fgdc/arena.svg
Triásico,Arcillas y limos con elevado contenido de materia orgánica,MESOZOICO_BASALTO,#FF6347,/opt/geoserver/data_dir/styles/icons/fgdc/basalto.svg
Triásico,Limos arenosos a arcillosos,PALEO_GRANITO,#FFD700,/opt/geoserver/data_dir/styles/icons/fgdc/granito.svg
Triásico,Limos y calcretes,CENOZOICO_ARENA,#00FF00,/opt/geoserver/data_dir/styles/icons/fgdc/arena.svg
Triásico,"Limos, arenas y arcillas",MESOZOICO_BASALTO,#FF6347,/opt/geoserver/data_dir/styles/icons/fgdc/basalto.svg
Triásico,Milonitas,PALEO_GRANITO,#FFD700,/opt/geoserver/data_dir/styles/icons/fgdc/granito.svg
Triásico,Basaltos y andesitas,CENOZOICO_ARENA,#00FF00,/opt/geoserver/data_dir/styles/icons/fgdc/arena.svg
Triásico,Limos,MESOZOICO_BASALTO,#FF6347,/opt/geoserver/data_dir/styles/icons/fgdc/basalto.svg
Triásico,Limos y arenas,PALEO_GRANITO,#FFD700,/opt/geoserver/data_dir/styles/icons/fgdc/granito.svg
Triásico,"Areniscas, cuarcitas, calizas, dolomías, pelitas",CENOZOICO_ARENA,#00FF00,/opt/geoserver/data_dir/styles/icons/fgdc/arena.svg
Triásico,"Limos, arcillas, evaporitas",MESOZOICO_BASALTO,#FF6347,/opt/geoserver/data_dir/styles/icons/fgdc/basalto.svg
Triásico,"Granitos, granodioritas, esquistos, gneises, migmatitas",PALEO_GRANITO,#FFD700,/opt/geoserver/data_dir/styles/icons/fgdc/granito.svg
Triásico,Basaltos a andesitas basálticas,CENOZOICO_ARENA,#00FF00,/opt/geoserver/data_dir/styles/icons/fgdc/arena.svg
Triásico,Limos arcillosos,MESOZOICO_BASALTO,#FF6347,/opt/geoserver/data_dir/styles/icons/fgdc/basalto.svg
Triásico,"Limos, arenas, gravas",PALEO_GRANITO,#FFD700,/opt/geoserver/data_dir/styles/icons/fgdc/granito.svg
Triásico,"Granitos, granodioritas, monzogranitos, tonalitas, leucogranitos",CENOZOICO_ARENA,#00FF00,/opt/geoserver/data_dir/styles/icons/fgdc/arena.svg
Triásico,"Areniscas, areniscas conglomerádicas, conglomerados, brechas, fangolitas, limolitas y lutitas rojizas con intercalación de volcanitas alcalinas, areniscas calcáreas, pelitas, grauvacas y calizas con niveles estromatolíticos y oolíticos",MESOZOICO_BASALTO,#FF6347,/opt/geoserver/data_dir/styles/icons/fgdc/basalto.svg
Triásico,"Secuencias turbidíticas integradas por areniscas cuarcíferas, areniscas, grauvacas, pelitas, limolitas y lutitas y, subordinadamente, calizas",PALEO_GRANITO,#FFD700,/opt/geoserver/data_dir/styles/icons/fgdc/granito.svg
Triásico,"Dacitas, andesitas, basaltos; conos piroclásticos y depósitos de avalancha volcánica",CENOZOICO_ARENA,#00FF00,/opt/geoserver/data_dir/styles/icons/fgdc/arena.svg
Triásico,"Conglomerados, areniscas, limolitas, arcillolitas comunmente con niveles salinos y yesíferos",MESOZOICO_BASALTO,#FF6347,/opt/geoserver/data_dir/styles/icons/fgdc/basalto.svg
Triásico,"Tobas, ignimbritas dacíticas-riodacíticas, flujos piroclásticos dacíticos a riodacíticos, depósitos de caída",PALEO_GRANITO,#FFD700,/opt/geoserver/data_dir/styles/icons/fgdc/granito.svg
Triásico,"Riolitas, dacitas, traquiandesitas, diabasas, andesitas basálticas, lavas basálticas almohadilladas, ignimbritas y tobas",CENOZOICO_ARENA,#00FF00,/opt/geoserver/data_dir/styles/icons/fgdc/arena.svg
Triásico,"Cuarcitas, areniscas",MESOZOICO_BASALTO,#FF6347,/opt/geoserver/data_dir/styles/icons/fgdc/basalto.svg
Triásico,"Ignimbritas dacíticas, flujos piroclásticos",PALEO_GRANITO,#FFD700,/opt/geoserver/data_dir/styles/icons/fgdc/granito.svg
Triásico,"Esquistos cuarzo-feldespáticos-biotíticos-moscovíticos, anfibolitas, gneises, ortogneises, migmatitas, metagranitos",CENOZOICO_ARENA,#00FF00,/opt/geoserver/data_dir/styles/icons/fgdc/arena.svg
Triásico,Gneises y esquistos,MESOZOICO_BASALTO,#FF6347,/opt/geoserver/data_dir/styles/icons/fgdc/basalto.svg
Triásico,"Areniscas, areniscas conglomerádicas, diamictitas",PALEO_GRANITO,#FFD700,/opt/geoserver/data_dir/styles/icons/fgdc/granito.svg
Triásico,"Depósitos detríticos de gravas, arenas, limos",CENOZOICO_ARENA,#00FF00,/opt/geoserver/data_dir/styles/icons/fgdc/arena.svg
Triásico,"Conglomerados, areniscas y limoarcilitas",MESOZOICO_BASALTO,#FF6347,/opt/geoserver/data_dir/styles/icons/fgdc/basalto.svg
Triásico,"Cuarcitas, pelitas, areniscas, calizas, grauvacas; con intercalaciones de riolitas, dacitas, traquiandesitas, diabasas, andesitas basálticas, lavas basálticas almohadilladas, ignimbritas y tobas",PALEO_GRANITO,#FFD700,/opt/geoserver/data_dir/styles/icons/fgdc/granito.svg
Triásico,"Limolitas, diamictitas, grauvacas, lutitas",CENOZOICO_ARENA,#00FF00,/opt/geoserver/data_dir/styles/icons/fgdc/arena.svg
Triásico,Adakitas,MESOZOICO_BASALTO,#FF6347,/opt/geoserver/data_dir/styles/icons/fgdc/basalto.svg
Triásico,"Esquistos, gneises, pizarras y filitas",PALEO_GRANITO,#FFD700,/opt/geoserver/data_dir/styles/icons/fgdc/granito.svg
Triásico,"Gneises, ortogneises, migmatitas, anfibolitas y esquistos",CENOZOICO_ARENA,#00FF00,/opt/geoserver/data_dir/styles/icons/fgdc/arena.svg
Triásico,"Areniscas, limolitas y arcilitas",MESOZOICO_BASALTO,#FF6347,/opt/geoserver/data_dir/styles/icons/fgdc/basalto.svg
Triásico,"Areniscas, pelitas, filitas y esquistos",PALEO_GRANITO,#FFD700,/opt/geoserver/data_dir/styles/icons/fgdc/granito.svg
Triásico,"Areniscas medianas a gruesas, coquinas, pelitas, calizas",CENOZOICO_ARENA,#00FF00,/opt/geoserver/data_dir/styles/icons/fgdc/arena.svg
Triásico,"Areniscas finas a medianas, coquinas, pelitas, carbón",MESOZOICO_BASALTO,#FF6347,/opt/geoserver/data_dir/styles/icons/fgdc/basalto.svg
Triásico,"Areniscas, conglomerados,pelitas, carbón",PALEO_GRANITO,#FFD700,/opt/geoserver/data_dir/styles/icons/fgdc/granito.svg
Triásico,"Andesitas, basaltos, tobas",CENOZOICO_ARENA,#00FF00,/opt/geoserver/data_dir/styles/icons/fgdc/arena.svg
Triásico,"Basaltos, basanitas, teschenitas, gabros.",MESOZOICO_BASALTO,#FF6347,/opt/geoserver/data_dir/styles/icons/fgdc/basalto.svg
Triásico,"Ignimbritas y tobas ácidas, riolitas, pelitas y tufitas",PALEO_GRANITO,#FFD700,/opt/geoserver/data_dir/styles/icons/fgdc/granito.svg
Triásico,Gabros y diques basálticos,CENOZOICO_ARENA,#00FF00,/opt/geoserver/data_dir/styles/icons/fgdc/arena.svg
Triásico,"Tobas, tufitas, pelitas, areniscas gruesas a conglomerados",MESOZOICO_BASALTO,#FF6347,/opt/geoserver/data_dir/styles/icons/fgdc/basalto.svg
Triásico,"Tobas, cineritas, tufitas, areniscas medias a gruesas, conglomerados",PALEO_GRANITO,#FFD700,/opt/geoserver/data_dir/styles/icons/fgdc/granito.svg
Triásico,"Areniscas, arcilitas y limolitas, conglomerados",CENOZOICO_ARENA,#00FF00,/opt/geoserver/data_dir/styles/icons/fgdc/arena.svg
Triásico,"Areniscas finas a medias, pelitas, calizas, coquinas",MESOZOICO_BASALTO,#FF6347,/opt/geoserver/data_dir/styles/icons/fgdc/basalto.svg
Triásico,"Gneises, anfibolitas y granitos",PALEO_GRANITO,#FFD700,/opt/geoserver/data_dir/styles/icons/fgdc/granito.svg
Triásico,"Granitos, granodioritas, dioritas, tonalitas.",CENOZOICO_ARENA,#00FF00,/opt/geoserver/data_dir/styles/icons/fgdc/arena.svg
Triásico,"Gravas finas a medianas, arenas gruesas",MESOZOICO_BASALTO,#FF6347,/opt/geoserver/data_dir/styles/icons/fgdc/basalto.svg
Triásico,Basaltos olivínicos,PALEO_GRANITO,#FFD700,/opt/geoserver/data_dir/styles/icons/fgdc/granito.svg
Triásico,"Esquistos, filitas, ortocuarcitas, migmatitas y granitoides",CENOZOICO_ARENA,#00FF00,/opt/geoserver/data_dir/styles/icons/fgdc/arena.svg
Triásico,Arenas medianas a gruesas y gravas finas,MESOZOICO_BASALTO,#FF6347,/opt/geoserver/data_dir/styles/icons/fgdc/basalto.svg
Triásico,"Till, gravas, arenas y pelitas",PALEO_GRANITO,#FFD700,/opt/geoserver/data_dir/styles/icons/fgdc/granito.svg
Triásico,"Areniscas, conglomerados y pelitas.",CENOZOICO_ARENA,#00FF00,/opt/geoserver/data_dir/styles/icons/fgdc/arena.svg
Triásico,Metavolcanitas ácidas a mesosilícicas,MESOZOICO_BASALTO,#FF6347,/opt/geoserver/data_dir/styles/icons/fgdc/basalto.svg
Triásico,Arenas y gravas,PALEO_GRANITO,#FFD700,/opt/geoserver/data_dir/styles/icons/fgdc/granito.svg
Triásico,Rocas ultramáficas,CENOZOICO_ARENA,#00FF00,/opt/geoserver/data_dir/styles/icons/fgdc/arena.svg
Triásico,"Arenas, gravas y pelitas",MESOZOICO_BASALTO,#FF6347,/opt/geoserver/data_dir/styles/icons/fgdc/basalto.svg
Triásico,Limos y arcillas,PALEO_GRANITO,#FFD700,/opt/geoserver/data_dir/styles/icons/fgdc/granito.svg
Triásico,"Arenas finas a medianas, rodados",CENOZOICO_ARENA,#00FF00,/opt/geoserver/data_dir/styles/icons/fgdc/arena.svg
Triásico,Bloques,MESOZOICO_BASALTO,#FF6347,/opt/geoserver/data_dir/styles/icons/fgdc/basalto.svg
Triásico,"Ortocuarcitas, cuarcitas y conglomerados, pelitas",PALEO_GRANITO,#FFD700,/opt/geoserver/data_dir/styles/icons/fgdc/granito.svg
Triásico,"Basaltos alcalinos, basanitas, nefelinitas",CENOZOICO_ARENA,#00FF00,/opt/geoserver/data_dir/styles/icons/fgdc/arena.svg
Triásico,"Riolitas y andesitas, tobas, ignimbritas y tufitas",MESOZOICO_BASALTO,#FF6347,/opt/geoserver/data_dir/styles/icons/fgdc/basalto.svg
Triásico,"Tobas, areniscas, pelitas, tufitas, calizas, lavas e ignimbritas riolíticas y andesíticas",PALEO_GRANITO,#FFD700,/opt/geoserver/data_dir/styles/icons/fgdc/granito.svg
Triásico,"Gravas medianas a gruesas, arenas gruesas",CENOZOICO_ARENA,#00FF00,/opt/geoserver/data_dir/styles/icons/fgdc/arena.svg
Triásico,"Arenas, gravas, limos",MESOZOICO_BASALTO,#FF6347,/opt/geoserver/data_dir/styles/icons/fgdc/basalto.svg
Triásico,"Gravas, arenas",PALEO_GRANITO,#FFD700,/opt/geoserver/data_dir/styles/icons/fgdc/granito.svg
Triásico,"Conglomerados, areniscas, calizas, pelitas",CENOZOICO_ARENA,#00FF00,/opt/geoserver/data_dir/styles/icons/fgdc/arena.svg
Triásico,"Limolitas, areniscas, conglomerados, olistolitos",MESOZOICO_BASALTO,#FF6347,/opt/geoserver/data_dir/styles/icons/fgdc/basalto.svg
Triásico,"Granitos, granodioritas, tonalitas y diques riolíticos",PALEO_GRANITO,#FFD700,/opt/geoserver/data_dir/styles/icons/fgdc/granito.svg
Triásico,"Areniscas, limolitas y conglomerados",CENOZOICO_ARENA,#00FF00,/opt/geoserver/data_dir/styles/icons/fgdc/arena.svg
Triásico,"Areniscas, conglomerados, tufitas y tobas",MESOZOICO_BASALTO,#FF6347,/opt/geoserver/data_dir/styles/icons/fgdc/basalto.svg
Triásico,"Limos, arcillas, arenas",PALEO_GRANITO,#FFD700,/opt/geoserver/data_dir/styles/icons/fgdc/granito.svg
Triásico,"Andesitas, riolitas, basaltos, tobas, brechas, conglomerados, areniscas",CENOZOICO_ARENA,#00FF00,/opt/geoserver/data_dir/styles/icons/fgdc/arena.svg
Triásico,"Tobas, tufitas, ignimbritas, areniscas y conglomerados",MESOZOICO_BASALTO,#FF6347,/opt/geoserver/data_dir/styles/icons/fgdc/basalto.svg
Triásico,"Traquitas y tobas traquíticas, brechas y aglomerados.",PALEO_GRANITO,#FFD700,/opt/geoserver/data_dir/styles/icons/fgdc/granito.svg
Triásico,"Till, gravas, arenas, arcillas",CENOZOICO_ARENA,#00FF00,/opt/geoserver/data_dir/styles/icons/fgdc/arena.svg
Triásico,"Areniscas, pelitas, conglomerados, calizas",MESOZOICO_BASALTO,#FF6347,/opt/geoserver/data_dir/styles/icons/fgdc/basalto.svg
Triásico,"Areniscas, pelitas, calizas, evaporitas",PALEO_GRANITO,#FFD700,/opt/geoserver/data_dir/styles/icons/fgdc/granito.svg
Triásico,"Riolitas, dacitas, andesitas, ignimbritas, tobas, brechas, conglomerados",CENOZOICO_ARENA,#00FF00,/opt/geoserver/data_dir/styles/icons/fgdc/arena.svg
Triásico,"Andesitas, ignimbritas",MESOZOICO_BASALTO,#FF6347,/opt/geoserver/data_dir/styles/icons/fgdc/basalto.svg
Triásico,Metamorfitas y plutonitas metamorfizadas,PALEO_GRANITO,#FFD700,/opt/geoserver/data_dir/styles/icons/fgdc/granito.svg
Triásico,"Metarenitas, filitas, mármoles, areniscas y pelitas",CENOZOICO_ARENA,#00FF00,/opt/geoserver/data_dir/styles/icons/fgdc/arena.svg
Triásico,"Conglomerados, areniscas, pelitas, tufitas, tobas, yeso",MESOZOICO_BASALTO,#FF6347,/opt/geoserver/data_dir/styles/icons/fgdc/basalto.svg
Triásico,"Brechas y areniscas volcánicas, tobas, tufitas, andesitas",PALEO_GRANITO,#FFD700,/opt/geoserver/data_dir/styles/icons/fgdc/granito.svg
Triásico,"Calizas, margas, dolomias, fangolitas calcáreas",CENOZOICO_ARENA,#00FF00,/opt/geoserver/data_dir/styles/icons/fgdc/arena.svg
Triásico,"Granitos, granodioritas",MESOZOICO_BASALTO,#FF6347,/opt/geoserver/data_dir/styles/icons/fgdc/basalto.svg
Triásico,"Andesitas, dacitas, ignimbritas, tobas, pórfiros andesíticos y dacíticos",PALEO_GRANITO,#FFD700,/opt/geoserver/data_dir/styles/icons/fgdc/granito.svg
Triásico,"Areniscas, arcilitas, calizas silicificadas",CENOZOICO_ARENA,#00FF00,/opt/geoserver/data_dir/styles/icons/fgdc/arena.svg
Triásico,Areniscas y lutitas,MESOZOICO_BASALTO,#FF6347,/opt/geoserver/data_dir/styles/icons/fgdc/basalto.svg
Triásico,Granitos muscovítico biotítico parcialmente pegmatíticos,PALEO_GRANITO,#FFD700,/opt/geoserver/data_dir/styles/icons/fgdc/granito.svg
Triásico,"Limolitas con cemento carbonático, arenas, limos",CENOZOICO_ARENA,#00FF00,/opt/geoserver/data_dir/styles/icons/fgdc/arena.svg
Triásico,"Andesitas, ignimbritas, tobas",MESOZOICO_BASALTO,#FF6347,/opt/geoserver/data_dir/styles/icons/fgdc/basalto.svg
Triásico,"Basaltos, andesitas, tobas, tufitas",PALEO_GRANITO,#FFD700,/opt/geoserver/data_dir/styles/icons/fgdc/granito.svg
Triásico,"Conglomerados, areniscas",CENOZOICO_ARENA,#00FF00,/opt/geoserver/data_dir/styles/icons/fgdc/arena.svg
Triásico,"Esquistos, cuarcitas, gneises",MESOZOICO_BASALTO,#FF6347,/opt/geoserver/data_dir/styles/icons/fgdc/basalto.svg
Triásico,Mármoles,PALEO_GRANITO,#FFD700,/opt/geoserver/data_dir/styles/icons/fgdc/granito.svg
Triásico,"Ignimbritas dacíticas y riolíticas, brechas volcánicas y volcanoclásticas",CENOZOICO_ARENA,#00FF00,/opt/geoserver/data_dir/styles/icons/fgdc/arena.svg
Triásico,"Lavas dacíticas, andesíticas y basálticas, brechas autoclásticas de composición andesítica y depósitos de bloques y ceniza (block and ash) asociados a estrato volcanes",MESOZOICO_BASALTO,#FF6347,/opt/geoserver/data_dir/styles/icons/fgdc/basalto.svg
Triásico,"Areniscas, conglomerados, limolitas, arcilitas",PALEO_GRANITO,#FFD700,/opt/geoserver/data_dir/styles/icons/fgdc/granito.svg
Triásico,"Anfibolitas, esquistos, gneises, calizas y pegmatitas",CENOZOICO_ARENA,#00FF00,/opt/geoserver/data_dir/styles/icons/fgdc/arena.svg
Triásico,"Basaltos, andesitas, tobas",MESOZOICO_BASALTO,#FF6347,/opt/geoserver/data_dir/styles/icons/fgdc/basalto.svg
Triásico,"Andesitas, riodacítas, piroclastitas, areniscas líticas",PALEO_GRANITO,#FFD700,/opt/geoserver/data_dir/styles/icons/fgdc/granito.svg
Triásico,"Depósitos de evaporitas (cloruros, sulfatos y boratos), limos y arcillas, tufitas y travertinos",CENOZOICO_ARENA,#00FF00,/opt/geoserver/data_dir/styles/icons/fgdc/arena.svg
Triásico,Cuerpos porfídicos hipabisales de composición diorítica a andesítica y dacítica,MESOZOICO_BASALTO,#FF6347,/opt/geoserver/data_dir/styles/icons/fgdc/basalto.svg
Triásico,Margas arenosas y areniscas arcillosas,PALEO_GRANITO,#FFD700,/opt/geoserver/data_dir/styles/icons/fgdc/granito.svg
Triásico,Traquiandesitas,CENOZOICO_ARENA,#00FF00,/opt/geoserver/data_dir/styles/icons/fgdc/arena.svg
Triásico,"Areniscas, pelitas, conglomerados, calizas, evaporitas, tobas",MESOZOICO_BASALTO,#FF6347,/opt/geoserver/data_dir/styles/icons/fgdc/basalto.svg
Triásico,"Limolitas, areniscas, arcilitas, calcretes",PALEO_GRANITO,#FFD700,/opt/geoserver/data_dir/styles/icons/fgdc/granito.svg
Triásico,"Pelitas, areniscas, diamictitas, conglomerados",CENOZOICO_ARENA,#00FF00,/opt/geoserver/data_dir/styles/icons/fgdc/arena.svg
Triásico,"Basaltos, tobas",MESOZOICO_BASALTO,#FF6347,/opt/geoserver/data_dir/styles/icons/fgdc/basalto.svg
Triásico,"Granitos, granodioritas, tonalitas",PALEO_GRANITO,#FFD700,/opt/geoserver/data_dir/styles/icons/fgdc/granito.svg
Triásico,"Limos, arcillas y evaporitas",CENOZOICO_ARENA,#00FF00,/opt/geoserver/data_dir/styles/icons/fgdc/arena.svg
Triásico,"Granodioritas, dioritas, tonalitas",MESOZOICO_BASALTO,#FF6347,/opt/geoserver/data_dir/styles/icons/fgdc/basalto.svg
Triásico,"Trondjhemitas, tonalitas",PALEO_GRANITO,#FFD700,/opt/geoserver/data_dir/styles/icons/fgdc/granito.svg
Triásico,"Areniscas finas a gruesas, conglomerados, tobas, pelitas negras",CENOZOICO_ARENA,#00FF00,/opt/geoserver/data_dir/styles/icons/fgdc/arena.svg
Triásico,"Areniscas gruesas y conglomerados, tobas y tufitas, coquinas",MESOZOICO_BASALTO,#FF6347,/opt/geoserver/data_dir/styles/icons/fgdc/basalto.svg
Triásico,"Riolitas, basaltos y traquitas",PALEO_GRANITO,#FFD700,/opt/geoserver/data_dir/styles/icons/fgdc/granito.svg
Triásico,"Lavas, brechas, ignimbritas y tobas de composición riolítica, dacítica y andesítica",CENOZOICO_ARENA,#00FF00,/opt/geoserver/data_dir/styles/icons/fgdc/arena.svg
Triásico,"Leucogranitos de dos micas y monzogranitos biotíticos con tendencia porfídica, al que se asocian pórfidos graníticos y diques micrograníticos. También se reconocen lamprófiros, aplitas y diques graníticos. Sienitas y granitos riebeckíticos y diques",MESOZOICO_BASALTO,#FF6347,/opt/geoserver/data_dir/styles/icons/fgdc/basalto.svg
Triásico,Granitoides,PALEO_GRANITO,#FFD700,/opt/geoserver/data_dir/styles/icons/fgdc/granito.svg
Triásico,"Basaltos, andesitas, dacitas, tobas, brechas, pelitas",CENOZOICO_ARENA,#00FF00,/opt/geoserver/data_dir/styles/icons/fgdc/arena.svg
Triásico,"Depósitos residuales limosos, ferricretes",MESOZOICO_BASALTO,#FF6347,/opt/geoserver/data_dir/styles/icons/fgdc/basalto.svg
Triásico,"Granitos y granodioritas, tonalitas",PALEO_GRANITO,#FFD700,/opt/geoserver/data_dir/styles/icons/fgdc/granito.svg
Triásico,"Ortocuarcitas, areniscas y pelitas",CENOZOICO_ARENA,#00FF00,/opt/geoserver/data_dir/styles/icons/fgdc/arena.svg
Triásico,"Areniscas medianas a finas, conglomerados polimícticos, evaporitas, caliza y yeso; sedimentitas clásticas calcáreas con intercalaciones de dacitas y tobas",MESOZOICO_BASALTO,#FF6347,/opt/geoserver/data_dir/styles/icons/fgdc/basalto.svg
Triásico,"Conglomerados, areniscas conglomerádicas, areniscas, pelitas y limolitas y calizas",PALEO_GRANITO,#FFD700,/opt/geoserver/data_dir/styles/icons/fgdc/granito.svg
Triásico,"Gabros, granitos, granodioritas, dioritas, sienitas, monzonitas, monzodioritas, monzogranitos, tonalitas",CENOZOICO_ARENA,#00FF00,/opt/geoserver/data_dir/styles/icons/fgdc/arena.svg
Triásico,"Areniscas, limolitas, duricostras",MESOZOICO_BASALTO,#FF6347,/opt/geoserver/data_dir/styles/icons/fgdc/basalto.svg
Triásico,"Diamictitas, areniscas",PALEO_GRANITO,#FFD700,/opt/geoserver/data_dir/styles/icons/fgdc/granito.svg
Triásico,Areniscas y limolitas,CENOZOICO_ARENA,#00FF00,/opt/geoserver/data_dir/styles/icons/fgdc/arena.svg
Triásico,Riolitas,MESOZOICO_BASALTO,#FF6347,/opt/geoserver/data_dir/styles/icons/fgdc/basalto.svg
Triásico,"Areniscas, cuarcitas",PALEO_GRANITO,#FFD700,/opt/geoserver/data_dir/styles/icons/fgdc/granito.svg
Triásico,"Pelitas y areniscas, fosilíferas",CENOZOICO_ARENA,#00FF00,/opt/geoserver/data_dir/styles/icons/fgdc/arena.svg
Triásico,"Lutitas, areniscas, conglomerados, tobas",MESOZOICO_BASALTO,#FF6347,/opt/geoserver/data_dir/styles/icons/fgdc/basalto.svg
Triásico,"Granitos, granodioritas, microgranitos",PALEO_GRANITO,#FFD700,/opt/geoserver/data_dir/styles/icons/fgdc/granito.svg
Triásico,"Filitas, esquistos, cuarcitas",CENOZOICO_ARENA,#00FF00,/opt/geoserver/data_dir/styles/icons/fgdc/arena.svg
Triásico,"Conglomerados, areniscas, tobas, andesitas, brechas ignimbríticas",MESOZOICO_BASALTO,#FF6347,/opt/geoserver/data_dir/styles/icons/fgdc/basalto.svg
Triásico,"Areniscas, pelitas, conglomerados, calizas, evaporitas",PALEO_GRANITO,#FFD700,/opt/geoserver/data_dir/styles/icons/fgdc/granito.svg
Triásico,"Esquistos, gneises, milonitas, anfibolitas y mármoles",CENOZOICO_ARENA,#00FF00,/opt/geoserver/data_dir/styles/icons/fgdc/arena.svg
Triásico,"Esquistos, gneises, mármoles, metadiabasas",MESOZOICO_BASALTO,#FF6347,/opt/geoserver/data_dir/styles/icons/fgdc/basalto.svg
Triásico,"Andesitas, basandesitas, aglomerados, areniscas, tobas",PALEO_GRANITO,#FFD700,/opt/geoserver/data_dir/styles/icons/fgdc/granito.svg
Triásico,"Granitos, aplitas, pegmatitas",CENOZOICO_ARENA,#00FF00,/opt/geoserver/data_dir/styles/icons/fgdc/arena.svg
Triásico,"Basaltos y diabasas (estructura almohadillada). Diques y filones diabásicos, gabros y dioritas",MESOZOICO_BASALTO,#FF6347,/opt/geoserver/data_dir/styles/icons/fgdc/basalto.svg
Triásico,"Limos, arcillas, sales",PALEO_GRANITO,#FFD700,/opt/geoserver/data_dir/styles/icons/fgdc/granito.svg
Triásico,"Areniscas finas a gruesas, conglomerados, pelitas, coquinas.",CENOZOICO_ARENA,#00FF00,/opt/geoserver/data_dir/styles/icons/fgdc/arena.svg
Triásico,"Areniscas medias a gruesas, arcilitas, tobas y tufitas",MESOZOICO_BASALTO,#FF6347,/opt/geoserver/data_dir/styles/icons/fgdc/basalto.svg
Triásico,"Areniscas feldespáticas, limolitas, lutitas, arcosas",PALEO_GRANITO,#FFD700,/opt/geoserver/data_dir/styles/icons/fgdc/granito.svg
Triásico,"Granitos, granodiorítas, pórfidos",CENOZOICO_ARENA,#00FF00,/opt/geoserver/data_dir/styles/icons/fgdc/arena.svg
Triásico,"Granodioritas, tonalitas, granitos",MESOZOICO_BASALTO,#FF6347,/opt/geoserver/data_dir/styles/icons/fgdc/basalto.svg
Triásico,"Tobas, chonitas, areniscas finas a medias, arcilitas",PALEO_GRANITO,#FFD700,/opt/geoserver/data_dir/styles/icons/fgdc/granito.svg
Triásico,"Granófiros, pórfiros riolíticos",CENOZOICO_ARENA,#00FF00,/opt/geoserver/data_dir/styles/icons/fgdc/arena.svg
Triásico,"Basaltos olivínicos, basanitas",MESOZOICO_BASALTO,#FF6347,/opt/geoserver/data_dir/styles/icons/fgdc/basalto.svg
Triásico,"Tobas, cineritas, arcilitas, bentonitas",PALEO_GRANITO,#FFD700,/opt/geoserver/data_dir/styles/icons/fgdc/granito.svg
Triásico,"Dacitas, riolitas, andesitas, basaltos, tobas e ignimbritas",CENOZOICO_ARENA,#00FF00,/opt/geoserver/data_dir/styles/icons/fgdc/arena.svg
Triásico,"Tobas, tufitas, conglomerados, calizas y basaltos",MESOZOICO_BASALTO,#FF6347,/opt/geoserver/data_dir/styles/icons/fgdc/basalto.svg
Triásico,"Conglomerados, areniscas, arcilitas y calizas",PALEO_GRANITO,#FFD700,/opt/geoserver/data_dir/styles/icons/fgdc/granito.svg
Triásico,"Riolitas y andesitas, ignimbritas y tobas ácidas",CENOZOICO_ARENA,#00FF00,/opt/geoserver/data_dir/styles/icons/fgdc/arena.svg
Triásico,"Basaltos, andesitas, tobas, ignimbritas y aglomerados volcánicos",MESOZOICO_BASALTO,#FF6347,/opt/geoserver/data_dir/styles/icons/fgdc/basalto.svg
Triásico,"Areniscas, pelitas, coquinas, tufitas, tobas",PALEO_GRANITO,#FFD700,/opt/geoserver/data_dir/styles/icons/fgdc/granito.svg
Triásico,"Basaltos olivínicos, pórfiros basálticos",CENOZOICO_ARENA,#00FF00,/opt/geoserver/data_dir/styles/icons/fgdc/arena.svg
Triásico,"Areniscas, pelitas, conglomerados, tobas.",MESOZOICO_BASALTO,#FF6347,/opt/geoserver/data_dir/styles/icons/fgdc/basalto.svg
Triásico,"Granitos y granodioritas, pórfiros",PALEO_GRANITO,#FFD700,/opt/geoserver/data_dir/styles/icons/fgdc/granito.svg
Triásico,"Riolitas e ignimbritas, dacitas y tobas",CENOZOICO_ARENA,#00FF00,/opt/geoserver/data_dir/styles/icons/fgdc/arena.svg
Triásico,Basaltos y adakitas,MESOZOICO_BASALTO,#FF6347,/opt/geoserver/data_dir/styles/icons/fgdc/basalto.svg
Triásico,Arenas finas a medianas,PALEO_GRANITO,#FFD700,/opt/geoserver/data_dir/styles/icons/fgdc/granito.svg
Holoceno,Areniscas,CENOZOICO_ARENA,#00FF00,/opt/geoserver/data_dir/styles/icons/fgdc/arena.svg
Holoceno,Diamictitas,MESOZOICO_BASALTO,#FF6347,/opt/geoserver/data_dir/styles/icons/fgdc/basalto.svg
Holoceno,"Areniscas, pelitas y conglomerados",PALEO_GRANITO,#FFD700,/opt/geoserver/data_dir/styles/icons/fgdc/granito.svg
Holoceno,"Arenas, gravas y limos",CENOZOICO_ARENA,#00FF00,/opt/geoserver/data_dir/styles/icons/fgdc/arena.svg
Holoceno,Granitos,MESOZOICO_BASALTO,#FF6347,/opt/geoserver/data_dir/styles/icons/fgdc/basalto.svg
Holoceno,"Limos, arenas",PALEO_GRANITO,#FFD700,/opt/geoserver/data_dir/styles/icons/fgdc/granito.svg
Holoceno,"Areniscas, conglomerados, pelitas",CENOZOICO_ARENA,#00FF00,/opt/geoserver/data_dir/styles/icons/fgdc/arena.svg
Holoceno,"Conglomerados, areniscas conglomerádicas, areniscas, pelitas y limolitas",MESOZOICO_BASALTO,#FF6347,/opt/geoserver/data_dir/styles/icons/fgdc/basalto.svg
Holoceno,"Gabros, dioritas, ortoanfibolitas, serpentinitas",PALEO_GRANITO,#FFD700,/opt/geoserver/data_dir/styles/icons/fgdc/granito.svg
Holoceno,Fajas miloníticas. Milonitas y protomilonitas,CENOZOICO_ARENA,#00FF00,/opt/geoserver/data_dir/styles/icons/fgdc/arena.svg
Holoceno,Loess,MESOZOICO_BASALTO,#FF6347,/opt/geoserver/data_dir/styles/icons/fgdc/basalto.svg
Holoceno,Sedimentos salinos,PALEO_GRANITO,#FFD700,/opt/geoserver/data_dir/styles/icons/fgdc/granito.svg
Holoceno,Fanglomerados y conglomerados,CENOZOICO_ARENA,#00FF00,/opt/geoserver/data_dir/styles/icons/fgdc/arena.svg
Holoceno,Arenas,MESOZOICO_BASALTO,#FF6347,/opt/geoserver/data_dir/styles/icons/fgdc/basalto.svg
Holoceno,Gravas y arenas,PALEO_GRANITO,#FFD700,/opt/geoserver/data_dir/styles/icons/fgdc/granito.svg
Holoceno,Riodacitas,CENOZOICO_ARENA,#00FF00,/opt/geoserver/data_dir/styles/icons/fgdc/arena.svg
Holoceno,"Granodioritas, tonalitas",MESOZOICO_BASALTO,#FF6347,/opt/geoserver/data_dir/styles/icons/fgdc/basalto.svg
Holoceno,"Granitoides peraluminosos, sienogranitos y monzogranitos pórfidicos, granodioritas",PALEO_GRANITO,#FFD700,/opt/geoserver/data_dir/styles/icons/fgdc/granito.svg
Holoceno,"Areniscas, conglomerados y arcilitas",CENOZOICO_ARENA,#00FF00,/opt/geoserver/data_dir/styles/icons/fgdc/arena.svg
Holoceno,Calcretes,MESOZOICO_BASALTO,#FF6347,/opt/geoserver/data_dir/styles/icons/fgdc/basalto.svg
Holoceno,Calizas,PALEO_GRANITO,#FFD700,/opt/geoserver/data_dir/styles/icons/fgdc/granito.svg
Holoceno,Areniscas y conglomerados,CENOZOICO_ARENA,#00FF00,/opt/geoserver/data_dir/styles/icons/fgdc/arena.svg
Holoceno,Arenas y limos,MESOZOICO_BASALTO,#FF6347,/opt/geoserver/data_dir/styles/icons/fgdc/basalto.svg
Holoceno,Filitas,PALEO_GRANITO,#FFD700,/opt/geoserver/data_dir/styles/icons/fgdc/granito.svg
Holoceno,Basaltos,CENOZOICO_ARENA,#00FF00,/opt/geoserver/data_dir/styles/icons/fgdc/arena.svg
Holoceno,Andesitas,MESOZOICO_BASALTO,#FF6347,/opt/geoserver/data_dir/styles/icons/fgdc/basalto.svg
Holoceno,Gneises y metatexitas,PALEO_GRANITO,#FFD700,/opt/geoserver/data_dir/styles/icons/fgdc/granito.svg
Holoceno,Arcosas y calcretes,CENOZOICO_ARENA,#00FF00,/opt/geoserver/data_dir/styles/icons/fgdc/arena.svg
Holoceno,"Monzogranitos, tonalitas",MESOZOICO_BASALTO,#FF6347,/opt/geoserver/data_dir/styles/icons/fgdc/basalto.svg
Holoceno,Gabros,PALEO_GRANITO,#FFD700,/opt/geoserver/data_dir/styles/icons/fgdc/granito.svg
Holoceno,Milonitas y protomilonitas,CENOZOICO_ARENA,#00FF00,/opt/geoserver/data_dir/styles/icons/fgdc/arena.svg
Holoceno,,MESOZOICO_BASALTO,#FF6347,/opt/geoserver/data_dir/styles/icons/fgdc/basalto.svg
Holoceno,Monzogranitos,PALEO_GRANITO,#FFD700,/opt/geoserver/data_dir/styles/icons/fgdc/granito.svg
Holoceno,"Arenas, limos y arcillas",CENOZOICO_ARENA,#00FF00,/opt/geoserver/data_dir/styles/icons/fgdc/arena.svg
Holoceno,Arenas y arcillas con elevado contenido de matería orgánica,MESOZOICO_BASALTO,#FF6347,/opt/geoserver/data_dir/styles/icons/fgdc/basalto.svg
Holoceno,Arcillas y limos con elevado contenido de materia orgánica,PALEO_GRANITO,#FFD700,/opt/geoserver/data_dir/styles/icons/fgdc/granito.svg
Holoceno,Limos arenosos a arcillosos,CENOZOICO_ARENA,#00FF00,/opt/geoserver/data_dir/styles/icons/fgdc/arena.svg
Holoceno,Limos y calcretes,MESOZOICO_BASALTO,#FF6347,/opt/geoserver/data_dir/styles/icons/fgdc/basalto.svg
Holoceno,"Limos, arenas y arcillas",PALEO_GRANITO,#FFD700,/opt/geoserver/data_dir/styles/icons/fgdc/granito.svg
Holoceno,Milonitas,CENOZOICO_ARENA,#00FF00,/opt/geoserver/data_dir/styles/icons/fgdc/arena.svg
Holoceno,Basaltos y andesitas,MESOZOICO_BASALTO,#FF6347,/opt/geoserver/data_dir/styles/icons/fgdc/basalto.svg
Holoceno,Limos,PALEO_GRANITO,#FFD700,/opt/geoserver/data_dir/styles/icons/fgdc/granito.svg
Holoceno,Limos y arenas,CENOZOICO_ARENA,#00FF00,/opt/geoserver/data_dir/styles/icons/fgdc/arena.svg
Holoceno,"Areniscas, cuarcitas, calizas, dolomías, pelitas",MESOZOICO_BASALTO,#FF6347,/opt/geoserver/data_dir/styles/icons/fgdc/basalto.svg
Holoceno,"Limos, arcillas, evaporitas",PALEO_GRANITO,#FFD700,/opt/geoserver/data_dir/styles/icons/fgdc/granito.svg
Holoceno,"Granitos, granodioritas, esquistos, gneises, migmatitas",CENOZOICO_ARENA,#00FF00,/opt/geoserver/data_dir/styles/icons/fgdc/arena.svg
Holoceno,Basaltos a andesitas basálticas,MESOZOICO_BASALTO,#FF6347,/opt/geoserver/data_dir/styles/icons/fgdc/basalto.svg
Holoceno,Limos arcillosos,PALEO_GRANITO,#FFD700,/opt/geoserver/data_dir/styles/icons/fgdc/granito.svg
Holoceno,"Limos, arenas, gravas",CENOZOICO_ARENA,#00FF00,/opt/geoserver/data_dir/styles/icons/fgdc/arena.svg
Holoceno,"Granitos, granodioritas, monzogranitos, tonalitas, leucogranitos",MESOZOICO_BASALTO,#FF6347,/opt/geoserver/data_dir/styles/icons/fgdc/basalto.svg
Holoceno,"Areniscas, areniscas conglomerádicas, conglomerados, brechas, fangolitas, limolitas y lutitas rojizas con intercalación de volcanitas alcalinas, areniscas calcáreas, pelitas, grauvacas y calizas con niveles estromatolíticos y oolíticos",PALEO_GRANITO,#FFD700,/opt/geoserver/data_dir/styles/icons/fgdc/granito.svg
Holoceno,"Secuencias turbidíticas integradas por areniscas cuarcíferas, areniscas, grauvacas, pelitas, limolitas y lutitas y, subordinadamente, calizas",CENOZOICO_ARENA,#00FF00,/opt/geoserver/data_dir/styles/icons/fgdc/arena.svg
Holoceno,"Dacitas, andesitas, basaltos; conos piroclásticos y depósitos de avalancha volcánica",MESOZOICO_BASALTO,#FF6347,/opt/geoserver/data_dir/styles/icons/fgdc/basalto.svg
Holoceno,"Conglomerados, areniscas, limolitas, arcillolitas comunmente con niveles salinos y yesíferos",PALEO_GRANITO,#FFD700,/opt/geoserver/data_dir/styles/icons/fgdc/granito.svg
Holoceno,"Tobas, ignimbritas dacíticas-riodacíticas, flujos piroclásticos dacíticos a riodacíticos, depósitos de caída",CENOZOICO_ARENA,#00FF00,/opt/geoserver/data_dir/styles/icons/fgdc/arena.svg
Holoceno,"Riolitas, dacitas, traquiandesitas, diabasas, andesitas basálticas, lavas basálticas almohadilladas, ignimbritas y tobas",MESOZOICO_BASALTO,#FF6347,/opt/geoserver/data_dir/styles/icons/fgdc/basalto.svg
Holoceno,"Cuarcitas, areniscas",PALEO_GRANITO,#FFD700,/opt/geoserver/data_dir/styles/icons/fgdc/granito.svg
Holoceno,"Ignimbritas dacíticas, flujos piroclásticos",CENOZOICO_ARENA,#00FF00,/opt/geoserver/data_dir/styles/icons/fgdc/arena.svg
Holoceno,"Esquistos cuarzo-feldespáticos-biotíticos-moscovíticos, anfibolitas, gneises, ortogneises, migmatitas, metagranitos",MESOZOICO_BASALTO,#FF6347,/opt/geoserver/data_dir/styles/icons/fgdc/basalto.svg
Holoceno,Gneises y esquistos,PALEO_GRANITO,#FFD700,/opt/geoserver/data_dir/styles/icons/fgdc/granito.svg
Holoceno,"Areniscas, areniscas conglomerádicas, diamictitas",CENOZOICO_ARENA,#00FF00,/opt/geoserver/data_dir/styles/icons/fgdc/arena.svg
Holoceno,"Depósitos detríticos de gravas, arenas, limos",MESOZOICO_BASALTO,#FF6347,/opt/geoserver/data_dir/styles/icons/fgdc/basalto.svg
Holoceno,"Conglomerados, areniscas y limoarcilitas",PALEO_GRANITO,#FFD700,/opt/geoserver/data_dir/styles/icons/fgdc/granito.svg
Holoceno,"Cuarcitas, pelitas, areniscas, calizas, grauvacas; con intercalaciones de riolitas, dacitas, traquiandesitas, diabasas, andesitas basálticas, lavas basálticas almohadilladas, ignimbritas y tobas",CENOZOICO_ARENA,#00FF00,/opt/geoserver/data_dir/styles/icons/fgdc/arena.svg
Holoceno,"Limolitas, diamictitas, grauvacas, lutitas",MESOZOICO_BASALTO,#FF6347,/opt/geoserver/data_dir/styles/icons/fgdc/basalto.svg
Holoceno,Adakitas,PALEO_GRANITO,#FFD700,/opt/geoserver/data_dir/styles/icons/fgdc/granito.svg
Holoceno,"Esquistos, gneises, pizarras y filitas",CENOZOICO_ARENA,#00FF00,/opt/geoserver/data_dir/styles/icons/fgdc/arena.svg
Holoceno,"Gneises, ortogneises, migmatitas, anfibolitas y esquistos",MESOZOICO_BASALTO,#FF6347,/opt/geoserver/data_dir/styles/icons/fgdc/basalto.svg
Holoceno,"Areniscas, limolitas y arcilitas",PALEO_GRANITO,#FFD700,/opt/geoserver/data_dir/styles/icons/fgdc/granito.svg
Holoceno,"Areniscas, pelitas, filitas y esquistos",CENOZOICO_ARENA,#00FF00,/opt/geoserver/data_dir/styles/icons/fgdc/arena.svg
Holoceno,"Areniscas medianas a gruesas, coquinas, pelitas, calizas",MESOZOICO_BASALTO,#FF6347,/opt/geoserver/data_dir/styles/icons/fgdc/basalto.svg
Holoceno,"Areniscas finas a medianas, coquinas, pelitas, carbón",PALEO_GRANITO,#FFD700,/opt/geoserver/data_dir/styles/icons/fgdc/granito.svg
Holoceno,"Areniscas, conglomerados,pelitas, carbón",CENOZOICO_ARENA,#00FF00,/opt/geoserver/data_dir/styles/icons/fgdc/arena.svg
Holoceno,"Andesitas, basaltos, tobas",MESOZOICO_BASALTO,#FF6347,/opt/geoserver/data_dir/styles/icons/fgdc/basalto.svg
Holoceno,"Basaltos, basanitas, teschenitas, gabros.",PALEO_GRANITO,#FFD700,/opt/geoserver/data_dir/styles/icons/fgdc/granito.svg
Holoceno,"Ignimbritas y tobas ácidas, riolitas, pelitas y tufitas",CENOZOICO_ARENA,#00FF00,/opt/geoserver/data_dir/styles/icons/fgdc/arena.svg
Holoceno,Gabros y diques basálticos,MESOZOICO_BASALTO,#FF6347,/opt/geoserver/data_dir/styles/icons/fgdc/basalto.svg
Holoceno,"Tobas, tufitas, pelitas, areniscas gruesas a conglomerados",PALEO_GRANITO,#FFD700,/opt/geoserver/data_dir/styles/icons/fgdc/granito.svg
Holoceno,"Tobas, cineritas, tufitas, areniscas medias a gruesas, conglomerados",CENOZOICO_ARENA,#00FF00,/opt/geoserver/data_dir/styles/icons/fgdc/arena.svg
Holoceno,"Areniscas, arcilitas y limolitas, conglomerados",MESOZOICO_BASALTO,#FF6347,/opt/geoserver/data_dir/styles/icons/fgdc/basalto.svg
Holoceno,"Areniscas finas a medias, pelitas, calizas, coquinas",PALEO_GRANITO,#FFD700,/opt/geoserver/data_dir/styles/icons/fgdc/granito.svg
Holoceno,"Gneises, anfibolitas y granitos",CENOZOICO_ARENA,#00FF00,/opt/geoserver/data_dir/styles/icons/fgdc/arena.svg
Holoceno,"Granitos, granodioritas, dioritas, tonalitas.",MESOZOICO_BASALTO,#FF6347,/opt/geoserver/data_dir/styles/icons/fgdc/basalto.svg
Holoceno,"Gravas finas a medianas, arenas gruesas",PALEO_GRANITO,#FFD700,/opt/geoserver/data_dir/styles/icons/fgdc/granito.svg
Holoceno,Basaltos olivínicos,CENOZOICO_ARENA,#00FF00,/opt/geoserver/data_dir/styles/icons/fgdc/arena.svg
Holoceno,"Esquistos, filitas, ortocuarcitas, migmatitas y granitoides",MESOZOICO_BASALTO,#FF6347,/opt/geoserver/data_dir/styles/icons/fgdc/basalto.svg
Holoceno,Arenas medianas a gruesas y gravas finas,PALEO_GRANITO,#FFD700,/opt/geoserver/data_dir/styles/icons/fgdc/granito.svg
Holoceno,"Till, gravas, arenas y pelitas",CENOZOICO_ARENA,#00FF00,/opt/geoserver/data_dir/styles/icons/fgdc/arena.svg
Holoceno,"Areniscas, conglomerados y pelitas.",MESOZOICO_BASALTO,#FF6347,/opt/geoserver/data_dir/styles/icons/fgdc/basalto.svg
Holoceno,Metavolcanitas ácidas a mesosilícicas,PALEO_GRANITO,#FFD700,/opt/geoserver/data_dir/styles/icons/fgdc/granito.svg
Holoceno,Arenas y gravas,CENOZOICO_ARENA,#00FF00,/opt/geoserver/data_dir/styles/icons/fgdc/arena.svg
Holoceno,Rocas ultramáficas,MESOZOICO_BASALTO,#FF6347,/opt/geoserver/data_dir/styles/icons/fgdc/basalto.svg
Holoceno,"Arenas, gravas y pelitas",PALEO_GRANITO,#FFD700,/opt/geoserver/data_dir/styles/icons/fgdc/granito.svg
Holoceno,Limos y arcillas,CENOZOICO_ARENA,#00FF00,/opt/geoserver/data_dir/styles/icons/fgdc/arena.svg
Holoceno,"Arenas finas a medianas, rodados",MESOZOICO_BASALTO,#FF6347,/opt/geoserver/data_dir/styles/icons/fgdc/basalto.svg
Holoceno,Bloques,PALEO_GRANITO,#FFD700,/opt/geoserver/data_dir/styles/icons/fgdc/granito.svg
Holoceno,"Ortocuarcitas, cuarcitas y conglomerados, pelitas",CENOZOICO_ARENA,#00FF00,/opt/geoserver/data_dir/styles/icons/fgdc/arena.svg
Holoceno,"Basaltos alcalinos, basanitas, nefelinitas",MESOZOICO_BASALTO,#FF6347,/opt/geoserver/data_dir/styles/icons/fgdc/basalto.svg
Holoceno,"Riolitas y andesitas, tobas, ignimbritas y tufitas",PALEO_GRANITO,#FFD700,/opt/geoserver/data_dir/styles/icons/fgdc/granito.svg
Holoceno,"Tobas, areniscas, pelitas, tufitas, calizas, lavas e ignimbritas riolíticas y andesíticas",CENOZOICO_ARENA,#00FF00,/opt/geoserver/data_dir/styles/icons/fgdc/arena.svg
Holoceno,"Gravas medianas a gruesas, arenas gruesas",MESOZOICO_BASALTO,#FF6347,/opt/geoserver/data_dir/styles/icons/fgdc/basalto.svg
Holoceno,"Arenas, gravas, limos",PALEO_GRANITO,#FFD700,/opt/geoserver/data_dir/styles/icons/fgdc/granito.svg
Holoceno,"Gravas, arenas",CENOZOICO_ARENA,#00FF00,/opt/geoserver/data_dir/styles/icons/fgdc/arena.svg
Holoceno,"Conglomerados, areniscas, calizas, pelitas",MESOZOICO_BASALTO,#FF6347,/opt/geoserver/data_dir/styles/icons/fgdc/basalto.svg
Holoceno,"Limolitas, areniscas, conglomerados, olistolitos",PALEO_GRANITO,#FFD700,/opt/geoserver/data_dir/styles/icons/fgdc/granito.svg
Holoceno,"Granitos, granodioritas, tonalitas y diques riolíticos",CENOZOICO_ARENA,#00FF00,/opt/geoserver/data_dir/styles/icons/fgdc/arena.svg
Holoceno,"Areniscas, limolitas y conglomerados",MESOZOICO_BASALTO,#FF6347,/opt/geoserver/data_dir/styles/icons/fgdc/basalto.svg
Holoceno,"Areniscas, conglomerados, tufitas y tobas",PALEO_GRANITO,#FFD700,/opt/geoserver/data_dir/styles/icons/fgdc/granito.svg
Holoceno,"Limos, arcillas, arenas",CENOZOICO_ARENA,#00FF00,/opt/geoserver/data_dir/styles/icons/fgdc/arena.svg
Holoceno,"Andesitas, riolitas, basaltos, tobas, brechas, conglomerados, areniscas",MESOZOICO_BASALTO,#FF6347,/opt/geoserver/data_dir/styles/icons/fgdc/basalto.svg
Holoceno,"Tobas, tufitas, ignimbritas, areniscas y conglomerados",PALEO_GRANITO,#FFD700,/opt/geoserver/data_dir/styles/icons/fgdc/granito.svg
Holoceno,"Traquitas y tobas traquíticas, brechas y aglomerados.",CENOZOICO_ARENA,#00FF00,/opt/geoserver/data_dir/styles/icons/fgdc/arena.svg
Holoceno,"Till, gravas, arenas, arcillas",MESOZOICO_BASALTO,#FF6347,/opt/geoserver/data_dir/styles/icons/fgdc/basalto.svg
Holoceno,"Areniscas, pelitas, conglomerados, calizas",PALEO_GRANITO,#FFD700,/opt/geoserver/data_dir/styles/icons/fgdc/granito.svg
Holoceno,"Areniscas, pelitas, calizas, evaporitas",CENOZOICO_ARENA,#00FF00,/opt/geoserver/data_dir/styles/icons/fgdc/arena.svg
Holoceno,"Riolitas, dacitas, andesitas, ignimbritas, tobas, brechas, conglomerados",MESOZOICO_BASALTO,#FF6347,/opt/geoserver/data_dir/styles/icons/fgdc/basalto.svg
Holoceno,"Andesitas, ignimbritas",PALEO_GRANITO,#FFD700,/opt/geoserver/data_dir/styles/icons/fgdc/granito.svg
Holoceno,Metamorfitas y plutonitas metamorfizadas,CENOZOICO_ARENA,#00FF00,/opt/geoserver/data_dir/styles/icons/fgdc/arena.svg
Holoceno,"Metarenitas, filitas, mármoles, areniscas y pelitas",MESOZOICO_BASALTO,#FF6347,/opt/geoserver/data_dir/styles/icons/fgdc/basalto.svg
Holoceno,"Conglomerados, areniscas, pelitas, tufitas, tobas, yeso",PALEO_GRANITO,#FFD700,/opt/geoserver/data_dir/styles/icons/fgdc/granito.svg
Holoceno,"Brechas y areniscas volcánicas, tobas, tufitas, andesitas",CENOZOICO_ARENA,#00FF00,/opt/geoserver/data_dir/styles/icons/fgdc/arena.svg
Holoceno,"Calizas, margas, dolomias, fangolitas calcáreas",MESOZOICO_BASALTO,#FF6347,/opt/geoserver/data_dir/styles/icons/fgdc/basalto.svg
Holoceno,"Granitos, granodioritas",PALEO_GRANITO,#FFD700,/opt/geoserver/data_dir/styles/icons/fgdc/granito.svg
Holoceno,"Andesitas, dacitas, ignimbritas, tobas, pórfiros andesíticos y dacíticos",CENOZOICO_ARENA,#00FF00,/opt/geoserver/data_dir/styles/icons/fgdc/arena.svg
Holoceno,"Areniscas, arcilitas, calizas silicificadas",MESOZOICO_BASALTO,#FF6347,/opt/geoserver/data_dir/styles/icons/fgdc/basalto.svg
Holoceno,Areniscas y lutitas,PALEO_GRANITO,#FFD700,/opt/geoserver/data_dir/styles/icons/fgdc/granito.svg
Holoceno,Granitos muscovítico biotítico parcialmente pegmatíticos,CENOZOICO_ARENA,#00FF00,/opt/geoserver/data_dir/styles/icons/fgdc/arena.svg
Holoceno,"Limolitas con cemento carbonático, arenas, limos",MESOZOICO_BASALTO,#FF6347,/opt/geoserver/data_dir/styles/icons/fgdc/basalto.svg
Holoceno,"Andesitas, ignimbritas, tobas",PALEO_GRANITO,#FFD700,/opt/geoserver/data_dir/styles/icons/fgdc/granito.svg
Holoceno,"Basaltos, andesitas, tobas, tufitas",CENOZOICO_ARENA,#00FF00,/opt/geoserver/data_dir/styles/icons/fgdc/arena.svg
Holoceno,"Conglomerados, areniscas",MESOZOICO_BASALTO,#FF6347,/opt/geoserver/data_dir/styles/icons/fgdc/basalto.svg
Holoceno,"Esquistos, cuarcitas, gneises",PALEO_GRANITO,#FFD700,/opt/geoserver/data_dir/styles/icons/fgdc/granito.svg
Holoceno,Mármoles,CENOZOICO_ARENA,#00FF00,/opt/geoserver/data_dir/styles/icons/fgdc/arena.svg
Holoceno,"Ignimbritas dacíticas y riolíticas, brechas volcánicas y volcanoclásticas",MESOZOICO_BASALTO,#FF6347,/opt/geoserver/data_dir/styles/icons/fgdc/basalto.svg
Holoceno,"Lavas dacíticas, andesíticas y basálticas, brechas autoclásticas de composición andesítica y depósitos de bloques y ceniza (block and ash) asociados a estrato volcanes",PALEO_GRANITO,#FFD700,/opt/geoserver/data_dir/styles/icons/fgdc/granito.svg
Holoceno,"Areniscas, conglomerados, limolitas, arcilitas",CENOZOICO_ARENA,#00FF00,/opt/geoserver/data_dir/styles/icons/fgdc/arena.svg
Holoceno,"Anfibolitas, esquistos, gneises, calizas y pegmatitas",MESOZOICO_BASALTO,#FF6347,/opt/geoserver/data_dir/styles/icons/fgdc/basalto.svg
Holoceno,"Basaltos, andesitas, tobas",PALEO_GRANITO,#FFD700,/opt/geoserver/data_dir/styles/icons/fgdc/granito.svg
Holoceno,"Andesitas, riodacítas, piroclastitas, areniscas líticas",CENOZOICO_ARENA,#00FF00,/opt/geoserver/data_dir/styles/icons/fgdc/arena.svg
Holoceno,"Depósitos de evaporitas (cloruros, sulfatos y boratos), limos y arcillas, tufitas y travertinos",MESOZOICO_BASALTO,#FF6347,/opt/geoserver/data_dir/styles/icons/fgdc/basalto.svg
Holoceno,Cuerpos porfídicos hipabisales de composición diorítica a andesítica y dacítica,PALEO_GRANITO,#FFD700,/opt/geoserver/data_dir/styles/icons/fgdc/granito.svg
Holoceno,Margas arenosas y areniscas arcillosas,CENOZOICO_ARENA,#00FF00,/opt/geoserver/data_dir/styles/icons/fgdc/arena.svg
Holoceno,Traquiandesitas,MESOZOICO_BASALTO,#FF6347,/opt/geoserver/data_dir/styles/icons/fgdc/basalto.svg
Holoceno,"Areniscas, pelitas, conglomerados, calizas, evaporitas, tobas",PALEO_GRANITO,#FFD700,/opt/geoserver/data_dir/styles/icons/fgdc/granito.svg
Holoceno,"Limolitas, areniscas, arcilitas, calcretes",CENOZOICO_ARENA,#00FF00,/opt/geoserver/data_dir/styles/icons/fgdc/arena.svg
Holoceno,"Pelitas, areniscas, diamictitas, conglomerados",MESOZOICO_BASALTO,#FF6347,/opt/geoserver/data_dir/styles/icons/fgdc/basalto.svg
Holoceno,"Basaltos, tobas",PALEO_GRANITO,#FFD700,/opt/geoserver/data_dir/styles/icons/fgdc/granito.svg
Holoceno,"Granitos, granodioritas, tonalitas",CENOZOICO_ARENA,#00FF00,/opt/geoserver/data_dir/styles/icons/fgdc/arena.svg
Holoceno,"Limos, arcillas y evaporitas",MESOZOICO_BASALTO,#FF6347,/opt/geoserver/data_dir/styles/icons/fgdc/basalto.svg
Holoceno,"Granodioritas, dioritas, tonalitas",PALEO_GRANITO,#FFD700,/opt/geoserver/data_dir/styles/icons/fgdc/granito.svg
Holoceno,"Trondjhemitas, tonalitas",CENOZOICO_ARENA,#00FF00,/opt/geoserver/data_dir/styles/icons/fgdc/arena.svg
Holoceno,"Areniscas finas a gruesas, conglomerados, tobas, pelitas negras",MESOZOICO_BASALTO,#FF6347,/opt/geoserver/data_dir/styles/icons/fgdc/basalto.svg
Holoceno,"Areniscas gruesas y conglomerados, tobas y tufitas, coquinas",PALEO_GRANITO,#FFD700,/opt/geoserver/data_dir/styles/icons/fgdc/granito.svg
Holoceno,"Riolitas, basaltos y traquitas",CENOZOICO_ARENA,#00FF00,/opt/geoserver/data_dir/styles/icons/fgdc/arena.svg
Holoceno,"Lavas, brechas, ignimbritas y tobas de composición riolítica, dacítica y andesítica",MESOZOICO_BASALTO,#FF6347,/opt/geoserver/data_dir/styles/icons/fgdc/basalto.svg
Holoceno,"Leucogranitos de dos micas y monzogranitos biotíticos con tendencia porfídica, al que se asocian pórfidos graníticos y diques micrograníticos. También se reconocen lamprófiros, aplitas y diques graníticos. Sienitas y granitos riebeckíticos y diques",PALEO_GRANITO,#FFD700,/opt/geoserver/data_dir/styles/icons/fgdc/granito.svg
Holoceno,Granitoides,CENOZOICO_ARENA,#00FF00,/opt/geoserver/data_dir/styles/icons/fgdc/arena.svg
Holoceno,"Basaltos, andesitas, dacitas, tobas, brechas, pelitas",MESOZOICO_BASALTO,#FF6347,/opt/geoserver/data_dir/styles/icons/fgdc/basalto.svg
Holoceno,"Depósitos residuales limosos, ferricretes",PALEO_GRANITO,#FFD700,/opt/geoserver/data_dir/styles/icons/fgdc/granito.svg
Holoceno,"Granitos y granodioritas, tonalitas",CENOZOICO_ARENA,#00FF00,/opt/geoserver/data_dir/styles/icons/fgdc/arena.svg
Holoceno,"Ortocuarcitas, areniscas y pelitas",MESOZOICO_BASALTO,#FF6347,/opt/geoserver/data_dir/styles/icons/fgdc/basalto.svg
Holoceno,"Areniscas medianas a finas, conglomerados polimícticos, evaporitas, caliza y yeso; sedimentitas clásticas calcáreas con intercalaciones de dacitas y tobas",PALEO_GRANITO,#FFD700,/opt/geoserver/data_dir/styles/icons/fgdc/granito.svg
Holoceno,"Conglomerados, areniscas conglomerádicas, areniscas, pelitas y limolitas y calizas",CENOZOICO_ARENA,#00FF00,/opt/geoserver/data_dir/styles/icons/fgdc/arena.svg
Holoceno,"Gabros, granitos, granodioritas, dioritas, sienitas, monzonitas, monzodioritas, monzogranitos, tonalitas",MESOZOICO_BASALTO,#FF6347,/opt/geoserver/data_dir/styles/icons/fgdc/basalto.svg
Holoceno,"Areniscas, limolitas, duricostras",PALEO_GRANITO,#FFD700,/opt/geoserver/data_dir/styles/icons/fgdc/granito.svg
Holoceno,"Diamictitas, areniscas",CENOZOICO_ARENA,#00FF00,/opt/geoserver/data_dir/styles/icons/fgdc/arena.svg
Holoceno,Areniscas y limolitas,MESOZOICO_BASALTO,#FF6347,/opt/geoserver/data_dir/styles/icons/fgdc/basalto.svg
Holoceno,Riolitas,PALEO_GRANITO,#FFD700,/opt/geoserver/data_dir/styles/icons/fgdc/granito.svg
Holoceno,"Areniscas, cuarcitas",CENOZOICO_ARENA,#00FF00,/opt/geoserver/data_dir/styles/icons/fgdc/arena.svg
Holoceno,"Pelitas y areniscas, fosilíferas",MESOZOICO_BASALTO,#FF6347,/opt/geoserver/data_dir/styles/icons/fgdc/basalto.svg
Holoceno,"Lutitas, areniscas, conglomerados, tobas",PALEO_GRANITO,#FFD700,/opt/geoserver/data_dir/styles/icons/fgdc/granito.svg
Holoceno,"Granitos, granodioritas, microgranitos",CENOZOICO_ARENA,#00FF00,/opt/geoserver/data_dir/styles/icons/fgdc/arena.svg
Holoceno,"Filitas, esquistos, cuarcitas",MESOZOICO_BASALTO,#FF6347,/opt/geoserver/data_dir/styles/icons/fgdc/basalto.svg
Holoceno,"Conglomerados, areniscas, tobas, andesitas, brechas ignimbríticas",PALEO_GRANITO,#FFD700,/opt/geoserver/data_dir/styles/icons/fgdc/granito.svg
Holoceno,"Areniscas, pelitas, conglomerados, calizas, evaporitas",CENOZOICO_ARENA,#00FF00,/opt/geoserver/data_dir/styles/icons/fgdc/arena.svg
Holoceno,"Esquistos, gneises, milonitas, anfibolitas y mármoles",MESOZOICO_BASALTO,#FF6347,/opt/geoserver/data_dir/styles/icons/fgdc/basalto.svg
Holoceno,"Esquistos, gneises, mármoles, metadiabasas",PALEO_GRANITO,#FFD700,/opt/geoserver/data_dir/styles/icons/fgdc/granito.svg
Holoceno,"Andesitas, basandesitas, aglomerados, areniscas, tobas",CENOZOICO_ARENA,#00FF00,/opt/geoserver/data_dir/styles/icons/fgdc/arena.svg
Holoceno,"Granitos, aplitas, pegmatitas",MESOZOICO_BASALTO,#FF6347,/opt/geoserver/data_dir/styles/icons/fgdc/basalto.svg
Holoceno,"Basaltos y diabasas (estructura almohadillada). Diques y filones diabásicos, gabros y dioritas",PALEO_GRANITO,#FFD700,/opt/geoserver/data_dir/styles/icons/fgdc/granito.svg
Holoceno,"Limos, arcillas, sales",CENOZOICO_ARENA,#00FF00,/opt/geoserver/data_dir/styles/icons/fgdc/arena.svg
Holoceno,"Areniscas finas a gruesas, conglomerados, pelitas, coquinas.",MESOZOICO_BASALTO,#FF6347,/opt/geoserver/data_dir/styles/icons/fgdc/basalto.svg
Holoceno,"Areniscas medias a gruesas, arcilitas, tobas y tufitas",PALEO_GRANITO,#FFD700,/opt/geoserver/data_dir/styles/icons/fgdc/granito.svg
Holoceno,"Areniscas feldespáticas, limolitas, lutitas, arcosas",CENOZOICO_ARENA,#00FF00,/opt/geoserver/data_dir/styles/icons/fgdc/arena.svg
Holoceno,"Granitos, granodiorítas, pórfidos",MESOZOICO_BASALTO,#FF6347,/opt/geoserver/data_dir/styles/icons/fgdc/basalto.svg
Holoceno,"Granodioritas, tonalitas, granitos",PALEO_GRANITO,#FFD700,/opt/geoserver/data_dir/styles/icons/fgdc/granito.svg
Holoceno,"Tobas, chonitas, areniscas finas a medias, arcilitas",CENOZOICO_ARENA,#00FF00,/opt/geoserver/data_dir/styles/icons/fgdc/arena.svg
Holoceno,"Granófiros, pórfiros riolíticos",MESOZOICO_BASALTO,#FF6347,/opt/geoserver/data_dir/styles/icons/fgdc/basalto.svg
Holoceno,"Basaltos olivínicos, basanitas",PALEO_GRANITO,#FFD700,/opt/geoserver/data_dir/styles/icons/fgdc/granito.svg
Holoceno,"Tobas, cineritas, arcilitas, bentonitas",CENOZOICO_ARENA,#00FF00,/opt/geoserver/data_dir/styles/icons/fgdc/arena.svg
Holoceno,"Dacitas, riolitas, andesitas, basaltos, tobas e ignimbritas",MESOZOICO_BASALTO,#FF6347,/opt/geoserver/data_dir/styles/icons/fgdc/basalto.svg
Holoceno,"Tobas, tufitas, conglomerados, calizas y basaltos",PALEO_GRANITO,#FFD700,/opt/geoserver/data_dir/styles/icons/fgdc/granito.svg
Holoceno,"Conglomerados, areniscas, arcilitas y calizas",CENOZOICO_ARENA,#00FF00,/opt/geoserver/data_dir/styles/icons/fgdc/arena.svg
Holoceno,"Riolitas y andesitas, ignimbritas y tobas ácidas",MESOZOICO_BASALTO,#FF6347,/opt/geoserver/data_dir/styles/icons/fgdc/basalto.svg
Holoceno,"Basaltos, andesitas, tobas, ignimbritas y aglomerados volcánicos",PALEO_GRANITO,#FFD700,/opt/geoserver/data_dir/styles/icons/fgdc/granito.svg
Holoceno,"Areniscas, pelitas, coquinas, tufitas, tobas",CENOZOICO_ARENA,#00FF00,/opt/geoserver/data_dir/styles/icons/fgdc/arena.svg
Holoceno,"Basaltos olivínicos, pórfiros basálticos",MESOZOICO_BASALTO,#FF6347,/opt/geoserver/data_dir/styles/icons/fgdc/basalto.svg
Holoceno,"Areniscas, pelitas, conglomerados, tobas.",PALEO_GRANITO,#FFD700,/opt/geoserver/data_dir/styles/icons/fgdc/granito.svg
Holoceno,"Granitos y granodioritas, pórfiros",CENOZOICO_ARENA,#00FF00,/opt/geoserver/data_dir/styles/icons/fgdc/arena.svg
Holoceno,"Riolitas e ignimbritas, dacitas y tobas",MESOZOICO_BASALTO,#FF6347,/opt/geoserver/data_dir/styles/icons/fgdc/basalto.svg
Holoceno,Basaltos y adakitas,PALEO_GRANITO,#FFD700,/opt/geoserver/data_dir/styles/icons/fgdc/granito.svg
Holoceno,Arenas finas a medianas,CENOZOICO_ARENA,#00FF00,/opt/geoserver/data_dir/styles/icons/fgdc/arena.svg
Pérmico,Areniscas,MESOZOICO_BASALTO,#FF6347,/opt/geoserver/data_dir/styles/icons/fgdc/basalto.svg
Pérmico,Diamictitas,PALEO_GRANITO,#FFD700,/opt/geoserver/data_dir/styles/icons/fgdc/granito.svg
Pérmico,"Areniscas, pelitas y conglomerados",CENOZOICO_ARENA,#00FF00,/opt/geoserver/data_dir/styles/icons/fgdc/arena.svg
Pérmico,"Arenas, gravas y limos",MESOZOICO_BASALTO,#FF6347,/opt/geoserver/data_dir/styles/icons/fgdc/basalto.svg
Pérmico,Granitos,PALEO_GRANITO,#FFD700,/opt/geoserver/data_dir/styles/icons/fgdc/granito.svg
Pérmico,"Limos, arenas",CENOZOICO_ARENA,#00FF00,/opt/geoserver/data_dir/styles/icons/fgdc/arena.svg
Pérmico,"Areniscas, conglomerados, pelitas",MESOZOICO_BASALTO,#FF6347,/opt/geoserver/data_dir/styles/icons/fgdc/basalto.svg
Pérmico,"Conglomerados, areniscas conglomerádicas, areniscas, pelitas y limolitas",PALEO_GRANITO,#FFD700,/opt/geoserver/data_dir/styles/icons/fgdc/granito.svg
Pérmico,"Gabros, dioritas, ortoanfibolitas, serpentinitas",CENOZOICO_ARENA,#00FF00,/opt/geoserver/data_dir/styles/icons/fgdc/arena.svg
Pérmico,Fajas miloníticas. Milonitas y protomilonitas,MESOZOICO_BASALTO,#FF6347,/opt/geoserver/data_dir/styles/icons/fgdc/basalto.svg
Pérmico,Loess,PALEO_GRANITO,#FFD700,/opt/geoserver/data_dir/styles/icons/fgdc/granito.svg
Pérmico,Sedimentos salinos,CENOZOICO_ARENA,#00FF00,/opt/geoserver/data_dir/styles/icons/fgdc/arena.svg
Pérmico,Fanglomerados y conglomerados,MESOZOICO_BASALTO,#FF6347,/opt/geoserver/data_dir/styles/icons/fgdc/basalto.svg
Pérmico,Arenas,PALEO_GRANITO,#FFD700,/opt/geoserver/data_dir/styles/icons/fgdc/granito.svg
Pérmico,Gravas y arenas,CENOZOICO_ARENA,#00FF00,/opt/geoserver/data_dir/styles/icons/fgdc/arena.svg
Pérmico,Riodacitas,MESOZOICO_BASALTO,#FF6347,/opt/geoserver/data_dir/styles/icons/fgdc/basalto.svg
Pérmico,"Granodioritas, tonalitas",PALEO_GRANITO,#FFD700,/opt/geoserver/data_dir/styles/icons/fgdc/granito.svg
Pérmico,"Granitoides peraluminosos, sienogranitos y monzogranitos pórfidicos, granodioritas",CENOZOICO_ARENA,#00FF00,/opt/geoserver/data_dir/styles/icons/fgdc/arena.svg
Pérmico,"Areniscas, conglomerados y arcilitas",MESOZOICO_BASALTO,#FF6347,/opt/geoserver/data_dir/styles/icons/fgdc/basalto.svg
Pérmico,Calcretes,PALEO_GRANITO,#FFD700,/opt/geoserver/data_dir/styles/icons/fgdc/granito.svg
Pérmico,Calizas,CENOZOICO_ARENA,#00FF00,/opt/geoserver/data_dir/styles/icons/fgdc/arena.svg
Pérmico,Areniscas y conglomerados,MESOZOICO_BASALTO,#FF6347,/opt/geoserver/data_dir/styles/icons/fgdc/basalto.svg
Pérmico,Arenas y limos,PALEO_GRANITO,#FFD700,/opt/geoserver/data_dir/styles/icons/fgdc/granito.svg
Pérmico,Filitas,CENOZOICO_ARENA,#00FF00,/opt/geoserver/data_dir/styles/icons/fgdc/arena.svg
Pérmico,Basaltos,MESOZOICO_BASALTO,#FF6347,/opt/geoserver/data_dir/styles/icons/fgdc/basalto.svg
Pérmico,Andesitas,PALEO_GRANITO,#FFD700,/opt/geoserver/data_dir/styles/icons/fgdc/granito.svg
Pérmico,Gneises y metatexitas,CENOZOICO_ARENA,#00FF00,/opt/geoserver/data_dir/styles/icons/fgdc/arena.svg
Pérmico,Arcosas y calcretes,MESOZOICO_BASALTO,#FF6347,/opt/geoserver/data_dir/styles/icons/fgdc/basalto.svg
Pérmico,"Monzogranitos, tonalitas",PALEO_GRANITO,#FFD700,/opt/geoserver/data_dir/styles/icons/fgdc/granito.svg
Pérmico,Gabros,CENOZOICO_ARENA,#00FF00,/opt/geoserver/data_dir/styles/icons/fgdc/arena.svg
Pérmico,Milonitas y protomilonitas,MESOZOICO_BASALTO,#FF6347,/opt/geoserver/data_dir/styles/icons/fgdc/basalto.svg
Pérmico,,PALEO_GRANITO,#FFD700,/opt/geoserver/data_dir/styles/icons/fgdc/granito.svg
Pérmico,Monzogranitos,CENOZOICO_ARENA,#00FF00,/opt/geoserver/data_dir/styles/icons/fgdc/arena.svg
Pérmico,"Arenas, limos y arcillas",MESOZOICO_BASALTO,#FF6347,/opt/geoserver/data_dir/styles/icons/fgdc/basalto.svg
Pérmico,Arenas y arcillas con elevado contenido de matería orgánica,PALEO_GRANITO,#FFD700,/opt/geoserver/data_dir/styles/icons/fgdc/granito.svg
Pérmico,Arcillas y limos con elevado contenido de materia orgánica,CENOZOICO_ARENA,#00FF00,/opt/geoserver/data_dir/styles/icons/fgdc/arena.svg
Pérmico,Limos arenosos a arcillosos,MESOZOICO_BASALTO,#FF6347,/opt/geoserver/data_dir/styles/icons/fgdc/basalto.svg
Pérmico,Limos y calcretes,PALEO_GRANITO,#FFD700,/opt/geoserver/data_dir/styles/icons/fgdc/granito.svg
Pérmico,"Limos, arenas y arcillas",CENOZOICO_ARENA,#00FF00,/opt/geoserver/data_dir/styles/icons/fgdc/arena.svg
Pérmico,Milonitas,MESOZOICO_BASALTO,#FF6347,/opt/geoserver/data_dir/styles/icons/fgdc/basalto.svg
Pérmico,Basaltos y andesitas,PALEO_GRANITO,#FFD700,/opt/geoserver/data_dir/styles/icons/fgdc/granito.svg
Pérmico,Limos,CENOZOICO_ARENA,#00FF00,/opt/geoserver/data_dir/styles/icons/fgdc/arena.svg
Pérmico,Limos y arenas,MESOZOICO_BASALTO,#FF6347,/opt/geoserver/data_dir/styles/icons/fgdc/basalto.svg
Pérmico,"Areniscas, cuarcitas, calizas, dolomías, pelitas",PALEO_GRANITO,#FFD700,/opt/geoserver/data_dir/styles/icons/fgdc/granito.svg
Pérmico,"Limos, arcillas, evaporitas",CENOZOICO_ARENA,#00FF00,/opt/geoserver/data_dir/styles/icons/fgdc/arena.svg
Pérmico,"Granitos, granodioritas, esquistos, gneises, migmatitas",MESOZOICO_BASALTO,#FF6347,/opt/geoserver/data_dir/styles/icons/fgdc/basalto.svg
Pérmico,Basaltos a andesitas basálticas,PALEO_GRANITO,#FFD700,/opt/geoserver/data_dir/styles/icons/fgdc/granito.svg
Pérmico,Limos arcillosos,CENOZOICO_ARENA,#00FF00,/opt/geoserver/data_dir/styles/icons/fgdc/arena.svg
Pérmico,"Limos, arenas, gravas",MESOZOICO_BASALTO,#FF6347,/opt/geoserver/data_dir/styles/icons/fgdc/basalto.svg
Pérmico,"Granitos, granodioritas, monzogranitos, tonalitas, leucogranitos",PALEO_GRANITO,#FFD700,/opt/geoserver/data_dir/styles/icons/fgdc/granito.svg
Pérmico,"Areniscas, areniscas conglomerádicas, conglomerados, brechas, fangolitas, limolitas y lutitas rojizas con intercalación de volcanitas alcalinas, areniscas calcáreas, pelitas, grauvacas y calizas con niveles estromatolíticos y oolíticos",CENOZOICO_ARENA,#00FF00,/opt/geoserver/data_dir/styles/icons/fgdc/arena.svg
Pérmico,"Secuencias turbidíticas integradas por areniscas cuarcíferas, areniscas, grauvacas, pelitas, limolitas y lutitas y, subordinadamente, calizas",MESOZOICO_BASALTO,#FF6347,/opt/geoserver/data_dir/styles/icons/fgdc/basalto.svg
Pérmico,"Dacitas, andesitas, basaltos; conos piroclásticos y depósitos de avalancha volcánica",PALEO_GRANITO,#FFD700,/opt/geoserver/data_dir/styles/icons/fgdc/granito.svg
Pérmico,"Conglomerados, areniscas, limolitas, arcillolitas comunmente con niveles salinos y yesíferos",CENOZOICO_ARENA,#00FF00,/opt/geoserver/data_dir/styles/icons/fgdc/arena.svg
Pérmico,"Tobas, ignimbritas dacíticas-riodacíticas, flujos piroclásticos dacíticos a riodacíticos, depósitos de caída",MESOZOICO_BASALTO,#FF6347,/opt/geoserver/data_dir/styles/icons/fgdc/basalto.svg
Pérmico,"Riolitas, dacitas, traquiandesitas, diabasas, andesitas basálticas, lavas basálticas almohadilladas, ignimbritas y tobas",PALEO_GRANITO,#FFD700,/opt/geoserver/data_dir/styles/icons/fgdc/granito.svg
Pérmico,"Cuarcitas, areniscas",CENOZOICO_ARENA,#00FF00,/opt/geoserver/data_dir/styles/icons/fgdc/arena.svg
Pérmico,"Ignimbritas dacíticas, flujos piroclásticos",MESOZOICO_BASALTO,#FF6347,/opt/geoserver/data_dir/styles/icons/fgdc/basalto.svg
Pérmico,"Esquistos cuarzo-feldespáticos-biotíticos-moscovíticos, anfibolitas, gneises, ortogneises, migmatitas, metagranitos",PALEO_GRANITO,#FFD700,/opt/geoserver/data_dir/styles/icons/fgdc/granito.svg
Pérmico,Gneises y esquistos,CENOZOICO_ARENA,#00FF00,/opt/geoserver/data_dir/styles/icons/fgdc/arena.svg
Pérmico,"Areniscas, areniscas conglomerádicas, diamictitas",MESOZOICO_BASALTO,#FF6347,/opt/geoserver/data_dir/styles/icons/fgdc/basalto.svg
Pérmico,"Depósitos detríticos de gravas, arenas, limos",PALEO_GRANITO,#FFD700,/opt/geoserver/data_dir/styles/icons/fgdc/granito.svg
Pérmico,"Conglomerados, areniscas y limoarcilitas",CENOZOICO_ARENA,#00FF00,/opt/geoserver/data_dir/styles/icons/fgdc/arena.svg
Pérmico,"Cuarcitas, pelitas, areniscas, calizas, grauvacas; con intercalaciones de riolitas, dacitas, traquiandesitas, diabasas, andesitas basálticas, lavas basálticas almohadilladas, ignimbritas y tobas",MESOZOICO_BASALTO,#FF6347,/opt/geoserver/data_dir/styles/icons/fgdc/basalto.svg
Pérmico,"Limolitas, diamictitas, grauvacas, lutitas",PALEO_GRANITO,#FFD700,/opt/geoserver/data_dir/styles/icons/fgdc/granito.svg
Pérmico,Adakitas,CENOZOICO_ARENA,#00FF00,/opt/geoserver/data_dir/styles/icons/fgdc/arena.svg
Pérmico,"Esquistos, gneises, pizarras y filitas",MESOZOICO_BASALTO,#FF6347,/opt/geoserver/data_dir/styles/icons/fgdc/basalto.svg
Pérmico,"Gneises, ortogneises, migmatitas, anfibolitas y esquistos",PALEO_GRANITO,#FFD700,/opt/geoserver/data_dir/styles/icons/fgdc/granito.svg
Pérmico,"Areniscas, limolitas y arcilitas",CENOZOICO_ARENA,#00FF00,/opt/geoserver/data_dir/styles/icons/fgdc/arena.svg
Pérmico,"Areniscas, pelitas, filitas y esquistos",MESOZOICO_BASALTO,#FF6347,/opt/geoserver/data_dir/styles/icons/fgdc/basalto.svg
Pérmico,"Areniscas medianas a gruesas, coquinas, pelitas, calizas",PALEO_GRANITO,#FFD700,/opt/geoserver/data_dir/styles/icons/fgdc/granito.svg
Pérmico,"Areniscas finas a medianas, coquinas, pelitas, carbón",CENOZOICO_ARENA,#00FF00,/opt/geoserver/data_dir/styles/icons/fgdc/arena.svg
Pérmico,"Areniscas, conglomerados,pelitas, carbón",MESOZOICO_BASALTO,#FF6347,/opt/geoserver/data_dir/styles/icons/fgdc/basalto.svg
Pérmico,"Andesitas, basaltos, tobas",PALEO_GRANITO,#FFD700,/opt/geoserver/data_dir/styles/icons/fgdc/granito.svg
Pérmico,"Basaltos, basanitas, teschenitas, gabros.",CENOZOICO_ARENA,#00FF00,/opt/geoserver/data_dir/styles/icons/fgdc/arena.svg
Pérmico,"Ignimbritas y tobas ácidas, riolitas, pelitas y tufitas",MESOZOICO_BASALTO,#FF6347,/opt/geoserver/data_dir/styles/icons/fgdc/basalto.svg
Pérmico,Gabros y diques basálticos,PALEO_GRANITO,#FFD700,/opt/geoserver/data_dir/styles/icons/fgdc/granito.svg
Pérmico,"Tobas, tufitas, pelitas, areniscas gruesas a conglomerados",CENOZOICO_ARENA,#00FF00,/opt/geoserver/data_dir/styles/icons/fgdc/arena.svg
Pérmico,"Tobas, cineritas, tufitas, areniscas medias a gruesas, conglomerados",MESOZOICO_BASALTO,#FF6347,/opt/geoserver/data_dir/styles/icons/fgdc/basalto.svg
Pérmico,"Areniscas, arcilitas y limolitas, conglomerados",PALEO_GRANITO,#FFD700,/opt/geoserver/data_dir/styles/icons/fgdc/granito.svg
Pérmico,"Areniscas finas a medias, pelitas, calizas, coquinas",CENOZOICO_ARENA,#00FF00,/opt/geoserver/data_dir/styles/icons/fgdc/arena.svg
Pérmico,"Gneises, anfibolitas y granitos",MESOZOICO_BASALTO,#FF6347,/opt/geoserver/data_dir/styles/icons/fgdc/basalto.svg
Pérmico,"Granitos, granodioritas, dioritas, tonalitas.",PALEO_GRANITO,#FFD700,/opt/geoserver/data_dir/styles/icons/fgdc/granito.svg
Pérmico,"Gravas finas a medianas, arenas gruesas",CENOZOICO_ARENA,#00FF00,/opt/geoserver/data_dir/styles/icons/fgdc/arena.svg
Pérmico,Basaltos olivínicos,MESOZOICO_BASALTO,#FF6347,/opt/geoserver/data_dir/styles/icons/fgdc/basalto.svg
Pérmico,"Esquistos, filitas, ortocuarcitas, migmatitas y granitoides",PALEO_GRANITO,#FFD700,/opt/geoserver/data_dir/styles/icons/fgdc/granito.svg
Pérmico,Arenas medianas a gruesas y gravas finas,CENOZOICO_ARENA,#00FF00,/opt/geoserver/data_dir/styles/icons/fgdc/arena.svg
Pérmico,"Till, gravas, arenas y pelitas",MESOZOICO_BASALTO,#FF6347,/opt/geoserver/data_dir/styles/icons/fgdc/basalto.svg
Pérmico,"Areniscas, conglomerados y pelitas.",PALEO_GRANITO,#FFD700,/opt/geoserver/data_dir/styles/icons/fgdc/granito.svg
Pérmico,Metavolcanitas ácidas a mesosilícicas,CENOZOICO_ARENA,#00FF00,/opt/geoserver/data_dir/styles/icons/fgdc/arena.svg
Pérmico,Arenas y gravas,MESOZOICO_BASALTO,#FF6347,/opt/geoserver/data_dir/styles/icons/fgdc/basalto.svg
Pérmico,Rocas ultramáficas,PALEO_GRANITO,#FFD700,/opt/geoserver/data_dir/styles/icons/fgdc/granito.svg
Pérmico,"Arenas, gravas y pelitas",CENOZOICO_ARENA,#00FF00,/opt/geoserver/data_dir/styles/icons/fgdc/arena.svg
Pérmico,Limos y arcillas,MESOZOICO_BASALTO,#FF6347,/opt/geoserver/data_dir/styles/icons/fgdc/basalto.svg
Pérmico,"Arenas finas a medianas, rodados",PALEO_GRANITO,#FFD700,/opt/geoserver/data_dir/styles/icons/fgdc/granito.svg
Pérmico,Bloques,CENOZOICO_ARENA,#00FF00,/opt/geoserver/data_dir/styles/icons/fgdc/arena.svg
Pérmico,"Ortocuarcitas, cuarcitas y conglomerados, pelitas",MESOZOICO_BASALTO,#FF6347,/opt/geoserver/data_dir/styles/icons/fgdc/basalto.svg
Pérmico,"Basaltos alcalinos, basanitas, nefelinitas",PALEO_GRANITO,#FFD700,/opt/geoserver/data_dir/styles/icons/fgdc/granito.svg
Pérmico,"Riolitas y andesitas, tobas, ignimbritas y tufitas",CENOZOICO_ARENA,#00FF00,/opt/geoserver/data_dir/styles/icons/fgdc/arena.svg
Pérmico,"Tobas, areniscas, pelitas, tufitas, calizas, lavas e ignimbritas riolíticas y andesíticas",MESOZOICO_BASALTO,#FF6347,/opt/geoserver/data_dir/styles/icons/fgdc/basalto.svg
Pérmico,"Gravas medianas a gruesas, arenas gruesas",PALEO_GRANITO,#FFD700,/opt/geoserver/data_dir/styles/icons/fgdc/granito.svg
Pérmico,"Arenas, gravas, limos",CENOZOICO_ARENA,#00FF00,/opt/geoserver/data_dir/styles/icons/fgdc/arena.svg
Pérmico,"Gravas, arenas",MESOZOICO_BASALTO,#FF6347,/opt/geoserver/data_dir/styles/icons/fgdc/basalto.svg
Pérmico,"Conglomerados, areniscas, calizas, pelitas",PALEO_GRANITO,#FFD700,/opt/geoserver/data_dir/styles/icons/fgdc/granito.svg
Pérmico,"Limolitas, areniscas, conglomerados, olistolitos",CENOZOICO_ARENA,#00FF00,/opt/geoserver/data_dir/styles/icons/fgdc/arena.svg
Pérmico,"Granitos, granodioritas, tonalitas y diques riolíticos",MESOZOICO_BASALTO,#FF6347,/opt/geoserver/data_dir/styles/icons/fgdc/basalto.svg
Pérmico,"Areniscas, limolitas y conglomerados",PALEO_GRANITO,#FFD700,/opt/geoserver/data_dir/styles/icons/fgdc/granito.svg
Pérmico,"Areniscas, conglomerados, tufitas y tobas",CENOZOICO_ARENA,#00FF00,/opt/geoserver/data_dir/styles/icons/fgdc/arena.svg
Pérmico,"Limos, arcillas, arenas",MESOZOICO_BASALTO,#FF6347,/opt/geoserver/data_dir/styles/icons/fgdc/basalto.svg
Pérmico,"Andesitas, riolitas, basaltos, tobas, brechas, conglomerados, areniscas",PALEO_GRANITO,#FFD700,/opt/geoserver/data_dir/styles/icons/fgdc/granito.svg
Pérmico,"Tobas, tufitas, ignimbritas, areniscas y conglomerados",CENOZOICO_ARENA,#00FF00,/opt/geoserver/data_dir/styles/icons/fgdc/arena.svg
Pérmico,"Traquitas y tobas traquíticas, brechas y aglomerados.",MESOZOICO_BASALTO,#FF6347,/opt/geoserver/data_dir/styles/icons/fgdc/basalto.svg
Pérmico,"Till, gravas, arenas, arcillas",PALEO_GRANITO,#FFD700,/opt/geoserver/data_dir/styles/icons/fgdc/granito.svg
Pérmico,"Areniscas, pelitas, conglomerados, calizas",CENOZOICO_ARENA,#00FF00,/opt/geoserver/data_dir/styles/icons/fgdc/arena.svg
Pérmico,"Areniscas, pelitas, calizas, evaporitas",MESOZOICO_BASALTO,#FF6347,/opt/geoserver/data_dir/styles/icons/fgdc/basalto.svg
Pérmico,"Riolitas, dacitas, andesitas, ignimbritas, tobas, brechas, conglomerados",PALEO_GRANITO,#FFD700,/opt/geoserver/data_dir/styles/icons/fgdc/granito.svg
Pérmico,"Andesitas, ignimbritas",CENOZOICO_ARENA,#00FF00,/opt/geoserver/data_dir/styles/icons/fgdc/arena.svg
Pérmico,Metamorfitas y plutonitas metamorfizadas,MESOZOICO_BASALTO,#FF6347,/opt/geoserver/data_dir/styles/icons/fgdc/basalto.svg
Pérmico,"Metarenitas, filitas, mármoles, areniscas y pelitas",PALEO_GRANITO,#FFD700,/opt/geoserver/data_dir/styles/icons/fgdc/granito.svg
Pérmico,"Conglomerados, areniscas, pelitas, tufitas, tobas, yeso",CENOZOICO_ARENA,#00FF00,/opt/geoserver/data_dir/styles/icons/fgdc/arena.svg
Pérmico,"Brechas y areniscas volcánicas, tobas, tufitas, andesitas",MESOZOICO_BASALTO,#FF6347,/opt/geoserver/data_dir/styles/icons/fgdc/basalto.svg
Pérmico,"Calizas, margas, dolomias, fangolitas calcáreas",PALEO_GRANITO,#FFD700,/opt/geoserver/data_dir/styles/icons/fgdc/granito.svg
Pérmico,"Granitos, granodioritas",CENOZOICO_ARENA,#00FF00,/opt/geoserver/data_dir/styles/icons/fgdc/arena.svg
Pérmico,"Andesitas, dacitas, ignimbritas, tobas, pórfiros andesíticos y dacíticos",MESOZOICO_BASALTO,#FF6347,/opt/geoserver/data_dir/styles/icons/fgdc/basalto.svg
Pérmico,"Areniscas, arcilitas, calizas silicificadas",PALEO_GRANITO,#FFD700,/opt/geoserver/data_dir/styles/icons/fgdc/granito.svg
Pérmico,Areniscas y lutitas,CENOZOICO_ARENA,#00FF00,/opt/geoserver/data_dir/styles/icons/fgdc/arena.svg
Pérmico,Granitos muscovítico biotítico parcialmente pegmatíticos,MESOZOICO_BASALTO,#FF6347,/opt/geoserver/data_dir/styles/icons/fgdc/basalto.svg
Pérmico,"Limolitas con cemento carbonático, arenas, limos",PALEO_GRANITO,#FFD700,/opt/geoserver/data_dir/styles/icons/fgdc/granito.svg
Pérmico,"Andesitas, ignimbritas, tobas",CENOZOICO_ARENA,#00FF00,/opt/geoserver/data_dir/styles/icons/fgdc/arena.svg
Pérmico,"Basaltos, andesitas, tobas, tufitas",MESOZOICO_BASALTO,#FF6347,/opt/geoserver/data_dir/styles/icons/fgdc/basalto.svg
Pérmico,"Conglomerados, areniscas",PALEO_GRANITO,#FFD700,/opt/geoserver/data_dir/styles/icons/fgdc/granito.svg
Pérmico,"Esquistos, cuarcitas, gneises",CENOZOICO_ARENA,#00FF00,/opt/geoserver/data_dir/styles/icons/fgdc/arena.svg
Pérmico,Mármoles,MESOZOICO_BASALTO,#FF6347,/opt/geoserver/data_dir/styles/icons/fgdc/basalto.svg
Pérmico,"Ignimbritas dacíticas y riolíticas, brechas volcánicas y volcanoclásticas",PALEO_GRANITO,#FFD700,/opt/geoserver/data_dir/styles/icons/fgdc/granito.svg
Pérmico,"Lavas dacíticas, andesíticas y basálticas, brechas autoclásticas de composición andesítica y depósitos de bloques y ceniza (block and ash) asociados a estrato volcanes",CENOZOICO_ARENA,#00FF00,/opt/geoserver/data_dir/styles/icons/fgdc/arena.svg
Pérmico,"Areniscas, conglomerados, limolitas, arcilitas",MESOZOICO_BASALTO,#FF6347,/opt/geoserver/data_dir/styles/icons/fgdc/basalto.svg
Pérmico,"Anfibolitas, esquistos, gneises, calizas y pegmatitas",PALEO_GRANITO,#FFD700,/opt/geoserver/data_dir/styles/icons/fgdc/granito.svg
Pérmico,"Basaltos, andesitas, tobas",CENOZOICO_ARENA,#00FF00,/opt/geoserver/data_dir/styles/icons/fgdc/arena.svg
Pérmico,"Andesitas, riodacítas, piroclastitas, areniscas líticas",MESOZOICO_BASALTO,#FF6347,/opt/geoserver/data_dir/styles/icons/fgdc/basalto.svg
Pérmico,"Depósitos de evaporitas (cloruros, sulfatos y boratos), limos y arcillas, tufitas y travertinos",PALEO_GRANITO,#FFD700,/opt/geoserver/data_dir/styles/icons/fgdc/granito.svg
Pérmico,Cuerpos porfídicos hipabisales de composición diorítica a andesítica y dacítica,CENOZOICO_ARENA,#00FF00,/opt/geoserver/data_dir/styles/icons/fgdc/arena.svg
Pérmico,Margas arenosas y areniscas arcillosas,MESOZOICO_BASALTO,#FF6347,/opt/geoserver/data_dir/styles/icons/fgdc/basalto.svg
Pérmico,Traquiandesitas,PALEO_GRANITO,#FFD700,/opt/geoserver/data_dir/styles/icons/fgdc/granito.svg
Pérmico,"Areniscas, pelitas, conglomerados, calizas, evaporitas, tobas",CENOZOICO_ARENA,#00FF00,/opt/geoserver/data_dir/styles/icons/fgdc/arena.svg
Pérmico,"Limolitas, areniscas, arcilitas, calcretes",MESOZOICO_BASALTO,#FF6347,/opt/geoserver/data_dir/styles/icons/fgdc/basalto.svg
Pérmico,"Pelitas, areniscas, diamictitas, conglomerados",PALEO_GRANITO,#FFD700,/opt/geoserver/data_dir/styles/icons/fgdc/granito.svg
Pérmico,"Basaltos, tobas",CENOZOICO_ARENA,#00FF00,/opt/geoserver/data_dir/styles/icons/fgdc/arena.svg
Pérmico,"Granitos, granodioritas, tonalitas",MESOZOICO_BASALTO,#FF6347,/opt/geoserver/data_dir/styles/icons/fgdc/basalto.svg
Pérmico,"Limos, arcillas y evaporitas",PALEO_GRANITO,#FFD700,/opt/geoserver/data_dir/styles/icons/fgdc/granito.svg
Pérmico,"Granodioritas, dioritas, tonalitas",CENOZOICO_ARENA,#00FF00,/opt/geoserver/data_dir/styles/icons/fgdc/arena.svg
Pérmico,"Trondjhemitas, tonalitas",MESOZOICO_BASALTO,#FF6347,/opt/geoserver/data_dir/styles/icons/fgdc/basalto.svg
Pérmico,"Areniscas finas a gruesas, conglomerados, tobas, pelitas negras",PALEO_GRANITO,#FFD700,/opt/geoserver/data_dir/styles/icons/fgdc/granito.svg
Pérmico,"Areniscas gruesas y conglomerados, tobas y tufitas, coquinas",CENOZOICO_ARENA,#00FF00,/opt/geoserver/data_dir/styles/icons/fgdc/arena.svg
Pérmico,"Riolitas, basaltos y traquitas",MESOZOICO_BASALTO,#FF6347,/opt/geoserver/data_dir/styles/icons/fgdc/basalto.svg
Pérmico,"Lavas, brechas, ignimbritas y tobas de composición riolítica, dacítica y andesítica",PALEO_GRANITO,#FFD700,/opt/geoserver/data_dir/styles/icons/fgdc/granito.svg
Pérmico,"Leucogranitos de dos micas y monzogranitos biotíticos con tendencia porfídica, al que se asocian pórfidos graníticos y diques micrograníticos. También se reconocen lamprófiros, aplitas y diques graníticos. Sienitas y granitos riebeckíticos y diques",CENOZOICO_ARENA,#00FF00,/opt/geoserver/data_dir/styles/icons/fgdc/arena.svg
Pérmico,Granitoides,MESOZOICO_BASALTO,#FF6347,/opt/geoserver/data_dir/styles/icons/fgdc/basalto.svg
Pérmico,"Basaltos, andesitas, dacitas, tobas, brechas, pelitas",PALEO_GRANITO,#FFD700,/opt/geoserver/data_dir/styles/icons/fgdc/granito.svg
Pérmico,"Depósitos residuales limosos, ferricretes",CENOZOICO_ARENA,#00FF00,/opt/geoserver/data_dir/styles/icons/fgdc/arena.svg
Pérmico,"Granitos y granodioritas, tonalitas",MESOZOICO_BASALTO,#FF6347,/opt/geoserver/data_dir/styles/icons/fgdc/basalto.svg
Pérmico,"Ortocuarcitas, areniscas y pelitas",PALEO_GRANITO,#FFD700,/opt/geoserver/data_dir/styles/icons/fgdc/granito.svg
Pérmico,"Areniscas medianas a finas, conglomerados polimícticos, evaporitas, caliza y yeso; sedimentitas clásticas calcáreas con intercalaciones de dacitas y tobas",CENOZOICO_ARENA,#00FF00,/opt/geoserver/data_dir/styles/icons/fgdc/arena.svg
Pérmico,"Conglomerados, areniscas conglomerádicas, areniscas, pelitas y limolitas y calizas",MESOZOICO_BASALTO,#FF6347,/opt/geoserver/data_dir/styles/icons/fgdc/basalto.svg
Pérmico,"Gabros, granitos, granodioritas, dioritas, sienitas, monzonitas, monzodioritas, monzogranitos, tonalitas",PALEO_GRANITO,#FFD700,/opt/geoserver/data_dir/styles/icons/fgdc/granito.svg
Pérmico,"Areniscas, limolitas, duricostras",CENOZOICO_ARENA,#00FF00,/opt/geoserver/data_dir/styles/icons/fgdc/arena.svg
Pérmico,"Diamictitas, areniscas",MESOZOICO_BASALTO,#FF6347,/opt/geoserver/data_dir/styles/icons/fgdc/basalto.svg
Pérmico,Areniscas y limolitas,PALEO_GRANITO,#FFD700,/opt/geoserver/data_dir/styles/icons/fgdc/granito.svg
Pérmico,Riolitas,CENOZOICO_ARENA,#00FF00,/opt/geoserver/data_dir/styles/icons/fgdc/arena.svg
Pérmico,"Areniscas, cuarcitas",MESOZOICO_BASALTO,#FF6347,/opt/geoserver/data_dir/styles/icons/fgdc/basalto.svg
Pérmico,"Pelitas y areniscas, fosilíferas",PALEO_GRANITO,#FFD700,/opt/geoserver/data_dir/styles/icons/fgdc/granito.svg
Pérmico,"Lutitas, areniscas, conglomerados, tobas",CENOZOICO_ARENA,#00FF00,/opt/geoserver/data_dir/styles/icons/fgdc/arena.svg
Pérmico,"Granitos, granodioritas, microgranitos",MESOZOICO_BASALTO,#FF6347,/opt/geoserver/data_dir/styles/icons/fgdc/basalto.svg
Pérmico,"Filitas, esquistos, cuarcitas",PALEO_GRANITO,#FFD700,/opt/geoserver/data_dir/styles/icons/fgdc/granito.svg
Pérmico,"Conglomerados, areniscas, tobas, andesitas, brechas ignimbríticas",CENOZOICO_ARENA,#00FF00,/opt/geoserver/data_dir/styles/icons/fgdc/arena.svg
Pérmico,"Areniscas, pelitas, conglomerados, calizas, evaporitas",MESOZOICO_BASALTO,#FF6347,/opt/geoserver/data_dir/styles/icons/fgdc/basalto.svg
Pérmico,"Esquistos, gneises, milonitas, anfibolitas y mármoles",PALEO_GRANITO,#FFD700,/opt/geoserver/data_dir/styles/icons/fgdc/granito.svg
Pérmico,"Esquistos, gneises, mármoles, metadiabasas",CENOZOICO_ARENA,#00FF00,/opt/geoserver/data_dir/styles/icons/fgdc/arena.svg
Pérmico,"Andesitas, basandesitas, aglomerados, areniscas, tobas",MESOZOICO_BASALTO,#FF6347,/opt/geoserver/data_dir/styles/icons/fgdc/basalto.svg
Pérmico,"Granitos, aplitas, pegmatitas",PALEO_GRANITO,#FFD700,/opt/geoserver/data_dir/styles/icons/fgdc/granito.svg
Pérmico,"Basaltos y diabasas (estructura almohadillada). Diques y filones diabásicos, gabros y dioritas",CENOZOICO_ARENA,#00FF00,/opt/geoserver/data_dir/styles/icons/fgdc/arena.svg
Pérmico,"Limos, arcillas, sales",MESOZOICO_BASALTO,#FF6347,/opt/geoserver/data_dir/styles/icons/fgdc/basalto.svg
Pérmico,"Areniscas finas a gruesas, conglomerados, pelitas, coquinas.",PALEO_GRANITO,#FFD700,/opt/geoserver/data_dir/styles/icons/fgdc/granito.svg
Pérmico,"Areniscas medias a gruesas, arcilitas, tobas y tufitas",CENOZOICO_ARENA,#00FF00,/opt/geoserver/data_dir/styles/icons/fgdc/arena.svg
Pérmico,"Areniscas feldespáticas, limolitas, lutitas, arcosas",MESOZOICO_BASALTO,#FF6347,/opt/geoserver/data_dir/styles/icons/fgdc/basalto.svg
Pérmico,"Granitos, granodiorítas, pórfidos",PALEO_GRANITO,#FFD700,/opt/geoserver/data_dir/styles/icons/fgdc/granito.svg
Pérmico,"Granodioritas, tonalitas, granitos",CENOZOICO_ARENA,#00FF00,/opt/geoserver/data_dir/styles/icons/fgdc/arena.svg
Pérmico,"Tobas, chonitas, areniscas finas a medias, arcilitas",MESOZOICO_BASALTO,#FF6347,/opt/geoserver/data_dir/styles/icons/fgdc/basalto.svg
Pérmico,"Granófiros, pórfiros riolíticos",PALEO_GRANITO,#FFD700,/opt/geoserver/data_dir/styles/icons/fgdc/granito.svg
Pérmico,"Basaltos olivínicos, basanitas",CENOZOICO_ARENA,#00FF00,/opt/geoserver/data_dir/styles/icons/fgdc/arena.svg
Pérmico,"Tobas, cineritas, arcilitas, bentonitas",MESOZOICO_BASALTO,#FF6347,/opt/geoserver/data_dir/styles/icons/fgdc/basalto.svg
Pérmico,"Dacitas, riolitas, andesitas, basaltos, tobas e ignimbritas",PALEO_GRANITO,#FFD700,/opt/geoserver/data_dir/styles/icons/fgdc/granito.svg
Pérmico,"Tobas, tufitas, conglomerados, calizas y basaltos",CENOZOICO_ARENA,#00FF00,/opt/geoserver/data_dir/styles/icons/fgdc/arena.svg
Pérmico,"Conglomerados, areniscas, arcilitas y calizas",MESOZOICO_BASALTO,#FF6347,/opt/geoserver/data_dir/styles/icons/fgdc/basalto.svg
Pérmico,"Riolitas y andesitas, ignimbritas y tobas ácidas",PALEO_GRANITO,#FFD700,/opt/geoserver/data_dir/styles/icons/fgdc/granito.svg
Pérmico,"Basaltos, andesitas, tobas, ignimbritas y aglomerados volcánicos",CENOZOICO_ARENA,#00FF00,/opt/geoserver/data_dir/styles/icons/fgdc/arena.svg
Pérmico,"Areniscas, pelitas, coquinas, tufitas, tobas",MESOZOICO_BASALTO,#FF6347,/opt/geoserver/data_dir/styles/icons/fgdc/basalto.svg
Pérmico,"Basaltos olivínicos, pórfiros basálticos",PALEO_GRANITO,#FFD700,/opt/geoserver/data_dir/styles/icons/fgdc/granito.svg
Pérmico,"Areniscas, pelitas, conglomerados, tobas.",CENOZOICO_ARENA,#00FF00,/opt/geoserver/data_dir/styles/icons/fgdc/arena.svg
Pérmico,"Granitos y granodioritas, pórfiros",MESOZOICO_BASALTO,#FF6347,/opt/geoserver/data_dir/styles/icons/fgdc/basalto.svg
Pérmico,"Riolitas e ignimbritas, dacitas y tobas",PALEO_GRANITO,#FFD700,/opt/geoserver/data_dir/styles/icons/fgdc/granito.svg
Pérmico,Basaltos y adakitas,CENOZOICO_ARENA,#00FF00,/opt/geoserver/data_dir/styles/icons/fgdc/arena.svg
Pérmico,Arenas finas a medianas,MESOZOICO_BASALTO,#FF6347,/opt/geoserver/data_dir/styles/icons/fgdc/basalto.svg
Carbonífero,Areniscas,PALEO_GRANITO,#FFD700,/opt/geoserver/data_dir/styles/icons/fgdc/granito.svg
Carbonífero,Diamictitas,CENOZOICO_ARENA,#00FF00,/opt/geoserver/data_dir/styles/icons/fgdc/arena.svg
Carbonífero,"Areniscas, pelitas y conglomerados",MESOZOICO_BASALTO,#FF6347,/opt/geoserver/data_dir/styles/icons/fgdc/basalto.svg
Carbonífero,"Arenas, gravas y limos",PALEO_GRANITO,#FFD700,/opt/geoserver/data_dir/styles/icons/fgdc/granito.svg
Carbonífero,Granitos,CENOZOICO_ARENA,#00FF00,/opt/geoserver/data_dir/styles/icons/fgdc/arena.svg
Carbonífero,"Limos, arenas",MESOZOICO_BASALTO,#FF6347,/opt/geoserver/data_dir/styles/icons/fgdc/basalto.svg
Carbonífero,"Areniscas, conglomerados, pelitas",PALEO_GRANITO,#FFD700,/opt/geoserver/data_dir/styles/icons/fgdc/granito.svg
Carbonífero,"Conglomerados, areniscas conglomerádicas, areniscas, pelitas y limolitas",CENOZOICO_ARENA,#00FF00,/opt/geoserver/data_dir/styles/icons/fgdc/arena.svg
Carbonífero,"Gabros, dioritas, ortoanfibolitas, serpentinitas",MESOZOICO_BASALTO,#FF6347,/opt/geoserver/data_dir/styles/icons/fgdc/basalto.svg
Carbonífero,Fajas miloníticas. Milonitas y protomilonitas,PALEO_GRANITO,#FFD700,/opt/geoserver/data_dir/styles/icons/fgdc/granito.svg
Carbonífero,Loess,CENOZOICO_ARENA,#00FF00,/opt/geoserver/data_dir/styles/icons/fgdc/arena.svg
Carbonífero,Sedimentos salinos,MESOZOICO_BASALTO,#FF6347,/opt/geoserver/data_dir/styles/icons/fgdc/basalto.svg
Carbonífero,Fanglomerados y conglomerados,PALEO_GRANITO,#FFD700,/opt/geoserver/data_dir/styles/icons/fgdc/granito.svg
Carbonífero,Arenas,CENOZOICO_ARENA,#00FF00,/opt/geoserver/data_dir/styles/icons/fgdc/arena.svg
Carbonífero,Gravas y arenas,MESOZOICO_BASALTO,#FF6347,/opt/geoserver/data_dir/styles/icons/fgdc/basalto.svg
Carbonífero,Riodacitas,PALEO_GRANITO,#FFD700,/opt/geoserver/data_dir/styles/icons/fgdc/granito.svg
Carbonífero,"Granodioritas, tonalitas",CENOZOICO_ARENA,#00FF00,/opt/geoserver/data_dir/styles/icons/fgdc/arena.svg
Carbonífero,"Granitoides peraluminosos, sienogranitos y monzogranitos pórfidicos, granodioritas",MESOZOICO_BASALTO,#FF6347,/opt/geoserver/data_dir/styles/icons/fgdc/basalto.svg
Carbonífero,"Areniscas, conglomerados y arcilitas",PALEO_GRANITO,#FFD700,/opt/geoserver/data_dir/styles/icons/fgdc/granito.svg
Carbonífero,Calcretes,CENOZOICO_ARENA,#00FF00,/opt/geoserver/data_dir/styles/icons/fgdc/arena.svg
Carbonífero,Calizas,MESOZOICO_BASALTO,#FF6347,/opt/geoserver/data_dir/styles/icons/fgdc/basalto.svg
Carbonífero,Areniscas y conglomerados,PALEO_GRANITO,#FFD700,/opt/geoserver/data_dir/styles/icons/fgdc/granito.svg
Carbonífero,Arenas y limos,CENOZOICO_ARENA,#00FF00,/opt/geoserver/data_dir/styles/icons/fgdc/arena.svg
Carbonífero,Filitas,MESOZOICO_BASALTO,#FF6347,/opt/geoserver/data_dir/styles/icons/fgdc/basalto.svg
Carbonífero,Basaltos,PALEO_GRANITO,#FFD700,/opt/geoserver/data_dir/styles/icons/fgdc/granito.svg
Carbonífero,Andesitas,CENOZOICO_ARENA,#00FF00,/opt/geoserver/data_dir/styles/icons/fgdc/arena.svg
Carbonífero,Gneises y metatexitas,MESOZOICO_BASALTO,#FF6347,/opt/geoserver/data_dir/styles/icons/fgdc/basalto.svg
Carbonífero,Arcosas y calcretes,PALEO_GRANITO,#FFD700,/opt/geoserver/data_dir/styles/icons/fgdc/granito.svg
Carbonífero,"Monzogranitos, tonalitas",CENOZOICO_ARENA,#00FF00,/opt/geoserver/data_dir/styles/icons/fgdc/arena.svg
Carbonífero,Gabros,MESOZOICO_BASALTO,#FF6347,/opt/geoserver/data_dir/styles/icons/fgdc/basalto.svg
Carbonífero,Milonitas y protomilonitas,PALEO_GRANITO,#FFD700,/opt/geoserver/data_dir/styles/icons/fgdc/granito.svg
Carbonífero,,CENOZOICO_ARENA,#00FF00,/opt/geoserver/data_dir/styles/icons/fgdc/arena.svg
Carbonífero,Monzogranitos,MESOZOICO_BASALTO,#FF6347,/opt/geoserver/data_dir/styles/icons/fgdc/basalto.svg
Carbonífero,"Arenas, limos y arcillas",PALEO_GRANITO,#FFD700,/opt/geoserver/data_dir/styles/icons/fgdc/granito.svg
Carbonífero,Arenas y arcillas con elevado contenido de matería orgánica,CENOZOICO_ARENA,#00FF00,/opt/geoserver/data_dir/styles/icons/fgdc/arena.svg
Carbonífero,Arcillas y limos con elevado contenido de materia orgánica,MESOZOICO_BASALTO,#FF6347,/opt/geoserver/data_dir/styles/icons/fgdc/basalto.svg
Carbonífero,Limos arenosos a arcillosos,PALEO_GRANITO,#FFD700,/opt/geoserver/data_dir/styles/icons/fgdc/granito.svg
Carbonífero,Limos y calcretes,CENOZOICO_ARENA,#00FF00,/opt/geoserver/data_dir/styles/icons/fgdc/arena.svg
Carbonífero,"Limos, arenas y arcillas",MESOZOICO_BASALTO,#FF6347,/opt/geoserver/data_dir/styles/icons/fgdc/basalto.svg
Carbonífero,Milonitas,PALEO_GRANITO,#FFD700,/opt/geoserver/data_dir/styles/icons/fgdc/granito.svg
Carbonífero,Basaltos y andesitas,CENOZOICO_ARENA,#00FF00,/opt/geoserver/data_dir/styles/icons/fgdc/arena.svg
Carbonífero,Limos,MESOZOICO_BASALTO,#FF6347,/opt/geoserver/data_dir/styles/icons/fgdc/basalto.svg
Carbonífero,Limos y arenas,PALEO_GRANITO,#FFD700,/opt/geoserver/data_dir/styles/icons/fgdc/granito.svg
Carbonífero,"Areniscas, cuarcitas, calizas, dolomías, pelitas",CENOZOICO_ARENA,#00FF00,/opt/geoserver/data_dir/styles/icons/fgdc/arena.svg
Carbonífero,"Limos, arcillas, evaporitas",MESOZOICO_BASALTO,#FF6347,/opt/geoserver/data_dir/styles/icons/fgdc/basalto.svg
Carbonífero,"Granitos, granodioritas, esquistos, gneises, migmatitas",PALEO_GRANITO,#FFD700,/opt/geoserver/data_dir/styles/icons/fgdc/granito.svg
Carbonífero,Basaltos a andesitas basálticas,CENOZOICO_ARENA,#00FF00,/opt/geoserver/data_dir/styles/icons/fgdc/arena.svg
Carbonífero,Limos arcillosos,MESOZOICO_BASALTO,#FF6347,/opt/geoserver/data_dir/styles/icons/fgdc/basalto.svg
Carbonífero,"Limos, arenas, gravas",PALEO_GRANITO,#FFD700,/opt/geoserver/data_dir/styles/icons/fgdc/granito.svg
Carbonífero,"Granitos, granodioritas, monzogranitos, tonalitas, leucogranitos",CENOZOICO_ARENA,#00FF00,/opt/geoserver/data_dir/styles/icons/fgdc/arena.svg
Carbonífero,"Areniscas, areniscas conglomerádicas, conglomerados, brechas, fangolitas, limolitas y lutitas rojizas con intercalación de volcanitas alcalinas, areniscas calcáreas, pelitas, grauvacas y calizas con niveles estromatolíticos y oolíticos",MESOZOICO_BASALTO,#FF6347,/opt/geoserver/data_dir/styles/icons/fgdc/basalto.svg
Carbonífero,"Secuencias turbidíticas integradas por areniscas cuarcíferas, areniscas, grauvacas, pelitas, limolitas y lutitas y, subordinadamente, calizas",PALEO_GRANITO,#FFD700,/opt/geoserver/data_dir/styles/icons/fgdc/granito.svg
Carbonífero,"Dacitas, andesitas, basaltos; conos piroclásticos y depósitos de avalancha volcánica",CENOZOICO_ARENA,#00FF00,/opt/geoserver/data_dir/styles/icons/fgdc/arena.svg
Carbonífero,"Conglomerados, areniscas, limolitas, arcillolitas comunmente con niveles salinos y yesíferos",MESOZOICO_BASALTO,#FF6347,/opt/geoserver/data_dir/styles/icons/fgdc/basalto.svg
Carbonífero,"Tobas, ignimbritas dacíticas-riodacíticas, flujos piroclásticos dacíticos a riodacíticos, depósitos de caída",PALEO_GRANITO,#FFD700,/opt/geoserver/data_dir/styles/icons/fgdc/granito.svg
Carbonífero,"Riolitas, dacitas, traquiandesitas, diabasas, andesitas basálticas, lavas basálticas almohadilladas, ignimbritas y tobas",CENOZOICO_ARENA,#00FF00,/opt/geoserver/data_dir/styles/icons/fgdc/arena.svg
Carbonífero,"Cuarcitas, areniscas",MESOZOICO_BASALTO,#FF6347,/opt/geoserver/data_dir/styles/icons/fgdc/basalto.svg
Carbonífero,"Ignimbritas dacíticas, flujos piroclásticos",PALEO_GRANITO,#FFD700,/opt/geoserver/data_dir/styles/icons/fgdc/granito.svg
Carbonífero,"Esquistos cuarzo-feldespáticos-biotíticos-moscovíticos, anfibolitas, gneises, ortogneises, migmatitas, metagranitos",CENOZOICO_ARENA,#00FF00,/opt/geoserver/data_dir/styles/icons/fgdc/arena.svg
Carbonífero,Gneises y esquistos,MESOZOICO_BASALTO,#FF6347,/opt/geoserver/data_dir/styles/icons/fgdc/basalto.svg
Carbonífero,"Areniscas, areniscas conglomerádicas, diamictitas",PALEO_GRANITO,#FFD700,/opt/geoserver/data_dir/styles/icons/fgdc/granito.svg
Carbonífero,"Depósitos detríticos de gravas, arenas, limos",CENOZOICO_ARENA,#00FF00,/opt/geoserver/data_dir/styles/icons/fgdc/arena.svg
Carbonífero,"Conglomerados, areniscas y limoarcilitas",MESOZOICO_BASALTO,#FF6347,/opt/geoserver/data_dir/styles/icons/fgdc/basalto.svg
Carbonífero,"Cuarcitas, pelitas, areniscas, calizas, grauvacas; con intercalaciones de riolitas, dacitas, traquiandesitas, diabasas, andesitas basálticas, lavas basálticas almohadilladas, ignimbritas y tobas",PALEO_GRANITO,#FFD700,/opt/geoserver/data_dir/styles/icons/fgdc/granito.svg
Carbonífero,"Limolitas, diamictitas, grauvacas, lutitas",CENOZOICO_ARENA,#00FF00,/opt/geoserver/data_dir/styles/icons/fgdc/arena.svg
Carbonífero,Adakitas,MESOZOICO_BASALTO,#FF6347,/opt/geoserver/data_dir/styles/icons/fgdc/basalto.svg
Carbonífero,"Esquistos, gneises, pizarras y filitas",PALEO_GRANITO,#FFD700,/opt/geoserver/data_dir/styles/icons/fgdc/granito.svg
Carbonífero,"Gneises, ortogneises, migmatitas, anfibolitas y esquistos",CENOZOICO_ARENA,#00FF00,/opt/geoserver/data_dir/styles/icons/fgdc/arena.svg
Carbonífero,"Areniscas, limolitas y arcilitas",MESOZOICO_BASALTO,#FF6347,/opt/geoserver/data_dir/styles/icons/fgdc/basalto.svg
Carbonífero,"Areniscas, pelitas, filitas y esquistos",PALEO_GRANITO,#FFD700,/opt/geoserver/data_dir/styles/icons/fgdc/granito.svg
Carbonífero,"Areniscas medianas a gruesas, coquinas, pelitas, calizas",CENOZOICO_ARENA,#00FF00,/opt/geoserver/data_dir/styles/icons/fgdc/arena.svg
Carbonífero,"Areniscas finas a medianas, coquinas, pelitas, carbón",MESOZOICO_BASALTO,#FF6347,/opt/geoserver/data_dir/styles/icons/fgdc/basalto.svg
Carbonífero,"Areniscas, conglomerados,pelitas, carbón",PALEO_GRANITO,#FFD700,/opt/geoserver/data_dir/styles/icons/fgdc/granito.svg
Carbonífero,"Andesitas, basaltos, tobas",CENOZOICO_ARENA,#00FF00,/opt/geoserver/data_dir/styles/icons/fgdc/arena.svg
Carbonífero,"Basaltos, basanitas, teschenitas, gabros.",MESOZOICO_BASALTO,#FF6347,/opt/geoserver/data_dir/styles/icons/fgdc/basalto.svg
Carbonífero,"Ignimbritas y tobas ácidas, riolitas, pelitas y tufitas",PALEO_GRANITO,#FFD700,/opt/geoserver/data_dir/styles/icons/fgdc/granito.svg
Carbonífero,Gabros y diques basálticos,CENOZOICO_ARENA,#00FF00,/opt/geoserver/data_dir/styles/icons/fgdc/arena.svg
Carbonífero,"Tobas, tufitas, pelitas, areniscas gruesas a conglomerados",MESOZOICO_BASALTO,#FF6347,/opt/geoserver/data_dir/styles/icons/fgdc/basalto.svg
Carbonífero,"Tobas, cineritas, tufitas, areniscas medias a gruesas, conglomerados",PALEO_GRANITO,#FFD700,/opt/geoserver/data_dir/styles/icons/fgdc/granito.svg
Carbonífero,"Areniscas, arcilitas y limolitas, conglomerados",CENOZOICO_ARENA,#00FF00,/opt/geoserver/data_dir/styles/icons/fgdc/arena.svg
Carbonífero,"Areniscas finas a medias, pelitas, calizas, coquinas",MESOZOICO_BASALTO,#FF6347,/opt/geoserver/data_dir/styles/icons/fgdc/basalto.svg
Carbonífero,"Gneises, anfibolitas y granitos",PALEO_GRANITO,#FFD700,/opt/geoserver/data_dir/styles/icons/fgdc/granito.svg
Carbonífero,"Granitos, granodioritas, dioritas, tonalitas.",CENOZOICO_ARENA,#00FF00,/opt/geoserver/data_dir/styles/icons/fgdc/arena.svg
Carbonífero,"Gravas finas a medianas, arenas gruesas",MESOZOICO_BASALTO,#FF6347,/opt/geoserver/data_dir/styles/icons/fgdc/basalto.svg
Carbonífero,Basaltos olivínicos,PALEO_GRANITO,#FFD700,/opt/geoserver/data_dir/styles/icons/fgdc/granito.svg
Carbonífero,"Esquistos, filitas, ortocuarcitas, migmatitas y granitoides",CENOZOICO_ARENA,#00FF00,/opt/geoserver/data_dir/styles/icons/fgdc/arena.svg
Carbonífero,Arenas medianas a gruesas y gravas finas,MESOZOICO_BASALTO,#FF6347,/opt/geoserver/data_dir/styles/icons/fgdc/basalto.svg
Carbonífero,"Till, gravas, arenas y pelitas",PALEO_GRANITO,#FFD700,/opt/geoserver/data_dir/styles/icons/fgdc/granito.svg
Carbonífero,"Areniscas, conglomerados y pelitas.",CENOZOICO_ARENA,#00FF00,/opt/geoserver/data_dir/styles/icons/fgdc/arena.svg
Carbonífero,Metavolcanitas ácidas a mesosilícicas,MESOZOICO_BASALTO,#FF6347,/opt/geoserver/data_dir/styles/icons/fgdc/basalto.svg
Carbonífero,Arenas y gravas,PALEO_GRANITO,#FFD700,/opt/geoserver/data_dir/styles/icons/fgdc/granito.svg
Carbonífero,Rocas ultramáficas,CENOZOICO_ARENA,#00FF00,/opt/geoserver/data_dir/styles/icons/fgdc/arena.svg
Carbonífero,"Arenas, gravas y pelitas",MESOZOICO_BASALTO,#FF6347,/opt/geoserver/data_dir/styles/icons/fgdc/basalto.svg
Carbonífero,Limos y arcillas,PALEO_GRANITO,#FFD700,/opt/geoserver/data_dir/styles/icons/fgdc/granito.svg
Carbonífero,"Arenas finas a medianas, rodados",CENOZOICO_ARENA,#00FF00,/opt/geoserver/data_dir/styles/icons/fgdc/arena.svg
Carbonífero,Bloques,MESOZOICO_BASALTO,#FF6347,/opt/geoserver/data_dir/styles/icons/fgdc/basalto.svg
Carbonífero,"Ortocuarcitas, cuarcitas y conglomerados, pelitas",PALEO_GRANITO,#FFD700,/opt/geoserver/data_dir/styles/icons/fgdc/granito.svg
Carbonífero,"Basaltos alcalinos, basanitas, nefelinitas",CENOZOICO_ARENA,#00FF00,/opt/geoserver/data_dir/styles/icons/fgdc/arena.svg
Carbonífero,"Riolitas y andesitas, tobas, ignimbritas y tufitas",MESOZOICO_BASALTO,#FF6347,/opt/geoserver/data_dir/styles/icons/fgdc/basalto.svg
Carbonífero,"Tobas, areniscas, pelitas, tufitas, calizas, lavas e ignimbritas riolíticas y andesíticas",PALEO_GRANITO,#FFD700,/opt/geoserver/data_dir/styles/icons/fgdc/granito.svg
Carbonífero,"Gravas medianas a gruesas, arenas gruesas",CENOZOICO_ARENA,#00FF00,/opt/geoserver/data_dir/styles/icons/fgdc/arena.svg
Carbonífero,"Arenas, gravas, limos",MESOZOICO_BASALTO,#FF6347,/opt/geoserver/data_dir/styles/icons/fgdc/basalto.svg
Carbonífero,"Gravas, arenas",PALEO_GRANITO,#FFD700,/opt/geoserver/data_dir/styles/icons/fgdc/granito.svg
Carbonífero,"Conglomerados, areniscas, calizas, pelitas",CENOZOICO_ARENA,#00FF00,/opt/geoserver/data_dir/styles/icons/fgdc/arena.svg
Carbonífero,"Limolitas, areniscas, conglomerados, olistolitos",MESOZOICO_BASALTO,#FF6347,/opt/geoserver/data_dir/styles/icons/fgdc/basalto.svg
Carbonífero,"Granitos, granodioritas, tonalitas y diques riolíticos",PALEO_GRANITO,#FFD700,/opt/geoserver/data_dir/styles/icons/fgdc/granito.svg
Carbonífero,"Areniscas, limolitas y conglomerados",CENOZOICO_ARENA,#00FF00,/opt/geoserver/data_dir/styles/icons/fgdc/arena.svg
Carbonífero,"Areniscas, conglomerados, tufitas y tobas",MESOZOICO_BASALTO,#FF6347,/opt/geoserver/data_dir/styles/icons/fgdc/basalto.svg
Carbonífero,"Limos, arcillas, arenas",PALEO_GRANITO,#FFD700,/opt/geoserver/data_dir/styles/icons/fgdc/granito.svg
Carbonífero,"Andesitas, riolitas, basaltos, tobas, brechas, conglomerados, areniscas",CENOZOICO_ARENA,#00FF00,/opt/geoserver/data_dir/styles/icons/fgdc/arena.svg
Carbonífero,"Tobas, tufitas, ignimbritas, areniscas y conglomerados",MESOZOICO_BASALTO,#FF6347,/opt/geoserver/data_dir/styles/icons/fgdc/basalto.svg
Carbonífero,"Traquitas y tobas traquíticas, brechas y aglomerados.",PALEO_GRANITO,#FFD700,/opt/geoserver/data_dir/styles/icons/fgdc/granito.svg
Carbonífero,"Till, gravas, arenas, arcillas",CENOZOICO_ARENA,#00FF00,/opt/geoserver/data_dir/styles/icons/fgdc/arena.svg
Carbonífero,"Areniscas, pelitas, conglomerados, calizas",MESOZOICO_BASALTO,#FF6347,/opt/geoserver/data_dir/styles/icons/fgdc/basalto.svg
Carbonífero,"Areniscas, pelitas, calizas, evaporitas",PALEO_GRANITO,#FFD700,/opt/geoserver/data_dir/styles/icons/fgdc/granito.svg
Carbonífero,"Riolitas, dacitas, andesitas, ignimbritas, tobas, brechas, conglomerados",CENOZOICO_ARENA,#00FF00,/opt/geoserver/data_dir/styles/icons/fgdc/arena.svg
Carbonífero,"Andesitas, ignimbritas",MESOZOICO_BASALTO,#FF6347,/opt/geoserver/data_dir/styles/icons/fgdc/basalto.svg
Carbonífero,Metamorfitas y plutonitas metamorfizadas,PALEO_GRANITO,#FFD700,/opt/geoserver/data_dir/styles/icons/fgdc/granito.svg
Carbonífero,"Metarenitas, filitas, mármoles, areniscas y pelitas",CENOZOICO_ARENA,#00FF00,/opt/geoserver/data_dir/styles/icons/fgdc/arena.svg
Carbonífero,"Conglomerados, areniscas, pelitas, tufitas, tobas, yeso",MESOZOICO_BASALTO,#FF6347,/opt/geoserver/data_dir/styles/icons/fgdc/basalto.svg
Carbonífero,"Brechas y areniscas volcánicas, tobas, tufitas, andesitas",PALEO_GRANITO,#FFD700,/opt/geoserver/data_dir/styles/icons/fgdc/granito.svg
Carbonífero,"Calizas, margas, dolomias, fangolitas calcáreas",CENOZOICO_ARENA,#00FF00,/opt/geoserver/data_dir/styles/icons/fgdc/arena.svg
Carbonífero,"Granitos, granodioritas",MESOZOICO_BASALTO,#FF6347,/opt/geoserver/data_dir/styles/icons/fgdc/basalto.svg
Carbonífero,"Andesitas, dacitas, ignimbritas, tobas, pórfiros andesíticos y dacíticos",PALEO_GRANITO,#FFD700,/opt/geoserver/data_dir/styles/icons/fgdc/granito.svg
Carbonífero,"Areniscas, arcilitas, calizas silicificadas",CENOZOICO_ARENA,#00FF00,/opt/geoserver/data_dir/styles/icons/fgdc/arena.svg
Carbonífero,Areniscas y lutitas,MESOZOICO_BASALTO,#FF6347,/opt/geoserver/data_dir/styles/icons/fgdc/basalto.svg
Carbonífero,Granitos muscovítico biotítico parcialmente pegmatíticos,PALEO_GRANITO,#FFD700,/opt/geoserver/data_dir/styles/icons/fgdc/granito.svg
Carbonífero,"Limolitas con cemento carbonático, arenas, limos",CENOZOICO_ARENA,#00FF00,/opt/geoserver/data_dir/styles/icons/fgdc/arena.svg
Carbonífero,"Andesitas, ignimbritas, tobas",MESOZOICO_BASALTO,#FF6347,/opt/geoserver/data_dir/styles/icons/fgdc/basalto.svg
Carbonífero,"Basaltos, andesitas, tobas, tufitas",PALEO_GRANITO,#FFD700,/opt/geoserver/data_dir/styles/icons/fgdc/granito.svg
Carbonífero,"Conglomerados, areniscas",CENOZOICO_ARENA,#00FF00,/opt/geoserver/data_dir/styles/icons/fgdc/arena.svg
Carbonífero,"Esquistos, cuarcitas, gneises",MESOZOICO_BASALTO,#FF6347,/opt/geoserver/data_dir/styles/icons/fgdc/basalto.svg
Carbonífero,Mármoles,PALEO_GRANITO,#FFD700,/opt/geoserver/data_dir/styles/icons/fgdc/granito.svg
Carbonífero,"Ignimbritas dacíticas y riolíticas, brechas volcánicas y volcanoclásticas",CENOZOICO_ARENA,#00FF00,/opt/geoserver/data_dir/styles/icons/fgdc/arena.svg
Carbonífero,"Lavas dacíticas, andesíticas y basálticas, brechas autoclásticas de composición andesítica y depósitos de bloques y ceniza (block and ash) asociados a estrato volcanes",MESOZOICO_BASALTO,#FF6347,/opt/geoserver/data_dir/styles/icons/fgdc/basalto.svg
Carbonífero,"Areniscas, conglomerados, limolitas, arcilitas",PALEO_GRANITO,#FFD700,/opt/geoserver/data_dir/styles/icons/fgdc/granito.svg
Carbonífero,"Anfibolitas, esquistos, gneises, calizas y pegmatitas",CENOZOICO_ARENA,#00FF00,/opt/geoserver/data_dir/styles/icons/fgdc/arena.svg
Carbonífero,"Basaltos, andesitas, tobas",MESOZOICO_BASALTO,#FF6347,/opt/geoserver/data_dir/styles/icons/fgdc/basalto.svg
Carbonífero,"Andesitas, riodacítas, piroclastitas, areniscas líticas",PALEO_GRANITO,#FFD700,/opt/geoserver/data_dir/styles/icons/fgdc/granito.svg
Carbonífero,"Depósitos de evaporitas (cloruros, sulfatos y boratos), limos y arcillas, tufitas y travertinos",CENOZOICO_ARENA,#00FF00,/opt/geoserver/data_dir/styles/icons/fgdc/arena.svg
Carbonífero,Cuerpos porfídicos hipabisales de composición diorítica a andesítica y dacítica,MESOZOICO_BASALTO,#FF6347,/opt/geoserver/data_dir/styles/icons/fgdc/basalto.svg
Carbonífero,Margas arenosas y areniscas arcillosas,PALEO_GRANITO,#FFD700,/opt/geoserver/data_dir/styles/icons/fgdc/granito.svg
Carbonífero,Traquiandesitas,CENOZOICO_ARENA,#00FF00,/opt/geoserver/data_dir/styles/icons/fgdc/arena.svg
Carbonífero,"Areniscas, pelitas, conglomerados, calizas, evaporitas, tobas",MESOZOICO_BASALTO,#FF6347,/opt/geoserver/data_dir/styles/icons/fgdc/basalto.svg
Carbonífero,"Limolitas, areniscas, arcilitas, calcretes",PALEO_GRANITO,#FFD700,/opt/geoserver/data_dir/styles/icons/fgdc/granito.svg
Carbonífero,"Pelitas, areniscas, diamictitas, conglomerados",CENOZOICO_ARENA,#00FF00,/opt/geoserver/data_dir/styles/icons/fgdc/arena.svg
Carbonífero,"Basaltos, tobas",MESOZOICO_BASALTO,#FF6347,/opt/geoserver/data_dir/styles/icons/fgdc/basalto.svg
Carbonífero,"Granitos, granodioritas, tonalitas",PALEO_GRANITO,#FFD700,/opt/geoserver/data_dir/styles/icons/fgdc/granito.svg
Carbonífero,"Limos, arcillas y evaporitas",CENOZOICO_ARENA,#00FF00,/opt/geoserver/data_dir/styles/icons/fgdc/arena.svg
Carbonífero,"Granodioritas, dioritas, tonalitas",MESOZOICO_BASALTO,#FF6347,/opt/geoserver/data_dir/styles/icons/fgdc/basalto.svg
Carbonífero,"Trondjhemitas, tonalitas",PALEO_GRANITO,#FFD700,/opt/geoserver/data_dir/styles/icons/fgdc/granito.svg
Carbonífero,"Areniscas finas a gruesas, conglomerados, tobas, pelitas negras",CENOZOICO_ARENA,#00FF00,/opt/geoserver/data_dir/styles/icons/fgdc/arena.svg
Carbonífero,"Areniscas gruesas y conglomerados, tobas y tufitas, coquinas",MESOZOICO_BASALTO,#FF6347,/opt/geoserver/data_dir/styles/icons/fgdc/basalto.svg
Carbonífero,"Riolitas, basaltos y traquitas",PALEO_GRANITO,#FFD700,/opt/geoserver/data_dir/styles/icons/fgdc/granito.svg
Carbonífero,"Lavas, brechas, ignimbritas y tobas de composición riolítica, dacítica y andesítica",CENOZOICO_ARENA,#00FF00,/opt/geoserver/data_dir/styles/icons/fgdc/arena.svg
Carbonífero,"Leucogranitos de dos micas y monzogranitos biotíticos con tendencia porfídica, al que se asocian pórfidos graníticos y diques micrograníticos. También se reconocen lamprófiros, aplitas y diques graníticos. Sienitas y granitos riebeckíticos y diques",MESOZOICO_BASALTO,#FF6347,/opt/geoserver/data_dir/styles/icons/fgdc/basalto.svg
Carbonífero,Granitoides,PALEO_GRANITO,#FFD700,/opt/geoserver/data_dir/styles/icons/fgdc/granito.svg
Carbonífero,"Basaltos, andesitas, dacitas, tobas, brechas, pelitas",CENOZOICO_ARENA,#00FF00,/opt/geoserver/data_dir/styles/icons/fgdc/arena.svg
Carbonífero,"Depósitos residuales limosos, ferricretes",MESOZOICO_BASALTO,#FF6347,/opt/geoserver/data_dir/styles/icons/fgdc/basalto.svg
Carbonífero,"Granitos y granodioritas, tonalitas",PALEO_GRANITO,#FFD700,/opt/geoserver/data_dir/styles/icons/fgdc/granito.svg
Carbonífero,"Ortocuarcitas, areniscas y pelitas",CENOZOICO_ARENA,#00FF00,/opt/geoserver/data_dir/styles/icons/fgdc/arena.svg
Carbonífero,"Areniscas medianas a finas, conglomerados polimícticos, evaporitas, caliza y yeso; sedimentitas clásticas calcáreas con intercalaciones de dacitas y tobas",MESOZOICO_BASALTO,#FF6347,/opt/geoserver/data_dir/styles/icons/fgdc/basalto.svg
Carbonífero,"Conglomerados, areniscas conglomerádicas, areniscas, pelitas y limolitas y calizas",PALEO_GRANITO,#FFD700,/opt/geoserver/data_dir/styles/icons/fgdc/granito.svg
Carbonífero,"Gabros, granitos, granodioritas, dioritas, sienitas, monzonitas, monzodioritas, monzogranitos, tonalitas",CENOZOICO_ARENA,#00FF00,/opt/geoserver/data_dir/styles/icons/fgdc/arena.svg
Carbonífero,"Areniscas, limolitas, duricostras",MESOZOICO_BASALTO,#FF6347,/opt/geoserver/data_dir/styles/icons/fgdc/basalto.svg
Carbonífero,"Diamictitas, areniscas",PALEO_GRANITO,#FFD700,/opt/geoserver/data_dir/styles/icons/fgdc/granito.svg
Carbonífero,Areniscas y limolitas,CENOZOICO_ARENA,#00FF00,/opt/geoserver/data_dir/styles/icons/fgdc/arena.svg
Carbonífero,Riolitas,MESOZOICO_BASALTO,#FF6347,/opt/geoserver/data_dir/styles/icons/fgdc/basalto.svg
Carbonífero,"Areniscas, cuarcitas",PALEO_GRANITO,#FFD700,/opt/geoserver/data_dir/styles/icons/fgdc/granito.svg
Carbonífero,"Pelitas y areniscas, fosilíferas",CENOZOICO_ARENA,#00FF00,/opt/geoserver/data_dir/styles/icons/fgdc/arena.svg
Carbonífero,"Lutitas, areniscas, conglomerados, tobas",MESOZOICO_BASALTO,#FF6347,/opt/geoserver/data_dir/styles/icons/fgdc/basalto.svg
Carbonífero,"Granitos, granodioritas, microgranitos",PALEO_GRANITO,#FFD700,/opt/geoserver/data_dir/styles/icons/fgdc/granito.svg
Carbonífero,"Filitas, esquistos, cuarcitas",CENOZOICO_ARENA,#00FF00,/opt/geoserver/data_dir/styles/icons/fgdc/arena.svg
Carbonífero,"Conglomerados, areniscas, tobas, andesitas, brechas ignimbríticas",MESOZOICO_BASALTO,#FF6347,/opt/geoserver/data_dir/styles/icons/fgdc/basalto.svg
Carbonífero,"Areniscas, pelitas, conglomerados, calizas, evaporitas",PALEO_GRANITO,#FFD700,/opt/geoserver/data_dir/styles/icons/fgdc/granito.svg
Carbonífero,"Esquistos, gneises, milonitas, anfibolitas y mármoles",CENOZOICO_ARENA,#00FF00,/opt/geoserver/data_dir/styles/icons/fgdc/arena.svg
Carbonífero,"Esquistos, gneises, mármoles, metadiabasas",MESOZOICO_BASALTO,#FF6347,/opt/geoserver/data_dir/styles/icons/fgdc/basalto.svg
Carbonífero,"Andesitas, basandesitas, aglomerados, areniscas, tobas",PALEO_GRANITO,#FFD700,/opt/geoserver/data_dir/styles/icons/fgdc/granito.svg
Carbonífero,"Granitos, aplitas, pegmatitas",CENOZOICO_ARENA,#00FF00,/opt/geoserver/data_dir/styles/icons/fgdc/arena.svg
Carbonífero,"Basaltos y diabasas (estructura almohadillada). Diques y filones diabásicos, gabros y dioritas",MESOZOICO_BASALTO,#FF6347,/opt/geoserver/data_dir/styles/icons/fgdc/basalto.svg
Carbonífero,"Limos, arcillas, sales",PALEO_GRANITO,#FFD700,/opt/geoserver/data_dir/styles/icons/fgdc/granito.svg
Carbonífero,"Areniscas finas a gruesas, conglomerados, pelitas, coquinas.",CENOZOICO_ARENA,#00FF00,/opt/geoserver/data_dir/styles/icons/fgdc/arena.svg
Carbonífero,"Areniscas medias a gruesas, arcilitas, tobas y tufitas",MESOZOICO_BASALTO,#FF6347,/opt/geoserver/data_dir/styles/icons/fgdc/basalto.svg
Carbonífero,"Areniscas feldespáticas, limolitas, lutitas, arcosas",PALEO_GRANITO,#FFD700,/opt/geoserver/data_dir/styles/icons/fgdc/granito.svg
Carbonífero,"Granitos, granodiorítas, pórfidos",CENOZOICO_ARENA,#00FF00,/opt/geoserver/data_dir/styles/icons/fgdc/arena.svg
Carbonífero,"Granodioritas, tonalitas, granitos",MESOZOICO_BASALTO,#FF6347,/opt/geoserver/data_dir/styles/icons/fgdc/basalto.svg
Carbonífero,"Tobas, chonitas, areniscas finas a medias, arcilitas",PALEO_GRANITO,#FFD700,/opt/geoserver/data_dir/styles/icons/fgdc/granito.svg
Carbonífero,"Granófiros, pórfiros riolíticos",CENOZOICO_ARENA,#00FF00,/opt/geoserver/data_dir/styles/icons/fgdc/arena.svg
Carbonífero,"Basaltos olivínicos, basanitas",MESOZOICO_BASALTO,#FF6347,/opt/geoserver/data_dir/styles/icons/fgdc/basalto.svg
Carbonífero,"Tobas, cineritas, arcilitas, bentonitas",PALEO_GRANITO,#FFD700,/opt/geoserver/data_dir/styles/icons/fgdc/granito.svg
Carbonífero,"Dacitas, riolitas, andesitas, basaltos, tobas e ignimbritas",CENOZOICO_ARENA,#00FF00,/opt/geoserver/data_dir/styles/icons/fgdc/arena.svg
Carbonífero,"Tobas, tufitas, conglomerados, calizas y basaltos",MESOZOICO_BASALTO,#FF6347,/opt/geoserver/data_dir/styles/icons/fgdc/basalto.svg
Carbonífero,"Conglomerados, areniscas, arcilitas y calizas",PALEO_GRANITO,#FFD700,/opt/geoserver/data_dir/styles/icons/fgdc/granito.svg
Carbonífero,"Riolitas y andesitas, ignimbritas y tobas ácidas",CENOZOICO_ARENA,#00FF00,/opt/geoserver/data_dir/styles/icons/fgdc/arena.svg
Carbonífero,"Basaltos, andesitas, tobas, ignimbritas y aglomerados volcánicos",MESOZOICO_BASALTO,#FF6347,/opt/geoserver/data_dir/styles/icons/fgdc/basalto.svg
Carbonífero,"Areniscas, pelitas, coquinas, tufitas, tobas",PALEO_GRANITO,#FFD700,/opt/geoserver/data_dir/styles/icons/fgdc/granito.svg
Carbonífero,"Basaltos olivínicos, pórfiros basálticos",CENOZOICO_ARENA,#00FF00,/opt/geoserver/data_dir/styles/icons/fgdc/arena.svg
Carbonífero,"Areniscas, pelitas, conglomerados, tobas.",MESOZOICO_BASALTO,#FF6347,/opt/geoserver/data_dir/styles/icons/fgdc/basalto.svg
Carbonífero,"Granitos y granodioritas, pórfiros",PALEO_GRANITO,#FFD700,/opt/geoserver/data_dir/styles/icons/fgdc/granito.svg
Carbonífero,"Riolitas e ignimbritas, dacitas y tobas",CENOZOICO_ARENA,#00FF00,/opt/geoserver/data_dir/styles/icons/fgdc/arena.svg
Carbonífero,Basaltos y adakitas,MESOZOICO_BASALTO,#FF6347,/opt/geoserver/data_dir/styles/icons/fgdc/basalto.svg
Carbonífero,Arenas finas a medianas,PALEO_GRANITO,#FFD700,/opt/geoserver/data_dir/styles/icons/fgdc/granito.svg
Ordovícico,Areniscas,CENOZOICO_ARENA,#00FF00,/opt/geoserver/data_dir/styles/icons/fgdc/arena.svg
Ordovícico,Diamictitas,MESOZOICO_BASALTO,#FF6347,/opt/geoserver/data_dir/styles/icons/fgdc/basalto.svg
Ordovícico,"Areniscas, pelitas y conglomerados",PALEO_GRANITO,#FFD700,/opt/geoserver/data_dir/styles/icons/fgdc/granito.svg
Ordovícico,"Arenas, gravas y limos",CENOZOICO_ARENA,#00FF00,/opt/geoserver/data_dir/styles/icons/fgdc/arena.svg
Ordovícico,Granitos,MESOZOICO_BASALTO,#FF6347,/opt/geoserver/data_dir/styles/icons/fgdc/basalto.svg
Ordovícico,"Limos, arenas",PALEO_GRANITO,#FFD700,/opt/geoserver/data_dir/styles/icons/fgdc/granito.svg
Ordovícico,"Areniscas, conglomerados, pelitas",CENOZOICO_ARENA,#00FF00,/opt/geoserver/data_dir/styles/icons/fgdc/arena.svg
Ordovícico,"Conglomerados, areniscas conglomerádicas, areniscas, pelitas y limolitas",MESOZOICO_BASALTO,#FF6347,/opt/geoserver/data_dir/styles/icons/fgdc/basalto.svg
Ordovícico,"Gabros, dioritas, ortoanfibolitas, serpentinitas",PALEO_GRANITO,#FFD700,/opt/geoserver/data_dir/styles/icons/fgdc/granito.svg
Ordovícico,Fajas miloníticas. Milonitas y protomilonitas,CENOZOICO_ARENA,#00FF00,/opt/geoserver/data_dir/styles/icons/fgdc/arena.svg
Ordovícico,Loess,MESOZOICO_BASALTO,#FF6347,/opt/geoserver/data_dir/styles/icons/fgdc/basalto.svg
Ordovícico,Sedimentos salinos,PALEO_GRANITO,#FFD700,/opt/geoserver/data_dir/styles/icons/fgdc/granito.svg
Ordovícico,Fanglomerados y conglomerados,CENOZOICO_ARENA,#00FF00,/opt/geoserver/data_dir/styles/icons/fgdc/arena.svg
Ordovícico,Arenas,MESOZOICO_BASALTO,#FF6347,/opt/geoserver/data_dir/styles/icons/fgdc/basalto.svg
Ordovícico,Gravas y arenas,PALEO_GRANITO,#FFD700,/opt/geoserver/data_dir/styles/icons/fgdc/granito.svg
Ordovícico,Riodacitas,CENOZOICO_ARENA,#00FF00,/opt/geoserver/data_dir/styles/icons/fgdc/arena.svg
Ordovícico,"Granodioritas, tonalitas",MESOZOICO_BASALTO,#FF6347,/opt/geoserver/data_dir/styles/icons/fgdc/basalto.svg
Ordovícico,"Granitoides peraluminosos, sienogranitos y monzogranitos pórfidicos, granodioritas",PALEO_GRANITO,#FFD700,/opt/geoserver/data_dir/styles/icons/fgdc/granito.svg
Ordovícico,"Areniscas, conglomerados y arcilitas",CENOZOICO_ARENA,#00FF00,/opt/geoserver/data_dir/styles/icons/fgdc/arena.svg
Ordovícico,Calcretes,MESOZOICO_BASALTO,#FF6347,/opt/geoserver/data_dir/styles/icons/fgdc/basalto.svg
Ordovícico,Calizas,PALEO_GRANITO,#FFD700,/opt/geoserver/data_dir/styles/icons/fgdc/granito.svg
Ordovícico,Areniscas y conglomerados,CENOZOICO_ARENA,#00FF00,/opt/geoserver/data_dir/styles/icons/fgdc/arena.svg
Ordovícico,Arenas y limos,MESOZOICO_BASALTO,#FF6347,/opt/geoserver/data_dir/styles/icons/fgdc/basalto.svg
Ordovícico,Filitas,PALEO_GRANITO,#FFD700,/opt/geoserver/data_dir/styles/icons/fgdc/granito.svg
Ordovícico,Basaltos,CENOZOICO_ARENA,#00FF00,/opt/geoserver/data_dir/styles/icons/fgdc/arena.svg
Ordovícico,Andesitas,MESOZOICO_BASALTO,#FF6347,/opt/geoserver/data_dir/styles/icons/fgdc/basalto.svg
Ordovícico,Gneises y metatexitas,PALEO_GRANITO,#FFD700,/opt/geoserver/data_dir/styles/icons/fgdc/granito.svg
Ordovícico,Arcosas y calcretes,CENOZOICO_ARENA,#00FF00,/opt/geoserver/data_dir/styles/icons/fgdc/arena.svg
Ordovícico,"Monzogranitos, tonalitas",MESOZOICO_BASALTO,#FF6347,/opt/geoserver/data_dir/styles/icons/fgdc/basalto.svg
Ordovícico,Gabros,PALEO_GRANITO,#FFD700,/opt/geoserver/data_dir/styles/icons/fgdc/granito.svg
Ordovícico,Milonitas y protomilonitas,CENOZOICO_ARENA,#00FF00,/opt/geoserver/data_dir/styles/icons/fgdc/arena.svg
Ordovícico,,MESOZOICO_BASALTO,#FF6347,/opt/geoserver/data_dir/styles/icons/fgdc/basalto.svg
Ordovícico,Monzogranitos,PALEO_GRANITO,#FFD700,/opt/geoserver/data_dir/styles/icons/fgdc/granito.svg
Ordovícico,"Arenas, limos y arcillas",CENOZOICO_ARENA,#00FF00,/opt/geoserver/data_dir/styles/icons/fgdc/arena.svg
Ordovícico,Arenas y arcillas con elevado contenido de matería orgánica,MESOZOICO_BASALTO,#FF6347,/opt/geoserver/data_dir/styles/icons/fgdc/basalto.svg
Ordovícico,Arcillas y limos con elevado contenido de materia orgánica,PALEO_GRANITO,#FFD700,/opt/geoserver/data_dir/styles/icons/fgdc/granito.svg
Ordovícico,Limos arenosos a arcillosos,CENOZOICO_ARENA,#00FF00,/opt/geoserver/data_dir/styles/icons/fgdc/arena.svg
Ordovícico,Limos y calcretes,MESOZOICO_BASALTO,#FF6347,/opt/geoserver/data_dir/styles/icons/fgdc/basalto.svg
Ordovícico,"Limos, arenas y arcillas",PALEO_GRANITO,#FFD700,/opt/geoserver/data_dir/styles/icons/fgdc/granito.svg
Ordovícico,Milonitas,CENOZOICO_ARENA,#00FF00,/opt/geoserver/data_dir/styles/icons/fgdc/arena.svg
Ordovícico,Basaltos y andesitas,MESOZOICO_BASALTO,#FF6347,/opt/geoserver/data_dir/styles/icons/fgdc/basalto.svg
Ordovícico,Limos,PALEO_GRANITO,#FFD700,/opt/geoserver/data_dir/styles/icons/fgdc/granito.svg
Ordovícico,Limos y arenas,CENOZOICO_ARENA,#00FF00,/opt/geoserver/data_dir/styles/icons/fgdc/arena.svg
Ordovícico,"Areniscas, cuarcitas, calizas, dolomías, pelitas",MESOZOICO_BASALTO,#FF6347,/opt/geoserver/data_dir/styles/icons/fgdc/basalto.svg
Ordovícico,"Limos, arcillas, evaporitas",PALEO_GRANITO,#FFD700,/opt/geoserver/data_dir/styles/icons/fgdc/granito.svg
Ordovícico,"Granitos, granodioritas, esquistos, gneises, migmatitas",CENOZOICO_ARENA,#00FF00,/opt/geoserver/data_dir/styles/icons/fgdc/arena.svg
Ordovícico,Basaltos a andesitas basálticas,MESOZOICO_BASALTO,#FF6347,/opt/geoserver/data_dir/styles/icons/fgdc/basalto.svg
Ordovícico,Limos arcillosos,PALEO_GRANITO,#FFD700,/opt/geoserver/data_dir/styles/icons/fgdc/granito.svg
Ordovícico,"Limos, arenas, gravas",CENOZOICO_ARENA,#00FF00,/opt/geoserver/data_dir/styles/icons/fgdc/arena.svg
Ordovícico,"Granitos, granodioritas, monzogranitos, tonalitas, leucogranitos",MESOZOICO_BASALTO,#FF6347,/opt/geoserver/data_dir/styles/icons/fgdc/basalto.svg
Ordovícico,"Areniscas, areniscas conglomerádicas, conglomerados, brechas, fangolitas, limolitas y lutitas rojizas con intercalación de volcanitas alcalinas, areniscas calcáreas, pelitas, grauvacas y calizas con niveles estromatolíticos y oolíticos",PALEO_GRANITO,#FFD700,/opt/geoserver/data_dir/styles/icons/fgdc/granito.svg
Ordovícico,"Secuencias turbidíticas integradas por areniscas cuarcíferas, areniscas, grauvacas, pelitas, limolitas y lutitas y, subordinadamente, calizas",CENOZOICO_ARENA,#00FF00,/opt/geoserver/data_dir/styles/icons/fgdc/arena.svg
Ordovícico,"Dacitas, andesitas, basaltos; conos piroclásticos y depósitos de avalancha volcánica",MESOZOICO_BASALTO,#FF6347,/opt/geoserver/data_dir/styles/icons/fgdc/basalto.svg
Ordovícico,"Conglomerados, areniscas, limolitas, arcillolitas comunmente con niveles salinos y yesíferos",PALEO_GRANITO,#FFD700,/opt/geoserver/data_dir/styles/icons/fgdc/granito.svg
Ordovícico,"Tobas, ignimbritas dacíticas-riodacíticas, flujos piroclásticos dacíticos a riodacíticos, depósitos de caída",CENOZOICO_ARENA,#00FF00,/opt/geoserver/data_dir/styles/icons/fgdc/arena.svg
Ordovícico,"Riolitas, dacitas, traquiandesitas, diabasas, andesitas basálticas, lavas basálticas almohadilladas, ignimbritas y tobas",MESOZOICO_BASALTO,#FF6347,/opt/geoserver/data_dir/styles/icons/fgdc/basalto.svg
Ordovícico,"Cuarcitas, areniscas",PALEO_GRANITO,#FFD700,/opt/geoserver/data_dir/styles/icons/fgdc/granito.svg
Ordovícico,"Ignimbritas dacíticas, flujos piroclásticos",CENOZOICO_ARENA,#00FF00,/opt/geoserver/data_dir/styles/icons/fgdc/arena.svg
Ordovícico,"Esquistos cuarzo-feldespáticos-biotíticos-moscovíticos, anfibolitas, gneises, ortogneises, migmatitas, metagranitos",MESOZOICO_BASALTO,#FF6347,/opt/geoserver/data_dir/styles/icons/fgdc/basalto.svg
Ordovícico,Gneises y esquistos,PALEO_GRANITO,#FFD700,/opt/geoserver/data_dir/styles/icons/fgdc/granito.svg
Ordovícico,"Areniscas, areniscas conglomerádicas, diamictitas",CENOZOICO_ARENA,#00FF00,/opt/geoserver/data_dir/styles/icons/fgdc/arena.svg
Ordovícico,"Depósitos detríticos de gravas, arenas, limos",MESOZOICO_BASALTO,#FF6347,/opt/geoserver/data_dir/styles/icons/fgdc/basalto.svg
Ordovícico,"Conglomerados, areniscas y limoarcilitas",PALEO_GRANITO,#FFD700,/opt/geoserver/data_dir/styles/icons/fgdc/granito.svg
Ordovícico,"Cuarcitas, pelitas, areniscas, calizas, grauvacas; con intercalaciones de riolitas, dacitas, traquiandesitas, diabasas, andesitas basálticas, lavas basálticas almohadilladas, ignimbritas y tobas",CENOZOICO_ARENA,#00FF00,/opt/geoserver/data_dir/styles/icons/fgdc/arena.svg
Ordovícico,"Limolitas, diamictitas, grauvacas, lutitas",MESOZOICO_BASALTO,#FF6347,/opt/geoserver/data_dir/styles/icons/fgdc/basalto.svg
Ordovícico,Adakitas,PALEO_GRANITO,#FFD700,/opt/geoserver/data_dir/styles/icons/fgdc/granito.svg
Ordovícico,"Esquistos, gneises, pizarras y filitas",CENOZOICO_ARENA,#00FF00,/opt/geoserver/data_dir/styles/icons/fgdc/arena.svg
Ordovícico,"Gneises, ortogneises, migmatitas, anfibolitas y esquistos",MESOZOICO_BASALTO,#FF6347,/opt/geoserver/data_dir/styles/icons/fgdc/basalto.svg
Ordovícico,"Areniscas, limolitas y arcilitas",PALEO_GRANITO,#FFD700,/opt/geoserver/data_dir/styles/icons/fgdc/granito.svg
Ordovícico,"Areniscas, pelitas, filitas y esquistos",CENOZOICO_ARENA,#00FF00,/opt/geoserver/data_dir/styles/icons/fgdc/arena.svg
Ordovícico,"Areniscas medianas a gruesas, coquinas, pelitas, calizas",MESOZOICO_BASALTO,#FF6347,/opt/geoserver/data_dir/styles/icons/fgdc/basalto.svg
Ordovícico,"Areniscas finas a medianas, coquinas, pelitas, carbón",PALEO_GRANITO,#FFD700,/opt/geoserver/data_dir/styles/icons/fgdc/granito.svg
Ordovícico,"Areniscas, conglomerados,pelitas, carbón",CENOZOICO_ARENA,#00FF00,/opt/geoserver/data_dir/styles/icons/fgdc/arena.svg
Ordovícico,"Andesitas, basaltos, tobas",MESOZOICO_BASALTO,#FF6347,/opt/geoserver/data_dir/styles/icons/fgdc/basalto.svg
Ordovícico,"Basaltos, basanitas, teschenitas, gabros.",PALEO_GRANITO,#FFD700,/opt/geoserver/data_dir/styles/icons/fgdc/granito.svg
Ordovícico,"Ignimbritas y tobas ácidas, riolitas, pelitas y tufitas",CENOZOICO_ARENA,#00FF00,/opt/geoserver/data_dir/styles/icons/fgdc/arena.svg
Ordovícico,Gabros y diques basálticos,MESOZOICO_BASALTO,#FF6347,/opt/geoserver/data_dir/styles/icons/fgdc/basalto.svg
Ordovícico,"Tobas, tufitas, pelitas, areniscas gruesas a conglomerados",PALEO_GRANITO,#FFD700,/opt/geoserver/data_dir/styles/icons/fgdc/granito.svg
Ordovícico,"Tobas, cineritas, tufitas, areniscas medias a gruesas, conglomerados",CENOZOICO_ARENA,#00FF00,/opt/geoserver/data_dir/styles/icons/fgdc/arena.svg
Ordovícico,"Areniscas, arcilitas y limolitas, conglomerados",MESOZOICO_BASALTO,#FF6347,/opt/geoserver/data_dir/styles/icons/fgdc/basalto.svg
Ordovícico,"Areniscas finas a medias, pelitas, calizas, coquinas",PALEO_GRANITO,#FFD700,/opt/geoserver/data_dir/styles/icons/fgdc/granito.svg
Ordovícico,"Gneises, anfibolitas y granitos",CENOZOICO_ARENA,#00FF00,/opt/geoserver/data_dir/styles/icons/fgdc/arena.svg
Ordovícico,"Granitos, granodioritas, dioritas, tonalitas.",MESOZOICO_BASALTO,#FF6347,/opt/geoserver/data_dir/styles/icons/fgdc/basalto.svg
Ordovícico,"Gravas finas a medianas, arenas gruesas",PALEO_GRANITO,#FFD700,/opt/geoserver/data_dir/styles/icons/fgdc/granito.svg
Ordovícico,Basaltos olivínicos,CENOZOICO_ARENA,#00FF00,/opt/geoserver/data_dir/styles/icons/fgdc/arena.svg
Ordovícico,"Esquistos, filitas, ortocuarcitas, migmatitas y granitoides",MESOZOICO_BASALTO,#FF6347,/opt/geoserver/data_dir/styles/icons/fgdc/basalto.svg
Ordovícico,Arenas medianas a gruesas y gravas finas,PALEO_GRANITO,#FFD700,/opt/geoserver/data_dir/styles/icons/fgdc/granito.svg
Ordovícico,"Till, gravas, arenas y pelitas",CENOZOICO_ARENA,#00FF00,/opt/geoserver/data_dir/styles/icons/fgdc/arena.svg
Ordovícico,"Areniscas, conglomerados y pelitas.",MESOZOICO_BASALTO,#FF6347,/opt/geoserver/data_dir/styles/icons/fgdc/basalto.svg
Ordovícico,Metavolcanitas ácidas a mesosilícicas,PALEO_GRANITO,#FFD700,/opt/geoserver/data_dir/styles/icons/fgdc/granito.svg
Ordovícico,Arenas y gravas,CENOZOICO_ARENA,#00FF00,/opt/geoserver/data_dir/styles/icons/fgdc/arena.svg
Ordovícico,Rocas ultramáficas,MESOZOICO_BASALTO,#FF6347,/opt/geoserver/data_dir/styles/icons/fgdc/basalto.svg
Ordovícico,"Arenas, gravas y pelitas",PALEO_GRANITO,#FFD700,/opt/geoserver/data_dir/styles/icons/fgdc/granito.svg
Ordovícico,Limos y arcillas,CENOZOICO_ARENA,#00FF00,/opt/geoserver/data_dir/styles/icons/fgdc/arena.svg
Ordovícico,"Arenas finas a medianas, rodados",MESOZOICO_BASALTO,#FF6347,/opt/geoserver/data_dir/styles/icons/fgdc/basalto.svg
Ordovícico,Bloques,PALEO_GRANITO,#FFD700,/opt/geoserver/data_dir/styles/icons/fgdc/granito.svg
Ordovícico,"Ortocuarcitas, cuarcitas y conglomerados, pelitas",CENOZOICO_ARENA,#00FF00,/opt/geoserver/data_dir/styles/icons/fgdc/arena.svg
Ordovícico,"Basaltos alcalinos, basanitas, nefelinitas",MESOZOICO_BASALTO,#FF6347,/opt/geoserver/data_dir/styles/icons/fgdc/basalto.svg
Ordovícico,"Riolitas y andesitas, tobas, ignimbritas y tufitas",PALEO_GRANITO,#FFD700,/opt/geoserver/data_dir/styles/icons/fgdc/granito.svg
Ordovícico,"Tobas, areniscas, pelitas, tufitas, calizas, lavas e ignimbritas riolíticas y andesíticas",CENOZOICO_ARENA,#00FF00,/opt/geoserver/data_dir/styles/icons/fgdc/arena.svg
Ordovícico,"Gravas medianas a gruesas, arenas gruesas",MESOZOICO_BASALTO,#FF6347,/opt/geoserver/data_dir/styles/icons/fgdc/basalto.svg
Ordovícico,"Arenas, gravas, limos",PALEO_GRANITO,#FFD700,/opt/geoserver/data_dir/styles/icons/fgdc/granito.svg
Ordovícico,"Gravas, arenas",CENOZOICO_ARENA,#00FF00,/opt/geoserver/data_dir/styles/icons/fgdc/arena.svg
Ordovícico,"Conglomerados, areniscas, calizas, pelitas",MESOZOICO_BASALTO,#FF6347,/opt/geoserver/data_dir/styles/icons/fgdc/basalto.svg
Ordovícico,"Limolitas, areniscas, conglomerados, olistolitos",PALEO_GRANITO,#FFD700,/opt/geoserver/data_dir/styles/icons/fgdc/granito.svg
Ordovícico,"Granitos, granodioritas, tonalitas y diques riolíticos",CENOZOICO_ARENA,#00FF00,/opt/geoserver/data_dir/styles/icons/fgdc/arena.svg
Ordovícico,"Areniscas, limolitas y conglomerados",MESOZOICO_BASALTO,#FF6347,/opt/geoserver/data_dir/styles/icons/fgdc/basalto.svg
Ordovícico,"Areniscas, conglomerados, tufitas y tobas",PALEO_GRANITO,#FFD700,/opt/geoserver/data_dir/styles/icons/fgdc/granito.svg
Ordovícico,"Limos, arcillas, arenas",CENOZOICO_ARENA,#00FF00,/opt/geoserver/data_dir/styles/icons/fgdc/arena.svg
Ordovícico,"Andesitas, riolitas, basaltos, tobas, brechas, conglomerados, areniscas",MESOZOICO_BASALTO,#FF6347,/opt/geoserver/data_dir/styles/icons/fgdc/basalto.svg
Ordovícico,"Tobas, tufitas, ignimbritas, areniscas y conglomerados",PALEO_GRANITO,#FFD700,/opt/geoserver/data_dir/styles/icons/fgdc/granito.svg
Ordovícico,"Traquitas y tobas traquíticas, brechas y aglomerados.",CENOZOICO_ARENA,#00FF00,/opt/geoserver/data_dir/styles/icons/fgdc/arena.svg
Ordovícico,"Till, gravas, arenas, arcillas",MESOZOICO_BASALTO,#FF6347,/opt/geoserver/data_dir/styles/icons/fgdc/basalto.svg
Ordovícico,"Areniscas, pelitas, conglomerados, calizas",PALEO_GRANITO,#FFD700,/opt/geoserver/data_dir/styles/icons/fgdc/granito.svg
Ordovícico,"Areniscas, pelitas, calizas, evaporitas",CENOZOICO_ARENA,#00FF00,/opt/geoserver/data_dir/styles/icons/fgdc/arena.svg
Ordovícico,"Riolitas, dacitas, andesitas, ignimbritas, tobas, brechas, conglomerados",MESOZOICO_BASALTO,#FF6347,/opt/geoserver/data_dir/styles/icons/fgdc/basalto.svg
Ordovícico,"Andesitas, ignimbritas",PALEO_GRANITO,#FFD700,/opt/geoserver/data_dir/styles/icons/fgdc/granito.svg
Ordovícico,Metamorfitas y plutonitas metamorfizadas,CENOZOICO_ARENA,#00FF00,/opt/geoserver/data_dir/styles/icons/fgdc/arena.svg
Ordovícico,"Metarenitas, filitas, mármoles, areniscas y pelitas",MESOZOICO_BASALTO,#FF6347,/opt/geoserver/data_dir/styles/icons/fgdc/basalto.svg
Ordovícico,"Conglomerados, areniscas, pelitas, tufitas, tobas, yeso",PALEO_GRANITO,#FFD700,/opt/geoserver/data_dir/styles/icons/fgdc/granito.svg
Ordovícico,"Brechas y areniscas volcánicas, tobas, tufitas, andesitas",CENOZOICO_ARENA,#00FF00,/opt/geoserver/data_dir/styles/icons/fgdc/arena.svg
Ordovícico,"Calizas, margas, dolomias, fangolitas calcáreas",MESOZOICO_BASALTO,#FF6347,/opt/geoserver/data_dir/styles/icons/fgdc/basalto.svg
Ordovícico,"Granitos, granodioritas",PALEO_GRANITO,#FFD700,/opt/geoserver/data_dir/styles/icons/fgdc/granito.svg
Ordovícico,"Andesitas, dacitas, ignimbritas, tobas, pórfiros andesíticos y dacíticos",CENOZOICO_ARENA,#00FF00,/opt/geoserver/data_dir/styles/icons/fgdc/arena.svg
Ordovícico,"Areniscas, arcilitas, calizas silicificadas",MESOZOICO_BASALTO,#FF6347,/opt/geoserver/data_dir/styles/icons/fgdc/basalto.svg
Ordovícico,Areniscas y lutitas,PALEO_GRANITO,#FFD700,/opt/geoserver/data_dir/styles/icons/fgdc/granito.svg
Ordovícico,Granitos muscovítico biotítico parcialmente pegmatíticos,CENOZOICO_ARENA,#00FF00,/opt/geoserver/data_dir/styles/icons/fgdc/arena.svg
Ordovícico,"Limolitas con cemento carbonático, arenas, limos",MESOZOICO_BASALTO,#FF6347,/opt/geoserver/data_dir/styles/icons/fgdc/basalto.svg
Ordovícico,"Andesitas, ignimbritas, tobas",PALEO_GRANITO,#FFD700,/opt/geoserver/data_dir/styles/icons/fgdc/granito.svg
Ordovícico,"Basaltos, andesitas, tobas, tufitas",CENOZOICO_ARENA,#00FF00,/opt/geoserver/data_dir/styles/icons/fgdc/arena.svg
Ordovícico,"Conglomerados, areniscas",MESOZOICO_BASALTO,#FF6347,/opt/geoserver/data_dir/styles/icons/fgdc/basalto.svg
Ordovícico,"Esquistos, cuarcitas, gneises",PALEO_GRANITO,#FFD700,/opt/geoserver/data_dir/styles/icons/fgdc/granito.svg
Ordovícico,Mármoles,CENOZOICO_ARENA,#00FF00,/opt/geoserver/data_dir/styles/icons/fgdc/arena.svg
Ordovícico,"Ignimbritas dacíticas y riolíticas, brechas volcánicas y volcanoclásticas",MESOZOICO_BASALTO,#FF6347,/opt/geoserver/data_dir/styles/icons/fgdc/basalto.svg
Ordovícico,"Lavas dacíticas, andesíticas y basálticas, brechas autoclásticas de composición andesítica y depósitos de bloques y ceniza (block and ash) asociados a estrato volcanes",PALEO_GRANITO,#FFD700,/opt/geoserver/data_dir/styles/icons/fgdc/granito.svg
Ordovícico,"Areniscas, conglomerados, limolitas, arcilitas",CENOZOICO_ARENA,#00FF00,/opt/geoserver/data_dir/styles/icons/fgdc/arena.svg
Ordovícico,"Anfibolitas, esquistos, gneises, calizas y pegmatitas",MESOZOICO_BASALTO,#FF6347,/opt/geoserver/data_dir/styles/icons/fgdc/basalto.svg
Ordovícico,"Basaltos, andesitas, tobas",PALEO_GRANITO,#FFD700,/opt/geoserver/data_dir/styles/icons/fgdc/granito.svg
Ordovícico,"Andesitas, riodacítas, piroclastitas, areniscas líticas",CENOZOICO_ARENA,#00FF00,/opt/geoserver/data_dir/styles/icons/fgdc/arena.svg
Ordovícico,"Depósitos de evaporitas (cloruros, sulfatos y boratos), limos y arcillas, tufitas y travertinos",MESOZOICO_BASALTO,#FF6347,/opt/geoserver/data_dir/styles/icons/fgdc/basalto.svg
Ordovícico,Cuerpos porfídicos hipabisales de composición diorítica a andesítica y dacítica,PALEO_GRANITO,#FFD700,/opt/geoserver/data_dir/styles/icons/fgdc/granito.svg
Ordovícico,Margas arenosas y areniscas arcillosas,CENOZOICO_ARENA,#00FF00,/opt/geoserver/data_dir/styles/icons/fgdc/arena.svg
Ordovícico,Traquiandesitas,MESOZOICO_BASALTO,#FF6347,/opt/geoserver/data_dir/styles/icons/fgdc/basalto.svg
Ordovícico,"Areniscas, pelitas, conglomerados, calizas, evaporitas, tobas",PALEO_GRANITO,#FFD700,/opt/geoserver/data_dir/styles/icons/fgdc/granito.svg
Ordovícico,"Limolitas, areniscas, arcilitas, calcretes",CENOZOICO_ARENA,#00FF00,/opt/geoserver/data_dir/styles/icons/fgdc/arena.svg
Ordovícico,"Pelitas, areniscas, diamictitas, conglomerados",MESOZOICO_BASALTO,#FF6347,/opt/geoserver/data_dir/styles/icons/fgdc/basalto.svg
Ordovícico,"Basaltos, tobas",PALEO_GRANITO,#FFD700,/opt/geoserver/data_dir/styles/icons/fgdc/granito.svg
Ordovícico,"Granitos, granodioritas, tonalitas",CENOZOICO_ARENA,#00FF00,/opt/geoserver/data_dir/styles/icons/fgdc/arena.svg
Ordovícico,"Limos, arcillas y evaporitas",MESOZOICO_BASALTO,#FF6347,/opt/geoserver/data_dir/styles/icons/fgdc/basalto.svg
Ordovícico,"Granodioritas, dioritas, tonalitas",PALEO_GRANITO,#FFD700,/opt/geoserver/data_dir/styles/icons/fgdc/granito.svg
Ordovícico,"Trondjhemitas, tonalitas",CENOZOICO_ARENA,#00FF00,/opt/geoserver/data_dir/styles/icons/fgdc/arena.svg
Ordovícico,"Areniscas finas a gruesas, conglomerados, tobas, pelitas negras",MESOZOICO_BASALTO,#FF6347,/opt/geoserver/data_dir/styles/icons/fgdc/basalto.svg
Ordovícico,"Areniscas gruesas y conglomerados, tobas y tufitas, coquinas",PALEO_GRANITO,#FFD700,/opt/geoserver/data_dir/styles/icons/fgdc/granito.svg
Ordovícico,"Riolitas, basaltos y traquitas",CENOZOICO_ARENA,#00FF00,/opt/geoserver/data_dir/styles/icons/fgdc/arena.svg
Ordovícico,"Lavas, brechas, ignimbritas y tobas de composición riolítica, dacítica y andesítica",MESOZOICO_BASALTO,#FF6347,/opt/geoserver/data_dir/styles/icons/fgdc/basalto.svg
Ordovícico,"Leucogranitos de dos micas y monzogranitos biotíticos con tendencia porfídica, al que se asocian pórfidos graníticos y diques micrograníticos. También se reconocen lamprófiros, aplitas y diques graníticos. Sienitas y granitos riebeckíticos y diques",PALEO_GRANITO,#FFD700,/opt/geoserver/data_dir/styles/icons/fgdc/granito.svg
Ordovícico,Granitoides,CENOZOICO_ARENA,#00FF00,/opt/geoserver/data_dir/styles/icons/fgdc/arena.svg
Ordovícico,"Basaltos, andesitas, dacitas, tobas, brechas, pelitas",MESOZOICO_BASALTO,#FF6347,/opt/geoserver/data_dir/styles/icons/fgdc/basalto.svg
Ordovícico,"Depósitos residuales limosos, ferricretes",PALEO_GRANITO,#FFD700,/opt/geoserver/data_dir/styles/icons/fgdc/granito.svg
Ordovícico,"Granitos y granodioritas, tonalitas",CENOZOICO_ARENA,#00FF00,/opt/geoserver/data_dir/styles/icons/fgdc/arena.svg
Ordovícico,"Ortocuarcitas, areniscas y pelitas",MESOZOICO_BASALTO,#FF6347,/opt/geoserver/data_dir/styles/icons/fgdc/basalto.svg
Ordovícico,"Areniscas medianas a finas, conglomerados polimícticos, evaporitas, caliza y yeso; sedimentitas clásticas calcáreas con intercalaciones de dacitas y tobas",PALEO_GRANITO,#FFD700,/opt/geoserver/data_dir/styles/icons/fgdc/granito.svg
Ordovícico,"Conglomerados, areniscas conglomerádicas, areniscas, pelitas y limolitas y calizas",CENOZOICO_ARENA,#00FF00,/opt/geoserver/data_dir/styles/icons/fgdc/arena.svg
Ordovícico,"Gabros, granitos, granodioritas, dioritas, sienitas, monzonitas, monzodioritas, monzogranitos, tonalitas",MESOZOICO_BASALTO,#FF6347,/opt/geoserver/data_dir/styles/icons/fgdc/basalto.svg
Ordovícico,"Areniscas, limolitas, duricostras",PALEO_GRANITO,#FFD700,/opt/geoserver/data_dir/styles/icons/fgdc/granito.svg
Ordovícico,"Diamictitas, areniscas",CENOZOICO_ARENA,#00FF00,/opt/geoserver/data_dir/styles/icons/fgdc/arena.svg
Ordovícico,Areniscas y limolitas,MESOZOICO_BASALTO,#FF6347,/opt/geoserver/data_dir/styles/icons/fgdc/basalto.svg
Ordovícico,Riolitas,PALEO_GRANITO,#FFD700,/opt/geoserver/data_dir/styles/icons/fgdc/granito.svg
Ordovícico,"Areniscas, cuarcitas",CENOZOICO_ARENA,#00FF00,/opt/geoserver/data_dir/styles/icons/fgdc/arena.svg
Ordovícico,"Pelitas y areniscas, fosilíferas",MESOZOICO_BASALTO,#FF6347,/opt/geoserver/data_dir/styles/icons/fgdc/basalto.svg
Ordovícico,"Lutitas, areniscas, conglomerados, tobas",PALEO_GRANITO,#FFD700,/opt/geoserver/data_dir/styles/icons/fgdc/granito.svg
Ordovícico,"Granitos, granodioritas, microgranitos",CENOZOICO_ARENA,#00FF00,/opt/geoserver/data_dir/styles/icons/fgdc/arena.svg
Ordovícico,"Filitas, esquistos, cuarcitas",MESOZOICO_BASALTO,#FF6347,/opt/geoserver/data_dir/styles/icons/fgdc/basalto.svg
Ordovícico,"Conglomerados, areniscas, tobas, andesitas, brechas ignimbríticas",PALEO_GRANITO,#FFD700,/opt/geoserver/data_dir/styles/icons/fgdc/granito.svg
Ordovícico,"Areniscas, pelitas, conglomerados, calizas, evaporitas",CENOZOICO_ARENA,#00FF00,/opt/geoserver/data_dir/styles/icons/fgdc/arena.svg
Ordovícico,"Esquistos, gneises, milonitas, anfibolitas y mármoles",MESOZOICO_BASALTO,#FF6347,/opt/geoserver/data_dir/styles/icons/fgdc/basalto.svg
Ordovícico,"Esquistos, gneises, mármoles, metadiabasas",PALEO_GRANITO,#FFD700,/opt/geoserver/data_dir/styles/icons/fgdc/granito.svg
Ordovícico,"Andesitas, basandesitas, aglomerados, areniscas, tobas",CENOZOICO_ARENA,#00FF00,/opt/geoserver/data_dir/styles/icons/fgdc/arena.svg
Ordovícico,"Granitos, aplitas, pegmatitas",MESOZOICO_BASALTO,#FF6347,/opt/geoserver/data_dir/styles/icons/fgdc/basalto.svg
Ordovícico,"Basaltos y diabasas (estructura almohadillada). Diques y filones diabásicos, gabros y dioritas",PALEO_GRANITO,#FFD700,/opt/geoserver/data_dir/styles/icons/fgdc/granito.svg
Ordovícico,"Limos, arcillas, sales",CENOZOICO_ARENA,#00FF00,/opt/geoserver/data_dir/styles/icons/fgdc/arena.svg
Ordovícico,"Areniscas finas a gruesas, conglomerados, pelitas, coquinas.",MESOZOICO_BASALTO,#FF6347,/opt/geoserver/data_dir/styles/icons/fgdc/basalto.svg
Ordovícico,"Areniscas medias a gruesas, arcilitas, tobas y tufitas",PALEO_GRANITO,#FFD700,/opt/geoserver/data_dir/styles/icons/fgdc/granito.svg
Ordovícico,"Areniscas feldespáticas, limolitas, lutitas, arcosas",CENOZOICO_ARENA,#00FF00,/opt/geoserver/data_dir/styles/icons/fgdc/arena.svg
Ordovícico,"Granitos, granodiorítas, pórfidos",MESOZOICO_BASALTO,#FF6347,/opt/geoserver/data_dir/styles/icons/fgdc/basalto.svg
Ordovícico,"Granodioritas, tonalitas, granitos",PALEO_GRANITO,#FFD700,/opt/geoserver/data_dir/styles/icons/fgdc/granito.svg
Ordovícico,"Tobas, chonitas, areniscas finas a medias, arcilitas",CENOZOICO_ARENA,#00FF00,/opt/geoserver/data_dir/styles/icons/fgdc/arena.svg
Ordovícico,"Granófiros, pórfiros riolíticos",MESOZOICO_BASALTO,#FF6347,/opt/geoserver/data_dir/styles/icons/fgdc/basalto.svg
Ordovícico,"Basaltos olivínicos, basanitas",PALEO_GRANITO,#FFD700,/opt/geoserver/data_dir/styles/icons/fgdc/granito.svg
Ordovícico,"Tobas, cineritas, arcilitas, bentonitas",CENOZOICO_ARENA,#00FF00,/opt/geoserver/data_dir/styles/icons/fgdc/arena.svg
Ordovícico,"Dacitas, riolitas, andesitas, basaltos, tobas e ignimbritas",MESOZOICO_BASALTO,#FF6347,/opt/geoserver/data_dir/styles/icons/fgdc/basalto.svg
Ordovícico,"Tobas, tufitas, conglomerados, calizas y basaltos",PALEO_GRANITO,#FFD700,/opt/geoserver/data_dir/styles/icons/fgdc/granito.svg
Ordovícico,"Conglomerados, areniscas, arcilitas y calizas",CENOZOICO_ARENA,#00FF00,/opt/geoserver/data_dir/styles/icons/fgdc/arena.svg
Ordovícico,"Riolitas y andesitas, ignimbritas y tobas ácidas",MESOZOICO_BASALTO,#FF6347,/opt/geoserver/data_dir/styles/icons/fgdc/basalto.svg
Ordovícico,"Basaltos, andesitas, tobas, ignimbritas y aglomerados volcánicos",PALEO_GRANITO,#FFD700,/opt/geoserver/data_dir/styles/icons/fgdc/granito.svg
Ordovícico,"Areniscas, pelitas, coquinas, tufitas, tobas",CENOZOICO_ARENA,#00FF00,/opt/geoserver/data_dir/styles/icons/fgdc/arena.svg
Ordovícico,"Basaltos olivínicos, pórfiros basálticos",MESOZOICO_BASALTO,#FF6347,/opt/geoserver/data_dir/styles/icons/fgdc/basalto.svg
Ordovícico,"Areniscas, pelitas, conglomerados, tobas.",PALEO_GRANITO,#FFD700,/opt/geoserver/data_dir/styles/icons/fgdc/granito.svg
Ordovícico,"Granitos y granodioritas, pórfiros",CENOZOICO_ARENA,#00FF00,/opt/geoserver/data_dir/styles/icons/fgdc/arena.svg
Ordovícico,"Riolitas e ignimbritas, dacitas y tobas",MESOZOICO_BASALTO,#FF6347,/opt/geoserver/data_dir/styles/icons/fgdc/basalto.svg
Ordovícico,Basaltos y adakitas,PALEO_GRANITO,#FFD700,/opt/geoserver/data_dir/styles/icons/fgdc/granito.svg
Ordovícico,Arenas finas a medianas,CENOZOICO_ARENA,#00FF00,/opt/geoserver/data_dir/styles/icons/fgdc/arena.svg
Neógeno,Areniscas,MESOZOICO_BASALTO,#FF6347,/opt/geoserver/data_dir/styles/icons/fgdc/basalto.svg
Neógeno,Diamictitas,PALEO_GRANITO,#FFD700,/opt/geoserver/data_dir/styles/icons/fgdc/granito.svg
Neógeno,"Areniscas, pelitas y conglomerados",CENOZOICO_ARENA,#00FF00,/opt/geoserver/data_dir/styles/icons/fgdc/arena.svg
Neógeno,"Arenas, gravas y limos",MESOZOICO_BASALTO,#FF6347,/opt/geoserver/data_dir/styles/icons/fgdc/basalto.svg
Neógeno,Granitos,PALEO_GRANITO,#FFD700,/opt/geoserver/data_dir/styles/icons/fgdc/granito.svg
Neógeno,"Limos, arenas",CENOZOICO_ARENA,#00FF00,/opt/geoserver/data_dir/styles/icons/fgdc/arena.svg
Neógeno,"Areniscas, conglomerados, pelitas",MESOZOICO_BASALTO,#FF6347,/opt/geoserver/data_dir/styles/icons/fgdc/basalto.svg
Neógeno,"Conglomerados, areniscas conglomerádicas, areniscas, pelitas y limolitas",PALEO_GRANITO,#FFD700,/opt/geoserver/data_dir/styles/icons/fgdc/granito.svg
Neógeno,"Gabros, dioritas, ortoanfibolitas, serpentinitas",CENOZOICO_ARENA,#00FF00,/opt/geoserver/data_dir/styles/icons/fgdc/arena.svg
Neógeno,Fajas miloníticas. Milonitas y protomilonitas,MESOZOICO_BASALTO,#FF6347,/opt/geoserver/data_dir/styles/icons/fgdc/basalto.svg
Neógeno,Loess,PALEO_GRANITO,#FFD700,/opt/geoserver/data_dir/styles/icons/fgdc/granito.svg
Neógeno,Sedimentos salinos,CENOZOICO_ARENA,#00FF00,/opt/geoserver/data_dir/styles/icons/fgdc/arena.svg
Neógeno,Fanglomerados y conglomerados,MESOZOICO_BASALTO,#FF6347,/opt/geoserver/data_dir/styles/icons/fgdc/basalto.svg
Neógeno,Arenas,PALEO_GRANITO,#FFD700,/opt/geoserver/data_dir/styles/icons/fgdc/granito.svg
Neógeno,Gravas y arenas,CENOZOICO_ARENA,#00FF00,/opt/geoserver/data_dir/styles/icons/fgdc/arena.svg
Neógeno,Riodacitas,MESOZOICO_BASALTO,#FF6347,/opt/geoserver/data_dir/styles/icons/fgdc/basalto.svg
Neógeno,"Granodioritas, tonalitas",PALEO_GRANITO,#FFD700,/opt/geoserver/data_dir/styles/icons/fgdc/granito.svg
Neógeno,"Granitoides peraluminosos, sienogranitos y monzogranitos pórfidicos, granodioritas",CENOZOICO_ARENA,#00FF00,/opt/geoserver/data_dir/styles/icons/fgdc/arena.svg
Neógeno,"Areniscas, conglomerados y arcilitas",MESOZOICO_BASALTO,#FF6347,/opt/geoserver/data_dir/styles/icons/fgdc/basalto.svg
Neógeno,Calcretes,PALEO_GRANITO,#FFD700,/opt/geoserver/data_dir/styles/icons/fgdc/granito.svg
Neógeno,Calizas,CENOZOICO_ARENA,#00FF00,/opt/geoserver/data_dir/styles/icons/fgdc/arena.svg
Neógeno,Areniscas y conglomerados,MESOZOICO_BASALTO,#FF6347,/opt/geoserver/data_dir/styles/icons/fgdc/basalto.svg
Neógeno,Arenas y limos,PALEO_GRANITO,#FFD700,/opt/geoserver/data_dir/styles/icons/fgdc/granito.svg
Neógeno,Filitas,CENOZOICO_ARENA,#00FF00,/opt/geoserver/data_dir/styles/icons/fgdc/arena.svg
Neógeno,Basaltos,MESOZOICO_BASALTO,#FF6347,/opt/geoserver/data_dir/styles/icons/fgdc/basalto.svg
Neógeno,Andesitas,PALEO_GRANITO,#FFD700,/opt/geoserver/data_dir/styles/icons/fgdc/granito.svg
Neógeno,Gneises y metatexitas,CENOZOICO_ARENA,#00FF00,/opt/geoserver/data_dir/styles/icons/fgdc/arena.svg
Neógeno,Arcosas y calcretes,MESOZOICO_BASALTO,#FF6347,/opt/geoserver/data_dir/styles/icons/fgdc/basalto.svg
Neógeno,"Monzogranitos, tonalitas",PALEO_GRANITO,#FFD700,/opt/geoserver/data_dir/styles/icons/fgdc/granito.svg
Neógeno,Gabros,CENOZOICO_ARENA,#00FF00,/opt/geoserver/data_dir/styles/icons/fgdc/arena.svg
Neógeno,Milonitas y protomilonitas,MESOZOICO_BASALTO,#FF6347,/opt/geoserver/data_dir/styles/icons/fgdc/basalto.svg
Neógeno,,PALEO_GRANITO,#FFD700,/opt/geoserver/data_dir/styles/icons/fgdc/granito.svg
Neógeno,Monzogranitos,CENOZOICO_ARENA,#00FF00,/opt/geoserver/data_dir/styles/icons/fgdc/arena.svg
Neógeno,"Arenas, limos y arcillas",MESOZOICO_BASALTO,#FF6347,/opt/geoserver/data_dir/styles/icons/fgdc/basalto.svg
Neógeno,Arenas y arcillas con elevado contenido de matería orgánica,PALEO_GRANITO,#FFD700,/opt/geoserver/data_dir/styles/icons/fgdc/granito.svg
Neógeno,Arcillas y limos con elevado contenido de materia orgánica,CENOZOICO_ARENA,#00FF00,/opt/geoserver/data_dir/styles/icons/fgdc/arena.svg
Neógeno,Limos arenosos a arcillosos,MESOZOICO_BASALTO,#FF6347,/opt/geoserver/data_dir/styles/icons/fgdc/basalto.svg
Neógeno,Limos y calcretes,PALEO_GRANITO,#FFD700,/opt/geoserver/data_dir/styles/icons/fgdc/granito.svg
Neógeno,"Limos, arenas y arcillas",CENOZOICO_ARENA,#00FF00,/opt/geoserver/data_dir/styles/icons/fgdc/arena.svg
Neógeno,Milonitas,MESOZOICO_BASALTO,#FF6347,/opt/geoserver/data_dir/styles/icons/fgdc/basalto.svg
Neógeno,Basaltos y andesitas,PALEO_GRANITO,#FFD700,/opt/geoserver/data_dir/styles/icons/fgdc/granito.svg
Neógeno,Limos,CENOZOICO_ARENA,#00FF00,/opt/geoserver/data_dir/styles/icons/fgdc/arena.svg
Neógeno,Limos y arenas,MESOZOICO_BASALTO,#FF6347,/opt/geoserver/data_dir/styles/icons/fgdc/basalto.svg
Neógeno,"Areniscas, cuarcitas, calizas, dolomías, pelitas",PALEO_GRANITO,#FFD700,/opt/geoserver/data_dir/styles/icons/fgdc/granito.svg
Neógeno,"Limos, arcillas, evaporitas",CENOZOICO_ARENA,#00FF00,/opt/geoserver/data_dir/styles/icons/fgdc/arena.svg
Neógeno,"Granitos, granodioritas, esquistos, gneises, migmatitas",MESOZOICO_BASALTO,#FF6347,/opt/geoserver/data_dir/styles/icons/fgdc/basalto.svg
Neógeno,Basaltos a andesitas basálticas,PALEO_GRANITO,#FFD700,/opt/geoserver/data_dir/styles/icons/fgdc/granito.svg
Neógeno,Limos arcillosos,CENOZOICO_ARENA,#00FF00,/opt/geoserver/data_dir/styles/icons/fgdc/arena.svg
Neógeno,"Limos, arenas, gravas",MESOZOICO_BASALTO,#FF6347,/opt/geoserver/data_dir/styles/icons/fgdc/basalto.svg
Neógeno,"Granitos, granodioritas, monzogranitos, tonalitas, leucogranitos",PALEO_GRANITO,#FFD700,/opt/geoserver/data_dir/styles/icons/fgdc/granito.svg
Neógeno,"Areniscas, areniscas conglomerádicas, conglomerados, brechas, fangolitas, limolitas y lutitas rojizas con intercalación de volcanitas alcalinas, areniscas calcáreas, pelitas, grauvacas y calizas con niveles estromatolíticos y oolíticos",CENOZOICO_ARENA,#00FF00,/opt/geoserver/data_dir/styles/icons/fgdc/arena.svg
Neógeno,"Secuencias turbidíticas integradas por areniscas cuarcíferas, areniscas, grauvacas, pelitas, limolitas y lutitas y, subordinadamente, calizas",MESOZOICO_BASALTO,#FF6347,/opt/geoserver/data_dir/styles/icons/fgdc/basalto.svg
Neógeno,"Dacitas, andesitas, basaltos; conos piroclásticos y depósitos de avalancha volcánica",PALEO_GRANITO,#FFD700,/opt/geoserver/data_dir/styles/icons/fgdc/granito.svg
Neógeno,"Conglomerados, areniscas, limolitas, arcillolitas comunmente con niveles salinos y yesíferos",CENOZOICO_ARENA,#00FF00,/opt/geoserver/data_dir/styles/icons/fgdc/arena.svg
Neógeno,"Tobas, ignimbritas dacíticas-riodacíticas, flujos piroclásticos dacíticos a riodacíticos, depósitos de caída",MESOZOICO_BASALTO,#FF6347,/opt/geoserver/data_dir/styles/icons/fgdc/basalto.svg
Neógeno,"Riolitas, dacitas, traquiandesitas, diabasas, andesitas basálticas, lavas basálticas almohadilladas, ignimbritas y tobas",PALEO_GRANITO,#FFD700,/opt/geoserver/data_dir/styles/icons/fgdc/granito.svg
Neógeno,"Cuarcitas, areniscas",CENOZOICO_ARENA,#00FF00,/opt/geoserver/data_dir/styles/icons/fgdc/arena.svg
Neógeno,"Ignimbritas dacíticas, flujos piroclásticos",MESOZOICO_BASALTO,#FF6347,/opt/geoserver/data_dir/styles/icons/fgdc/basalto.svg
Neógeno,"Esquistos cuarzo-feldespáticos-biotíticos-moscovíticos, anfibolitas, gneises, ortogneises, migmatitas, metagranitos",PALEO_GRANITO,#FFD700,/opt/geoserver/data_dir/styles/icons/fgdc/granito.svg
Neógeno,Gneises y esquistos,CENOZOICO_ARENA,#00FF00,/opt/geoserver/data_dir/styles/icons/fgdc/arena.svg
Neógeno,"Areniscas, areniscas conglomerádicas, diamictitas",MESOZOICO_BASALTO,#FF6347,/opt/geoserver/data_dir/styles/icons/fgdc/basalto.svg
Neógeno,"Depósitos detríticos de gravas, arenas, limos",PALEO_GRANITO,#FFD700,/opt/geoserver/data_dir/styles/icons/fgdc/granito.svg
Neógeno,"Conglomerados, areniscas y limoarcilitas",CENOZOICO_ARENA,#00FF00,/opt/geoserver/data_dir/styles/icons/fgdc/arena.svg
Neógeno,"Cuarcitas, pelitas, areniscas, calizas, grauvacas; con intercalaciones de riolitas, dacitas, traquiandesitas, diabasas, andesitas basálticas, lavas basálticas almohadilladas, ignimbritas y tobas",MESOZOICO_BASALTO,#FF6347,/opt/geoserver/data_dir/styles/icons/fgdc/basalto.svg
Neógeno,"Limolitas, diamictitas, grauvacas, lutitas",PALEO_GRANITO,#FFD700,/opt/geoserver/data_dir/styles/icons/fgdc/granito.svg
Neógeno,Adakitas,CENOZOICO_ARENA,#00FF00,/opt/geoserver/data_dir/styles/icons/fgdc/arena.svg
Neógeno,"Esquistos, gneises, pizarras y filitas",MESOZOICO_BASALTO,#FF6347,/opt/geoserver/data_dir/styles/icons/fgdc/basalto.svg
Neógeno,"Gneises, ortogneises, migmatitas, anfibolitas y esquistos",PALEO_GRANITO,#FFD700,/opt/geoserver/data_dir/styles/icons/fgdc/granito.svg
Neógeno,"Areniscas, limolitas y arcilitas",CENOZOICO_ARENA,#00FF00,/opt/geoserver/data_dir/styles/icons/fgdc/arena.svg
Neógeno,"Areniscas, pelitas, filitas y esquistos",MESOZOICO_BASALTO,#FF6347,/opt/geoserver/data_dir/styles/icons/fgdc/basalto.svg
Neógeno,"Areniscas medianas a gruesas, coquinas, pelitas, calizas",PALEO_GRANITO,#FFD700,/opt/geoserver/data_dir/styles/icons/fgdc/granito.svg
Neógeno,"Areniscas finas a medianas, coquinas, pelitas, carbón",CENOZOICO_ARENA,#00FF00,/opt/geoserver/data_dir/styles/icons/fgdc/arena.svg
Neógeno,"Areniscas, conglomerados,pelitas, carbón",MESOZOICO_BASALTO,#FF6347,/opt/geoserver/data_dir/styles/icons/fgdc/basalto.svg
Neógeno,"Andesitas, basaltos, tobas",PALEO_GRANITO,#FFD700,/opt/geoserver/data_dir/styles/icons/fgdc/granito.svg
Neógeno,"Basaltos, basanitas, teschenitas, gabros.",CENOZOICO_ARENA,#00FF00,/opt/geoserver/data_dir/styles/icons/fgdc/arena.svg
Neógeno,"Ignimbritas y tobas ácidas, riolitas, pelitas y tufitas",MESOZOICO_BASALTO,#FF6347,/opt/geoserver/data_dir/styles/icons/fgdc/basalto.svg
Neógeno,Gabros y diques basálticos,PALEO_GRANITO,#FFD700,/opt/geoserver/data_dir/styles/icons/fgdc/granito.svg
Neógeno,"Tobas, tufitas, pelitas, areniscas gruesas a conglomerados",CENOZOICO_ARENA,#00FF00,/opt/geoserver/data_dir/styles/icons/fgdc/arena.svg
Neógeno,"Tobas, cineritas, tufitas, areniscas medias a gruesas, conglomerados",MESOZOICO_BASALTO,#FF6347,/opt/geoserver/data_dir/styles/icons/fgdc/basalto.svg
Neógeno,"Areniscas, arcilitas y limolitas, conglomerados",PALEO_GRANITO,#FFD700,/opt/geoserver/data_dir/styles/icons/fgdc/granito.svg
Neógeno,"Areniscas finas a medias, pelitas, calizas, coquinas",CENOZOICO_ARENA,#00FF00,/opt/geoserver/data_dir/styles/icons/fgdc/arena.svg
Neógeno,"Gneises, anfibolitas y granitos",MESOZOICO_BASALTO,#FF6347,/opt/geoserver/data_dir/styles/icons/fgdc/basalto.svg
Neógeno,"Granitos, granodioritas, dioritas, tonalitas.",PALEO_GRANITO,#FFD700,/opt/geoserver/data_dir/styles/icons/fgdc/granito.svg
Neógeno,"Gravas finas a medianas, arenas gruesas",CENOZOICO_ARENA,#00FF00,/opt/geoserver/data_dir/styles/icons/fgdc/arena.svg
Neógeno,Basaltos olivínicos,MESOZOICO_BASALTO,#FF6347,/opt/geoserver/data_dir/styles/icons/fgdc/basalto.svg
Neógeno,"Esquistos, filitas, ortocuarcitas, migmatitas y granitoides",PALEO_GRANITO,#FFD700,/opt/geoserver/data_dir/styles/icons/fgdc/granito.svg
Neógeno,Arenas medianas a gruesas y gravas finas,CENOZOICO_ARENA,#00FF00,/opt/geoserver/data_dir/styles/icons/fgdc/arena.svg
Neógeno,"Till, gravas, arenas y pelitas",MESOZOICO_BASALTO,#FF6347,/opt/geoserver/data_dir/styles/icons/fgdc/basalto.svg
Neógeno,"Areniscas, conglomerados y pelitas.",PALEO_GRANITO,#FFD700,/opt/geoserver/data_dir/styles/icons/fgdc/granito.svg
Neógeno,Metavolcanitas ácidas a mesosilícicas,CENOZOICO_ARENA,#00FF00,/opt/geoserver/data_dir/styles/icons/fgdc/arena.svg
Neógeno,Arenas y gravas,MESOZOICO_BASALTO,#FF6347,/opt/geoserver/data_dir/styles/icons/fgdc/basalto.svg
Neógeno,Rocas ultramáficas,PALEO_GRANITO,#FFD700,/opt/geoserver/data_dir/styles/icons/fgdc/granito.svg
Neógeno,"Arenas, gravas y pelitas",CENOZOICO_ARENA,#00FF00,/opt/geoserver/data_dir/styles/icons/fgdc/arena.svg
Neógeno,Limos y arcillas,MESOZOICO_BASALTO,#FF6347,/opt/geoserver/data_dir/styles/icons/fgdc/basalto.svg
Neógeno,"Arenas finas a medianas, rodados",PALEO_GRANITO,#FFD700,/opt/geoserver/data_dir/styles/icons/fgdc/granito.svg
Neógeno,Bloques,CENOZOICO_ARENA,#00FF00,/opt/geoserver/data_dir/styles/icons/fgdc/arena.svg
Neógeno,"Ortocuarcitas, cuarcitas y conglomerados, pelitas",MESOZOICO_BASALTO,#FF6347,/opt/geoserver/data_dir/styles/icons/fgdc/basalto.svg
Neógeno,"Basaltos alcalinos, basanitas, nefelinitas",PALEO_GRANITO,#FFD700,/opt/geoserver/data_dir/styles/icons/fgdc/granito.svg
Neógeno,"Riolitas y andesitas, tobas, ignimbritas y tufitas",CENOZOICO_ARENA,#00FF00,/opt/geoserver/data_dir/styles/icons/fgdc/arena.svg
Neógeno,"Tobas, areniscas, pelitas, tufitas, calizas, lavas e ignimbritas riolíticas y andesíticas",MESOZOICO_BASALTO,#FF6347,/opt/geoserver/data_dir/styles/icons/fgdc/basalto.svg
Neógeno,"Gravas medianas a gruesas, arenas gruesas",PALEO_GRANITO,#FFD700,/opt/geoserver/data_dir/styles/icons/fgdc/granito.svg
Neógeno,"Arenas, gravas, limos",CENOZOICO_ARENA,#00FF00,/opt/geoserver/data_dir/styles/icons/fgdc/arena.svg
Neógeno,"Gravas, arenas",MESOZOICO_BASALTO,#FF6347,/opt/geoserver/data_dir/styles/icons/fgdc/basalto.svg
Neógeno,"Conglomerados, areniscas, calizas, pelitas",PALEO_GRANITO,#FFD700,/opt/geoserver/data_dir/styles/icons/fgdc/granito.svg
Neógeno,"Limolitas, areniscas, conglomerados, olistolitos",CENOZOICO_ARENA,#00FF00,/opt/geoserver/data_dir/styles/icons/fgdc/arena.svg
Neógeno,"Granitos, granodioritas, tonalitas y diques riolíticos",MESOZOICO_BASALTO,#FF6347,/opt/geoserver/data_dir/styles/icons/fgdc/basalto.svg
Neógeno,"Areniscas, limolitas y conglomerados",PALEO_GRANITO,#FFD700,/opt/geoserver/data_dir/styles/icons/fgdc/granito.svg
Neógeno,"Areniscas, conglomerados, tufitas y tobas",CENOZOICO_ARENA,#00FF00,/opt/geoserver/data_dir/styles/icons/fgdc/arena.svg
Neógeno,"Limos, arcillas, arenas",MESOZOICO_BASALTO,#FF6347,/opt/geoserver/data_dir/styles/icons/fgdc/basalto.svg
Neógeno,"Andesitas, riolitas, basaltos, tobas, brechas, conglomerados, areniscas",PALEO_GRANITO,#FFD700,/opt/geoserver/data_dir/styles/icons/fgdc/granito.svg
Neógeno,"Tobas, tufitas, ignimbritas, areniscas y conglomerados",CENOZOICO_ARENA,#00FF00,/opt/geoserver/data_dir/styles/icons/fgdc/arena.svg
Neógeno,"Traquitas y tobas traquíticas, brechas y aglomerados.",MESOZOICO_BASALTO,#FF6347,/opt/geoserver/data_dir/styles/icons/fgdc/basalto.svg
Neógeno,"Till, gravas, arenas, arcillas",PALEO_GRANITO,#FFD700,/opt/geoserver/data_dir/styles/icons/fgdc/granito.svg
Neógeno,"Areniscas, pelitas, conglomerados, calizas",CENOZOICO_ARENA,#00FF00,/opt/geoserver/data_dir/styles/icons/fgdc/arena.svg
Neógeno,"Areniscas, pelitas, calizas, evaporitas",MESOZOICO_BASALTO,#FF6347,/opt/geoserver/data_dir/styles/icons/fgdc/basalto.svg
Neógeno,"Riolitas, dacitas, andesitas, ignimbritas, tobas, brechas, conglomerados",PALEO_GRANITO,#FFD700,/opt/geoserver/data_dir/styles/icons/fgdc/granito.svg
Neógeno,"Andesitas, ignimbritas",CENOZOICO_ARENA,#00FF00,/opt/geoserver/data_dir/styles/icons/fgdc/arena.svg
Neógeno,Metamorfitas y plutonitas metamorfizadas,MESOZOICO_BASALTO,#FF6347,/opt/geoserver/data_dir/styles/icons/fgdc/basalto.svg
Neógeno,"Metarenitas, filitas, mármoles, areniscas y pelitas",PALEO_GRANITO,#FFD700,/opt/geoserver/data_dir/styles/icons/fgdc/granito.svg
Neógeno,"Conglomerados, areniscas, pelitas, tufitas, tobas, yeso",CENOZOICO_ARENA,#00FF00,/opt/geoserver/data_dir/styles/icons/fgdc/arena.svg
Neógeno,"Brechas y areniscas volcánicas, tobas, tufitas, andesitas",MESOZOICO_BASALTO,#FF6347,/opt/geoserver/data_dir/styles/icons/fgdc/basalto.svg
Neógeno,"Calizas, margas, dolomias, fangolitas calcáreas",PALEO_GRANITO,#FFD700,/opt/geoserver/data_dir/styles/icons/fgdc/granito.svg
Neógeno,"Granitos, granodioritas",CENOZOICO_ARENA,#00FF00,/opt/geoserver/data_dir/styles/icons/fgdc/arena.svg
Neógeno,"Andesitas, dacitas, ignimbritas, tobas, pórfiros andesíticos y dacíticos",MESOZOICO_BASALTO,#FF6347,/opt/geoserver/data_dir/styles/icons/fgdc/basalto.svg
Neógeno,"Areniscas, arcilitas, calizas silicificadas",PALEO_GRANITO,#FFD700,/opt/geoserver/data_dir/styles/icons/fgdc/granito.svg
Neógeno,Areniscas y lutitas,CENOZOICO_ARENA,#00FF00,/opt/geoserver/data_dir/styles/icons/fgdc/arena.svg
Neógeno,Granitos muscovítico biotítico parcialmente pegmatíticos,MESOZOICO_BASALTO,#FF6347,/opt/geoserver/data_dir/styles/icons/fgdc/basalto.svg
Neógeno,"Limolitas con cemento carbonático, arenas, limos",PALEO_GRANITO,#FFD700,/opt/geoserver/data_dir/styles/icons/fgdc/granito.svg
Neógeno,"Andesitas, ignimbritas, tobas",CENOZOICO_ARENA,#00FF00,/opt/geoserver/data_dir/styles/icons/fgdc/arena.svg
Neógeno,"Basaltos, andesitas, tobas, tufitas",MESOZOICO_BASALTO,#FF6347,/opt/geoserver/data_dir/styles/icons/fgdc/basalto.svg
Neógeno,"Conglomerados, areniscas",PALEO_GRANITO,#FFD700,/opt/geoserver/data_dir/styles/icons/fgdc/granito.svg
Neógeno,"Esquistos, cuarcitas, gneises",CENOZOICO_ARENA,#00FF00,/opt/geoserver/data_dir/styles/icons/fgdc/arena.svg
Neógeno,Mármoles,MESOZOICO_BASALTO,#FF6347,/opt/geoserver/data_dir/styles/icons/fgdc/basalto.svg
Neógeno,"Ignimbritas dacíticas y riolíticas, brechas volcánicas y volcanoclásticas",PALEO_GRANITO,#FFD700,/opt/geoserver/data_dir/styles/icons/fgdc/granito.svg
Neógeno,"Lavas dacíticas, andesíticas y basálticas, brechas autoclásticas de composición andesítica y depósitos de bloques y ceniza (block and ash) asociados a estrato volcanes",CENOZOICO_ARENA,#00FF00,/opt/geoserver/data_dir/styles/icons/fgdc/arena.svg
Neógeno,"Areniscas, conglomerados, limolitas, arcilitas",MESOZOICO_BASALTO,#FF6347,/opt/geoserver/data_dir/styles/icons/fgdc/basalto.svg
Neógeno,"Anfibolitas, esquistos, gneises, calizas y pegmatitas",PALEO_GRANITO,#FFD700,/opt/geoserver/data_dir/styles/icons/fgdc/granito.svg
Neógeno,"Basaltos, andesitas, tobas",CENOZOICO_ARENA,#00FF00,/opt/geoserver/data_dir/styles/icons/fgdc/arena.svg
Neógeno,"Andesitas, riodacítas, piroclastitas, areniscas líticas",MESOZOICO_BASALTO,#FF6347,/opt/geoserver/data_dir/styles/icons/fgdc/basalto.svg
Neógeno,"Depósitos de evaporitas (cloruros, sulfatos y boratos), limos y arcillas, tufitas y travertinos",PALEO_GRANITO,#FFD700,/opt/geoserver/data_dir/styles/icons/fgdc/granito.svg
Neógeno,Cuerpos porfídicos hipabisales de composición diorítica a andesítica y dacítica,CENOZOICO_ARENA,#00FF00,/opt/geoserver/data_dir/styles/icons/fgdc/arena.svg
Neógeno,Margas arenosas y areniscas arcillosas,MESOZOICO_BASALTO,#FF6347,/opt/geoserver/data_dir/styles/icons/fgdc/basalto.svg
Neógeno,Traquiandesitas,PALEO_GRANITO,#FFD700,/opt/geoserver/data_dir/styles/icons/fgdc/granito.svg
Neógeno,"Areniscas, pelitas, conglomerados, calizas, evaporitas, tobas",CENOZOICO_ARENA,#00FF00,/opt/geoserver/data_dir/styles/icons/fgdc/arena.svg
Neógeno,"Limolitas, areniscas, arcilitas, calcretes",MESOZOICO_BASALTO,#FF6347,/opt/geoserver/data_dir/styles/icons/fgdc/basalto.svg
Neógeno,"Pelitas, areniscas, diamictitas, conglomerados",PALEO_GRANITO,#FFD700,/opt/geoserver/data_dir/styles/icons/fgdc/granito.svg
Neógeno,"Basaltos, tobas",CENOZOICO_ARENA,#00FF00,/opt/geoserver/data_dir/styles/icons/fgdc/arena.svg
Neógeno,"Granitos, granodioritas, tonalitas",MESOZOICO_BASALTO,#FF6347,/opt/geoserver/data_dir/styles/icons/fgdc/basalto.svg
Neógeno,"Limos, arcillas y evaporitas",PALEO_GRANITO,#FFD700,/opt/geoserver/data_dir/styles/icons/fgdc/granito.svg
Neógeno,"Granodioritas, dioritas, tonalitas",CENOZOICO_ARENA,#00FF00,/opt/geoserver/data_dir/styles/icons/fgdc/arena.svg
Neógeno,"Trondjhemitas, tonalitas",MESOZOICO_BASALTO,#FF6347,/opt/geoserver/data_dir/styles/icons/fgdc/basalto.svg
Neógeno,"Areniscas finas a gruesas, conglomerados, tobas, pelitas negras",PALEO_GRANITO,#FFD700,/opt/geoserver/data_dir/styles/icons/fgdc/granito.svg
Neógeno,"Areniscas gruesas y conglomerados, tobas y tufitas, coquinas",CENOZOICO_ARENA,#00FF00,/opt/geoserver/data_dir/styles/icons/fgdc/arena.svg
Neógeno,"Riolitas, basaltos y traquitas",MESOZOICO_BASALTO,#FF6347,/opt/geoserver/data_dir/styles/icons/fgdc/basalto.svg
Neógeno,"Lavas, brechas, ignimbritas y tobas de composición riolítica, dacítica y andesítica",PALEO_GRANITO,#FFD700,/opt/geoserver/data_dir/styles/icons/fgdc/granito.svg
Neógeno,"Leucogranitos de dos micas y monzogranitos biotíticos con tendencia porfídica, al que se asocian pórfidos graníticos y diques micrograníticos. También se reconocen lamprófiros, aplitas y diques graníticos. Sienitas y granitos riebeckíticos y diques",CENOZOICO_ARENA,#00FF00,/opt/geoserver/data_dir/styles/icons/fgdc/arena.svg
Neógeno,Granitoides,MESOZOICO_BASALTO,#FF6347,/opt/geoserver/data_dir/styles/icons/fgdc/basalto.svg
Neógeno,"Basaltos, andesitas, dacitas, tobas, brechas, pelitas",PALEO_GRANITO,#FFD700,/opt/geoserver/data_dir/styles/icons/fgdc/granito.svg
Neógeno,"Depósitos residuales limosos, ferricretes",CENOZOICO_ARENA,#00FF00,/opt/geoserver/data_dir/styles/icons/fgdc/arena.svg
Neógeno,"Granitos y granodioritas, tonalitas",MESOZOICO_BASALTO,#FF6347,/opt/geoserver/data_dir/styles/icons/fgdc/basalto.svg
Neógeno,"Ortocuarcitas, areniscas y pelitas",PALEO_GRANITO,#FFD700,/opt/geoserver/data_dir/styles/icons/fgdc/granito.svg
Neógeno,"Areniscas medianas a finas, conglomerados polimícticos, evaporitas, caliza y yeso; sedimentitas clásticas calcáreas con intercalaciones de dacitas y tobas",CENOZOICO_ARENA,#00FF00,/opt/geoserver/data_dir/styles/icons/fgdc/arena.svg
Neógeno,"Conglomerados, areniscas conglomerádicas, areniscas, pelitas y limolitas y calizas",MESOZOICO_BASALTO,#FF6347,/opt/geoserver/data_dir/styles/icons/fgdc/basalto.svg
Neógeno,"Gabros, granitos, granodioritas, dioritas, sienitas, monzonitas, monzodioritas, monzogranitos, tonalitas",PALEO_GRANITO,#FFD700,/opt/geoserver/data_dir/styles/icons/fgdc/granito.svg
Neógeno,"Areniscas, limolitas, duricostras",CENOZOICO_ARENA,#00FF00,/opt/geoserver/data_dir/styles/icons/fgdc/arena.svg
Neógeno,"Diamictitas, areniscas",MESOZOICO_BASALTO,#FF6347,/opt/geoserver/data_dir/styles/icons/fgdc/basalto.svg
Neógeno,Areniscas y limolitas,PALEO_GRANITO,#FFD700,/opt/geoserver/data_dir/styles/icons/fgdc/granito.svg
Neógeno,Riolitas,CENOZOICO_ARENA,#00FF00,/opt/geoserver/data_dir/styles/icons/fgdc/arena.svg
Neógeno,"Areniscas, cuarcitas",MESOZOICO_BASALTO,#FF6347,/opt/geoserver/data_dir/styles/icons/fgdc/basalto.svg
Neógeno,"Pelitas y areniscas, fosilíferas",PALEO_GRANITO,#FFD700,/opt/geoserver/data_dir/styles/icons/fgdc/granito.svg
Neógeno,"Lutitas, areniscas, conglomerados, tobas",CENOZOICO_ARENA,#00FF00,/opt/geoserver/data_dir/styles/icons/fgdc/arena.svg
Neógeno,"Granitos, granodioritas, microgranitos",MESOZOICO_BASALTO,#FF6347,/opt/geoserver/data_dir/styles/icons/fgdc/basalto.svg
Neógeno,"Filitas, esquistos, cuarcitas",PALEO_GRANITO,#FFD700,/opt/geoserver/data_dir/styles/icons/fgdc/granito.svg
Neógeno,"Conglomerados, areniscas, tobas, andesitas, brechas ignimbríticas",CENOZOICO_ARENA,#00FF00,/opt/geoserver/data_dir/styles/icons/fgdc/arena.svg
Neógeno,"Areniscas, pelitas, conglomerados, calizas, evaporitas",MESOZOICO_BASALTO,#FF6347,/opt/geoserver/data_dir/styles/icons/fgdc/basalto.svg
Neógeno,"Esquistos, gneises, milonitas, anfibolitas y mármoles",PALEO_GRANITO,#FFD700,/opt/geoserver/data_dir/styles/icons/fgdc/granito.svg
Neógeno,"Esquistos, gneises, mármoles, metadiabasas",CENOZOICO_ARENA,#00FF00,/opt/geoserver/data_dir/styles/icons/fgdc/arena.svg
Neógeno,"Andesitas, basandesitas, aglomerados, areniscas, tobas",MESOZOICO_BASALTO,#FF6347,/opt/geoserver/data_dir/styles/icons/fgdc/basalto.svg
Neógeno,"Granitos, aplitas, pegmatitas",PALEO_GRANITO,#FFD700,/opt/geoserver/data_dir/styles/icons/fgdc/granito.svg
Neógeno,"Basaltos y diabasas (estructura almohadillada). Diques y filones diabásicos, gabros y dioritas",CENOZOICO_ARENA,#00FF00,/opt/geoserver/data_dir/styles/icons/fgdc/arena.svg
Neógeno,"Limos, arcillas, sales",MESOZOICO_BASALTO,#FF6347,/opt/geoserver/data_dir/styles/icons/fgdc/basalto.svg
Neógeno,"Areniscas finas a gruesas, conglomerados, pelitas, coquinas.",PALEO_GRANITO,#FFD700,/opt/geoserver/data_dir/styles/icons/fgdc/granito.svg
Neógeno,"Areniscas medias a gruesas, arcilitas, tobas y tufitas",CENOZOICO_ARENA,#00FF00,/opt/geoserver/data_dir/styles/icons/fgdc/arena.svg
Neógeno,"Areniscas feldespáticas, limolitas, lutitas, arcosas",MESOZOICO_BASALTO,#FF6347,/opt/geoserver/data_dir/styles/icons/fgdc/basalto.svg
Neógeno,"Granitos, granodiorítas, pórfidos",PALEO_GRANITO,#FFD700,/opt/geoserver/data_dir/styles/icons/fgdc/granito.svg
Neógeno,"Granodioritas, tonalitas, granitos",CENOZOICO_ARENA,#00FF00,/opt/geoserver/data_dir/styles/icons/fgdc/arena.svg
Neógeno,"Tobas, chonitas, areniscas finas a medias, arcilitas",MESOZOICO_BASALTO,#FF6347,/opt/geoserver/data_dir/styles/icons/fgdc/basalto.svg
Neógeno,"Granófiros, pórfiros riolíticos",PALEO_GRANITO,#FFD700,/opt/geoserver/data_dir/styles/icons/fgdc/granito.svg
Neógeno,"Basaltos olivínicos, basanitas",CENOZOICO_ARENA,#00FF00,/opt/geoserver/data_dir/styles/icons/fgdc/arena.svg
Neógeno,"Tobas, cineritas, arcilitas, bentonitas",MESOZOICO_BASALTO,#FF6347,/opt/geoserver/data_dir/styles/icons/fgdc/basalto.svg
Neógeno,"Dacitas, riolitas, andesitas, basaltos, tobas e ignimbritas",PALEO_GRANITO,#FFD700,/opt/geoserver/data_dir/styles/icons/fgdc/granito.svg
Neógeno,"Tobas, tufitas, conglomerados, calizas y basaltos",CENOZOICO_ARENA,#00FF00,/opt/geoserver/data_dir/styles/icons/fgdc/arena.svg
Neógeno,"Conglomerados, areniscas, arcilitas y calizas",MESOZOICO_BASALTO,#FF6347,/opt/geoserver/data_dir/styles/icons/fgdc/basalto.svg
Neógeno,"Riolitas y andesitas, ignimbritas y tobas ácidas",PALEO_GRANITO,#FFD700,/opt/geoserver/data_dir/styles/icons/fgdc/granito.svg
Neógeno,"Basaltos, andesitas, tobas, ignimbritas y aglomerados volcánicos",CENOZOICO_ARENA,#00FF00,/opt/geoserver/data_dir/styles/icons/fgdc/arena.svg
Neógeno,"Areniscas, pelitas, coquinas, tufitas, tobas",MESOZOICO_BASALTO,#FF6347,/opt/geoserver/data_dir/styles/icons/fgdc/basalto.svg
Neógeno,"Basaltos olivínicos, pórfiros basálticos",PALEO_GRANITO,#FFD700,/opt/geoserver/data_dir/styles/icons/fgdc/granito.svg
Neógeno,"Areniscas, pelitas, conglomerados, tobas.",CENOZOICO_ARENA,#00FF00,/opt/geoserver/data_dir/styles/icons/fgdc/arena.svg
Neógeno,"Granitos y granodioritas, pórfiros",MESOZOICO_BASALTO,#FF6347,/opt/geoserver/data_dir/styles/icons/fgdc/basalto.svg
Neógeno,"Riolitas e ignimbritas, dacitas y tobas",PALEO_GRANITO,#FFD700,/opt/geoserver/data_dir/styles/icons/fgdc/granito.svg
Neógeno,Basaltos y adakitas,CENOZOICO_ARENA,#00FF00,/opt/geoserver/data_dir/styles/icons/fgdc/arena.svg
Neógeno,Arenas finas a medianas,MESOZOICO_BASALTO,#FF6347,/opt/geoserver/data_dir/styles/icons/fgdc/basalto.svg
Proterozoico superior,Areniscas,PALEO_GRANITO,#FFD700,/opt/geoserver/data_dir/styles/icons/fgdc/granito.svg
Proterozoico superior,Diamictitas,CENOZOICO_ARENA,#00FF00,/opt/geoserver/data_dir/styles/icons/fgdc/arena.svg
Proterozoico superior,"Areniscas, pelitas y conglomerados",MESOZOICO_BASALTO,#FF6347,/opt/geoserver/data_dir/styles/icons/fgdc/basalto.svg
Proterozoico superior,"Arenas, gravas y limos",PALEO_GRANITO,#FFD700,/opt/geoserver/data_dir/styles/icons/fgdc/granito.svg
Proterozoico superior,Granitos,CENOZOICO_ARENA,#00FF00,/opt/geoserver/data_dir/styles/icons/fgdc/arena.svg
Proterozoico superior,"Limos, arenas",MESOZOICO_BASALTO,#FF6347,/opt/geoserver/data_dir/styles/icons/fgdc/basalto.svg
Proterozoico superior,"Areniscas, conglomerados, pelitas",PALEO_GRANITO,#FFD700,/opt/geoserver/data_dir/styles/icons/fgdc/granito.svg
Proterozoico superior,"Conglomerados, areniscas conglomerádicas, areniscas, pelitas y limolitas",CENOZOICO_ARENA,#00FF00,/opt/geoserver/data_dir/styles/icons/fgdc/arena.svg
Proterozoico superior,"Gabros, dioritas, ortoanfibolitas, serpentinitas",MESOZOICO_BASALTO,#FF6347,/opt/geoserver/data_dir/styles/icons/fgdc/basalto.svg
Proterozoico superior,Fajas miloníticas. Milonitas y protomilonitas,PALEO_GRANITO,#FFD700,/opt/geoserver/data_dir/styles/icons/fgdc/granito.svg
Proterozoico superior,Loess,CENOZOICO_ARENA,#00FF00,/opt/geoserver/data_dir/styles/icons/fgdc/arena.svg
Proterozoico superior,Sedimentos salinos,MESOZOICO_BASALTO,#FF6347,/opt/geoserver/data_dir/styles/icons/fgdc/basalto.svg
Proterozoico superior,Fanglomerados y conglomerados,PALEO_GRANITO,#FFD700,/opt/geoserver/data_dir/styles/icons/fgdc/granito.svg
Proterozoico superior,Arenas,CENOZOICO_ARENA,#00FF00,/opt/geoserver/data_dir/styles/icons/fgdc/arena.svg
Proterozoico superior,Gravas y arenas,MESOZOICO_BASALTO,#FF6347,/opt/geoserver/data_dir/styles/icons/fgdc/basalto.svg
Proterozoico superior,Riodacitas,PALEO_GRANITO,#FFD700,/opt/geoserver/data_dir/styles/icons/fgdc/granito.svg
Proterozoico superior,"Granodioritas, tonalitas",CENOZOICO_ARENA,#00FF00,/opt/geoserver/data_dir/styles/icons/fgdc/arena.svg
Proterozoico superior,"Granitoides peraluminosos, sienogranitos y monzogranitos pórfidicos, granodioritas",MESOZOICO_BASALTO,#FF6347,/opt/geoserver/data_dir/styles/icons/fgdc/basalto.svg
Proterozoico superior,"Areniscas, conglomerados y arcilitas",PALEO_GRANITO,#FFD700,/opt/geoserver/data_dir/styles/icons/fgdc/granito.svg
Proterozoico superior,Calcretes,CENOZOICO_ARENA,#00FF00,/opt/geoserver/data_dir/styles/icons/fgdc/arena.svg
Proterozoico superior,Calizas,MESOZOICO_BASALTO,#FF6347,/opt/geoserver/data_dir/styles/icons/fgdc/basalto.svg
Proterozoico superior,Areniscas y conglomerados,PALEO_GRANITO,#FFD700,/opt/geoserver/data_dir/styles/icons/fgdc/granito.svg
Proterozoico superior,Arenas y limos,CENOZOICO_ARENA,#00FF00,/opt/geoserver/data_dir/styles/icons/fgdc/arena.svg
Proterozoico superior,Filitas,MESOZOICO_BASALTO,#FF6347,/opt/geoserver/data_dir/styles/icons/fgdc/basalto.svg
Proterozoico superior,Basaltos,PALEO_GRANITO,#FFD700,/opt/geoserver/data_dir/styles/icons/fgdc/granito.svg
Proterozoico superior,Andesitas,CENOZOICO_ARENA,#00FF00,/opt/geoserver/data_dir/styles/icons/fgdc/arena.svg
Proterozoico superior,Gneises y metatexitas,MESOZOICO_BASALTO,#FF6347,/opt/geoserver/data_dir/styles/icons/fgdc/basalto.svg
Proterozoico superior,Arcosas y calcretes,PALEO_GRANITO,#FFD700,/opt/geoserver/data_dir/styles/icons/fgdc/granito.svg
Proterozoico superior,"Monzogranitos, tonalitas",CENOZOICO_ARENA,#00FF00,/opt/geoserver/data_dir/styles/icons/fgdc/arena.svg
Proterozoico superior,Gabros,MESOZOICO_BASALTO,#FF6347,/opt/geoserver/data_dir/styles/icons/fgdc/basalto.svg
Proterozoico superior,Milonitas y protomilonitas,PALEO_GRANITO,#FFD700,/opt/geoserver/data_dir/styles/icons/fgdc/granito.svg
Proterozoico superior,,CENOZOICO_ARENA,#00FF00,/opt/geoserver/data_dir/styles/icons/fgdc/arena.svg
Proterozoico superior,Monzogranitos,MESOZOICO_BASALTO,#FF6347,/opt/geoserver/data_dir/styles/icons/fgdc/basalto.svg
Proterozoico superior,"Arenas, limos y arcillas",PALEO_GRANITO,#FFD700,/opt/geoserver/data_dir/styles/icons/fgdc/granito.svg
Proterozoico superior,Arenas y arcillas con elevado contenido de matería orgánica,CENOZOICO_ARENA,#00FF00,/opt/geoserver/data_dir/styles/icons/fgdc/arena.svg
Proterozoico superior,Arcillas y limos con elevado contenido de materia orgánica,MESOZOICO_BASALTO,#FF6347,/opt/geoserver/data_dir/styles/icons/fgdc/basalto.svg
Proterozoico superior,Limos arenosos a arcillosos,PALEO_GRANITO,#FFD700,/opt/geoserver/data_dir/styles/icons/fgdc/granito.svg
Proterozoico superior,Limos y calcretes,CENOZOICO_ARENA,#00FF00,/opt/geoserver/data_dir/styles/icons/fgdc/arena.svg
Proterozoico superior,"Limos, arenas y arcillas",MESOZOICO_BASALTO,#FF6347,/opt/geoserver/data_dir/styles/icons/fgdc/basalto.svg
Proterozoico superior,Milonitas,PALEO_GRANITO,#FFD700,/opt/geoserver/data_dir/styles/icons/fgdc/granito.svg
Proterozoico superior,Basaltos y andesitas,CENOZOICO_ARENA,#00FF00,/opt/geoserver/data_dir/styles/icons/fgdc/arena.svg
Proterozoico superior,Limos,MESOZOICO_BASALTO,#FF6347,/opt/geoserver/data_dir/styles/icons/fgdc/basalto.svg
Proterozoico superior,Limos y arenas,PALEO_GRANITO,#FFD700,/opt/geoserver/data_dir/styles/icons/fgdc/granito.svg
Proterozoico superior,"Areniscas, cuarcitas, calizas, dolomías, pelitas",CENOZOICO_ARENA,#00FF00,/opt/geoserver/data_dir/styles/icons/fgdc/arena.svg
Proterozoico superior,"Limos, arcillas, evaporitas",MESOZOICO_BASALTO,#FF6347,/opt/geoserver/data_dir/styles/icons/fgdc/basalto.svg
Proterozoico superior,"Granitos, granodioritas, esquistos, gneises, migmatitas",PALEO_GRANITO,#FFD700,/opt/geoserver/data_dir/styles/icons/fgdc/granito.svg
Proterozoico superior,Basaltos a andesitas basálticas,CENOZOICO_ARENA,#00FF00,/opt/geoserver/data_dir/styles/icons/fgdc/arena.svg
Proterozoico superior,Limos arcillosos,MESOZOICO_BASALTO,#FF6347,/opt/geoserver/data_dir/styles/icons/fgdc/basalto.svg
Proterozoico superior,"Limos, arenas, gravas",PALEO_GRANITO,#FFD700,/opt/geoserver/data_dir/styles/icons/fgdc/granito.svg
Proterozoico superior,"Granitos, granodioritas, monzogranitos, tonalitas, leucogranitos",CENOZOICO_ARENA,#00FF00,/opt/geoserver/data_dir/styles/icons/fgdc/arena.svg
Proterozoico superior,"Areniscas, areniscas conglomerádicas, conglomerados, brechas, fangolitas, limolitas y lutitas rojizas con intercalación de volcanitas alcalinas, areniscas calcáreas, pelitas, grauvacas y calizas con niveles estromatolíticos y oolíticos",MESOZOICO_BASALTO,#FF6347,/opt/geoserver/data_dir/styles/icons/fgdc/basalto.svg
Proterozoico superior,"Secuencias turbidíticas integradas por areniscas cuarcíferas, areniscas, grauvacas, pelitas, limolitas y lutitas y, subordinadamente, calizas",PALEO_GRANITO,#FFD700,/opt/geoserver/data_dir/styles/icons/fgdc/granito.svg
Proterozoico superior,"Dacitas, andesitas, basaltos; conos piroclásticos y depósitos de avalancha volcánica",CENOZOICO_ARENA,#00FF00,/opt/geoserver/data_dir/styles/icons/fgdc/arena.svg
Proterozoico superior,"Conglomerados, areniscas, limolitas, arcillolitas comunmente con niveles salinos y yesíferos",MESOZOICO_BASALTO,#FF6347,/opt/geoserver/data_dir/styles/icons/fgdc/basalto.svg
Proterozoico superior,"Tobas, ignimbritas dacíticas-riodacíticas, flujos piroclásticos dacíticos a riodacíticos, depósitos de caída",PALEO_GRANITO,#FFD700,/opt/geoserver/data_dir/styles/icons/fgdc/granito.svg
Proterozoico superior,"Riolitas, dacitas, traquiandesitas, diabasas, andesitas basálticas, lavas basálticas almohadilladas, ignimbritas y tobas",CENOZOICO_ARENA,#00FF00,/opt/geoserver/data_dir/styles/icons/fgdc/arena.svg
Proterozoico superior,"Cuarcitas, areniscas",MESOZOICO_BASALTO,#FF6347,/opt/geoserver/data_dir/styles/icons/fgdc/basalto.svg
Proterozoico superior,"Ignimbritas dacíticas, flujos piroclásticos",PALEO_GRANITO,#FFD700,/opt/geoserver/data_dir/styles/icons/fgdc/granito.svg
Proterozoico superior,"Esquistos cuarzo-feldespáticos-biotíticos-moscovíticos, anfibolitas, gneises, ortogneises, migmatitas, metagranitos",CENOZOICO_ARENA,#00FF00,/opt/geoserver/data_dir/styles/icons/fgdc/arena.svg
Proterozoico superior,Gneises y esquistos,MESOZOICO_BASALTO,#FF6347,/opt/geoserver/data_dir/styles/icons/fgdc/basalto.svg
Proterozoico superior,"Areniscas, areniscas conglomerádicas, diamictitas",PALEO_GRANITO,#FFD700,/opt/geoserver/data_dir/styles/icons/fgdc/granito.svg
Proterozoico superior,"Depósitos detríticos de gravas, arenas, limos",CENOZOICO_ARENA,#00FF00,/opt/geoserver/data_dir/styles/icons/fgdc/arena.svg
Proterozoico superior,"Conglomerados, areniscas y limoarcilitas",MESOZOICO_BASALTO,#FF6347,/opt/geoserver/data_dir/styles/icons/fgdc/basalto.svg
Proterozoico superior,"Cuarcitas, pelitas, areniscas, calizas, grauvacas; con intercalaciones de riolitas, dacitas, traquiandesitas, diabasas, andesitas basálticas, lavas basálticas almohadilladas, ignimbritas y tobas",PALEO_GRANITO,#FFD700,/opt/geoserver/data_dir/styles/icons/fgdc/granito.svg
Proterozoico superior,"Limolitas, diamictitas, grauvacas, lutitas",CENOZOICO_ARENA,#00FF00,/opt/geoserver/data_dir/styles/icons/fgdc/arena.svg
Proterozoico superior,Adakitas,MESOZOICO_BASALTO,#FF6347,/opt/geoserver/data_dir/styles/icons/fgdc/basalto.svg
Proterozoico superior,"Esquistos, gneises, pizarras y filitas",PALEO_GRANITO,#FFD700,/opt/geoserver/data_dir/styles/icons/fgdc/granito.svg
Proterozoico superior,"Gneises, ortogneises, migmatitas, anfibolitas y esquistos",CENOZOICO_ARENA,#00FF00,/opt/geoserver/data_dir/styles/icons/fgdc/arena.svg
Proterozoico superior,"Areniscas, limolitas y arcilitas",MESOZOICO_BASALTO,#FF6347,/opt/geoserver/data_dir/styles/icons/fgdc/basalto.svg
Proterozoico superior,"Areniscas, pelitas, filitas y esquistos",PALEO_GRANITO,#FFD700,/opt/geoserver/data_dir/styles/icons/fgdc/granito.svg
Proterozoico superior,"Areniscas medianas a gruesas, coquinas, pelitas, calizas",CENOZOICO_ARENA,#00FF00,/opt/geoserver/data_dir/styles/icons/fgdc/arena.svg
Proterozoico superior,"Areniscas finas a medianas, coquinas, pelitas, carbón",MESOZOICO_BASALTO,#FF6347,/opt/geoserver/data_dir/styles/icons/fgdc/basalto.svg
Proterozoico superior,"Areniscas, conglomerados,pelitas, carbón",PALEO_GRANITO,#FFD700,/opt/geoserver/data_dir/styles/icons/fgdc/granito.svg
Proterozoico superior,"Andesitas, basaltos, tobas",CENOZOICO_ARENA,#00FF00,/opt/geoserver/data_dir/styles/icons/fgdc/arena.svg
Proterozoico superior,"Basaltos, basanitas, teschenitas, gabros.",MESOZOICO_BASALTO,#FF6347,/opt/geoserver/data_dir/styles/icons/fgdc/basalto.svg
Proterozoico superior,"Ignimbritas y tobas ácidas, riolitas, pelitas y tufitas",PALEO_GRANITO,#FFD700,/opt/geoserver/data_dir/styles/icons/fgdc/granito.svg
Proterozoico superior,Gabros y diques basálticos,CENOZOICO_ARENA,#00FF00,/opt/geoserver/data_dir/styles/icons/fgdc/arena.svg
Proterozoico superior,"Tobas, tufitas, pelitas, areniscas gruesas a conglomerados",MESOZOICO_BASALTO,#FF6347,/opt/geoserver/data_dir/styles/icons/fgdc/basalto.svg
Proterozoico superior,"Tobas, cineritas, tufitas, areniscas medias a gruesas, conglomerados",PALEO_GRANITO,#FFD700,/opt/geoserver/data_dir/styles/icons/fgdc/granito.svg
Proterozoico superior,"Areniscas, arcilitas y limolitas, conglomerados",CENOZOICO_ARENA,#00FF00,/opt/geoserver/data_dir/styles/icons/fgdc/arena.svg
Proterozoico superior,"Areniscas finas a medias, pelitas, calizas, coquinas",MESOZOICO_BASALTO,#FF6347,/opt/geoserver/data_dir/styles/icons/fgdc/basalto.svg
Proterozoico superior,"Gneises, anfibolitas y granitos",PALEO_GRANITO,#FFD700,/opt/geoserver/data_dir/styles/icons/fgdc/granito.svg
Proterozoico superior,"Granitos, granodioritas, dioritas, tonalitas.",CENOZOICO_ARENA,#00FF00,/opt/geoserver/data_dir/styles/icons/fgdc/arena.svg
Proterozoico superior,"Gravas finas a medianas, arenas gruesas",MESOZOICO_BASALTO,#FF6347,/opt/geoserver/data_dir/styles/icons/fgdc/basalto.svg
Proterozoico superior,Basaltos olivínicos,PALEO_GRANITO,#FFD700,/opt/geoserver/data_dir/styles/icons/fgdc/granito.svg
Proterozoico superior,"Esquistos, filitas, ortocuarcitas, migmatitas y granitoides",CENOZOICO_ARENA,#00FF00,/opt/geoserver/data_dir/styles/icons/fgdc/arena.svg
Proterozoico superior,Arenas medianas a gruesas y gravas finas,MESOZOICO_BASALTO,#FF6347,/opt/geoserver/data_dir/styles/icons/fgdc/basalto.svg
Proterozoico superior,"Till, gravas, arenas y pelitas",PALEO_GRANITO,#FFD700,/opt/geoserver/data_dir/styles/icons/fgdc/granito.svg
Proterozoico superior,"Areniscas, conglomerados y pelitas.",CENOZOICO_ARENA,#00FF00,/opt/geoserver/data_dir/styles/icons/fgdc/arena.svg
Proterozoico superior,Metavolcanitas ácidas a mesosilícicas,MESOZOICO_BASALTO,#FF6347,/opt/geoserver/data_dir/styles/icons/fgdc/basalto.svg
Proterozoico superior,Arenas y gravas,PALEO_GRANITO,#FFD700,/opt/geoserver/data_dir/styles/icons/fgdc/granito.svg
Proterozoico superior,Rocas ultramáficas,CENOZOICO_ARENA,#00FF00,/opt/geoserver/data_dir/styles/icons/fgdc/arena.svg
Proterozoico superior,"Arenas, gravas y pelitas",MESOZOICO_BASALTO,#FF6347,/opt/geoserver/data_dir/styles/icons/fgdc/basalto.svg
Proterozoico superior,Limos y arcillas,PALEO_GRANITO,#FFD700,/opt/geoserver/data_dir/styles/icons/fgdc/granito.svg
Proterozoico superior,"Arenas finas a medianas, rodados",CENOZOICO_ARENA,#00FF00,/opt/geoserver/data_dir/styles/icons/fgdc/arena.svg
Proterozoico superior,Bloques,MESOZOICO_BASALTO,#FF6347,/opt/geoserver/data_dir/styles/icons/fgdc/basalto.svg
Proterozoico superior,"Ortocuarcitas, cuarcitas y conglomerados, pelitas",PALEO_GRANITO,#FFD700,/opt/geoserver/data_dir/styles/icons/fgdc/granito.svg
Proterozoico superior,"Basaltos alcalinos, basanitas, nefelinitas",CENOZOICO_ARENA,#00FF00,/opt/geoserver/data_dir/styles/icons/fgdc/arena.svg
Proterozoico superior,"Riolitas y andesitas, tobas, ignimbritas y tufitas",MESOZOICO_BASALTO,#FF6347,/opt/geoserver/data_dir/styles/icons/fgdc/basalto.svg
Proterozoico superior,"Tobas, areniscas, pelitas, tufitas, calizas, lavas e ignimbritas riolíticas y andesíticas",PALEO_GRANITO,#FFD700,/opt/geoserver/data_dir/styles/icons/fgdc/granito.svg
Proterozoico superior,"Gravas medianas a gruesas, arenas gruesas",CENOZOICO_ARENA,#00FF00,/opt/geoserver/data_dir/styles/icons/fgdc/arena.svg
Proterozoico superior,"Arenas, gravas, limos",MESOZOICO_BASALTO,#FF6347,/opt/geoserver/data_dir/styles/icons/fgdc/basalto.svg
Proterozoico superior,"Gravas, arenas",PALEO_GRANITO,#FFD700,/opt/geoserver/data_dir/styles/icons/fgdc/granito.svg
Proterozoico superior,"Conglomerados, areniscas, calizas, pelitas",CENOZOICO_ARENA,#00FF00,/opt/geoserver/data_dir/styles/icons/fgdc/arena.svg
Proterozoico superior,"Limolitas, areniscas, conglomerados, olistolitos",MESOZOICO_BASALTO,#FF6347,/opt/geoserver/data_dir/styles/icons/fgdc/basalto.svg
Proterozoico superior,"Granitos, granodioritas, tonalitas y diques riolíticos",PALEO_GRANITO,#FFD700,/opt/geoserver/data_dir/styles/icons/fgdc/granito.svg
Proterozoico superior,"Areniscas, limolitas y conglomerados",CENOZOICO_ARENA,#00FF00,/opt/geoserver/data_dir/styles/icons/fgdc/arena.svg
Proterozoico superior,"Areniscas, conglomerados, tufitas y tobas",MESOZOICO_BASALTO,#FF6347,/opt/geoserver/data_dir/styles/icons/fgdc/basalto.svg
Proterozoico superior,"Limos, arcillas, arenas",PALEO_GRANITO,#FFD700,/opt/geoserver/data_dir/styles/icons/fgdc/granito.svg
Proterozoico superior,"Andesitas, riolitas, basaltos, tobas, brechas, conglomerados, areniscas",CENOZOICO_ARENA,#00FF00,/opt/geoserver/data_dir/styles/icons/fgdc/arena.svg
Proterozoico superior,"Tobas, tufitas, ignimbritas, areniscas y conglomerados",MESOZOICO_BASALTO,#FF6347,/opt/geoserver/data_dir/styles/icons/fgdc/basalto.svg
Proterozoico superior,"Traquitas y tobas traquíticas, brechas y aglomerados.",PALEO_GRANITO,#FFD700,/opt/geoserver/data_dir/styles/icons/fgdc/granito.svg
Proterozoico superior,"Till, gravas, arenas, arcillas",CENOZOICO_ARENA,#00FF00,/opt/geoserver/data_dir/styles/icons/fgdc/arena.svg
Proterozoico superior,"Areniscas, pelitas, conglomerados, calizas",MESOZOICO_BASALTO,#FF6347,/opt/geoserver/data_dir/styles/icons/fgdc/basalto.svg
Proterozoico superior,"Areniscas, pelitas, calizas, evaporitas",PALEO_GRANITO,#FFD700,/opt/geoserver/data_dir/styles/icons/fgdc/granito.svg
Proterozoico superior,"Riolitas, dacitas, andesitas, ignimbritas, tobas, brechas, conglomerados",CENOZOICO_ARENA,#00FF00,/opt/geoserver/data_dir/styles/icons/fgdc/arena.svg
Proterozoico superior,"Andesitas, ignimbritas",MESOZOICO_BASALTO,#FF6347,/opt/geoserver/data_dir/styles/icons/fgdc/basalto.svg
Proterozoico superior,Metamorfitas y plutonitas metamorfizadas,PALEO_GRANITO,#FFD700,/opt/geoserver/data_dir/styles/icons/fgdc/granito.svg
Proterozoico superior,"Metarenitas, filitas, mármoles, areniscas y pelitas",CENOZOICO_ARENA,#00FF00,/opt/geoserver/data_dir/styles/icons/fgdc/arena.svg
Proterozoico superior,"Conglomerados, areniscas, pelitas, tufitas, tobas, yeso",MESOZOICO_BASALTO,#FF6347,/opt/geoserver/data_dir/styles/icons/fgdc/basalto.svg
Proterozoico superior,"Brechas y areniscas volcánicas, tobas, tufitas, andesitas",PALEO_GRANITO,#FFD700,/opt/geoserver/data_dir/styles/icons/fgdc/granito.svg
Proterozoico superior,"Calizas, margas, dolomias, fangolitas calcáreas",CENOZOICO_ARENA,#00FF00,/opt/geoserver/data_dir/styles/icons/fgdc/arena.svg
Proterozoico superior,"Granitos, granodioritas",MESOZOICO_BASALTO,#FF6347,/opt/geoserver/data_dir/styles/icons/fgdc/basalto.svg
Proterozoico superior,"Andesitas, dacitas, ignimbritas, tobas, pórfiros andesíticos y dacíticos",PALEO_GRANITO,#FFD700,/opt/geoserver/data_dir/styles/icons/fgdc/granito.svg
Proterozoico superior,"Areniscas, arcilitas, calizas silicificadas",CENOZOICO_ARENA,#00FF00,/opt/geoserver/data_dir/styles/icons/fgdc/arena.svg
Proterozoico superior,Areniscas y lutitas,MESOZOICO_BASALTO,#FF6347,/opt/geoserver/data_dir/styles/icons/fgdc/basalto.svg
Proterozoico superior,Granitos muscovítico biotítico parcialmente pegmatíticos,PALEO_GRANITO,#FFD700,/opt/geoserver/data_dir/styles/icons/fgdc/granito.svg
Proterozoico superior,"Limolitas con cemento carbonático, arenas, limos",CENOZOICO_ARENA,#00FF00,/opt/geoserver/data_dir/styles/icons/fgdc/arena.svg
Proterozoico superior,"Andesitas, ignimbritas, tobas",MESOZOICO_BASALTO,#FF6347,/opt/geoserver/data_dir/styles/icons/fgdc/basalto.svg
Proterozoico superior,"Basaltos, andesitas, tobas, tufitas",PALEO_GRANITO,#FFD700,/opt/geoserver/data_dir/styles/icons/fgdc/granito.svg
Proterozoico superior,"Conglomerados, areniscas",CENOZOICO_ARENA,#00FF00,/opt/geoserver/data_dir/styles/icons/fgdc/arena.svg
Proterozoico superior,"Esquistos, cuarcitas, gneises",MESOZOICO_BASALTO,#FF6347,/opt/geoserver/data_dir/styles/icons/fgdc/basalto.svg
Proterozoico superior,Mármoles,PALEO_GRANITO,#FFD700,/opt/geoserver/data_dir/styles/icons/fgdc/granito.svg
Proterozoico superior,"Ignimbritas dacíticas y riolíticas, brechas volcánicas y volcanoclásticas",CENOZOICO_ARENA,#00FF00,/opt/geoserver/data_dir/styles/icons/fgdc/arena.svg
Proterozoico superior,"Lavas dacíticas, andesíticas y basálticas, brechas autoclásticas de composición andesítica y depósitos de bloques y ceniza (block and ash) asociados a estrato volcanes",MESOZOICO_BASALTO,#FF6347,/opt/geoserver/data_dir/styles/icons/fgdc/basalto.svg
Proterozoico superior,"Areniscas, conglomerados, limolitas, arcilitas",PALEO_GRANITO,#FFD700,/opt/geoserver/data_dir/styles/icons/fgdc/granito.svg
Proterozoico superior,"Anfibolitas, esquistos, gneises, calizas y pegmatitas",CENOZOICO_ARENA,#00FF00,/opt/geoserver/data_dir/styles/icons/fgdc/arena.svg
Proterozoico superior,"Basaltos, andesitas, tobas",MESOZOICO_BASALTO,#FF6347,/opt/geoserver/data_dir/styles/icons/fgdc/basalto.svg
Proterozoico superior,"Andesitas, riodacítas, piroclastitas, areniscas líticas",PALEO_GRANITO,#FFD700,/opt/geoserver/data_dir/styles/icons/fgdc/granito.svg
Proterozoico superior,"Depósitos de evaporitas (cloruros, sulfatos y boratos), limos y arcillas, tufitas y travertinos",CENOZOICO_ARENA,#00FF00,/opt/geoserver/data_dir/styles/icons/fgdc/arena.svg
Proterozoico superior,Cuerpos porfídicos hipabisales de composición diorítica a andesítica y dacítica,MESOZOICO_BASALTO,#FF6347,/opt/geoserver/data_dir/styles/icons/fgdc/basalto.svg
Proterozoico superior,Margas arenosas y areniscas arcillosas,PALEO_GRANITO,#FFD700,/opt/geoserver/data_dir/styles/icons/fgdc/granito.svg
Proterozoico superior,Traquiandesitas,CENOZOICO_ARENA,#00FF00,/opt/geoserver/data_dir/styles/icons/fgdc/arena.svg
Proterozoico superior,"Areniscas, pelitas, conglomerados, calizas, evaporitas, tobas",MESOZOICO_BASALTO,#FF6347,/opt/geoserver/data_dir/styles/icons/fgdc/basalto.svg
Proterozoico superior,"Limolitas, areniscas, arcilitas, calcretes",PALEO_GRANITO,#FFD700,/opt/geoserver/data_dir/styles/icons/fgdc/granito.svg
Proterozoico superior,"Pelitas, areniscas, diamictitas, conglomerados",CENOZOICO_ARENA,#00FF00,/opt/geoserver/data_dir/styles/icons/fgdc/arena.svg
Proterozoico superior,"Basaltos, tobas",MESOZOICO_BASALTO,#FF6347,/opt/geoserver/data_dir/styles/icons/fgdc/basalto.svg
Proterozoico superior,"Granitos, granodioritas, tonalitas",PALEO_GRANITO,#FFD700,/opt/geoserver/data_dir/styles/icons/fgdc/granito.svg
Proterozoico superior,"Limos, arcillas y evaporitas",CENOZOICO_ARENA,#00FF00,/opt/geoserver/data_dir/styles/icons/fgdc/arena.svg
Proterozoico superior,"Granodioritas, dioritas, tonalitas",MESOZOICO_BASALTO,#FF6347,/opt/geoserver/data_dir/styles/icons/fgdc/basalto.svg
Proterozoico superior,"Trondjhemitas, tonalitas",PALEO_GRANITO,#FFD700,/opt/geoserver/data_dir/styles/icons/fgdc/granito.svg
Proterozoico superior,"Areniscas finas a gruesas, conglomerados, tobas, pelitas negras",CENOZOICO_ARENA,#00FF00,/opt/geoserver/data_dir/styles/icons/fgdc/arena.svg
Proterozoico superior,"Areniscas gruesas y conglomerados, tobas y tufitas, coquinas",MESOZOICO_BASALTO,#FF6347,/opt/geoserver/data_dir/styles/icons/fgdc/basalto.svg
Proterozoico superior,"Riolitas, basaltos y traquitas",PALEO_GRANITO,#FFD700,/opt/geoserver/data_dir/styles/icons/fgdc/granito.svg
Proterozoico superior,"Lavas, brechas, ignimbritas y tobas de composición riolítica, dacítica y andesítica",CENOZOICO_ARENA,#00FF00,/opt/geoserver/data_dir/styles/icons/fgdc/arena.svg
Proterozoico superior,"Leucogranitos de dos micas y monzogranitos biotíticos con tendencia porfídica, al que se asocian pórfidos graníticos y diques micrograníticos. También se reconocen lamprófiros, aplitas y diques graníticos. Sienitas y granitos riebeckíticos y diques",MESOZOICO_BASALTO,#FF6347,/opt/geoserver/data_dir/styles/icons/fgdc/basalto.svg
Proterozoico superior,Granitoides,PALEO_GRANITO,#FFD700,/opt/geoserver/data_dir/styles/icons/fgdc/granito.svg
Proterozoico superior,"Basaltos, andesitas, dacitas, tobas, brechas, pelitas",CENOZOICO_ARENA,#00FF00,/opt/geoserver/data_dir/styles/icons/fgdc/arena.svg
Proterozoico superior,"Depósitos residuales limosos, ferricretes",MESOZOICO_BASALTO,#FF6347,/opt/geoserver/data_dir/styles/icons/fgdc/basalto.svg
Proterozoico superior,"Granitos y granodioritas, tonalitas",PALEO_GRANITO,#FFD700,/opt/geoserver/data_dir/styles/icons/fgdc/granito.svg
Proterozoico superior,"Ortocuarcitas, areniscas y pelitas",CENOZOICO_ARENA,#00FF00,/opt/geoserver/data_dir/styles/icons/fgdc/arena.svg
Proterozoico superior,"Areniscas medianas a finas, conglomerados polimícticos, evaporitas, caliza y yeso; sedimentitas clásticas calcáreas con intercalaciones de dacitas y tobas",MESOZOICO_BASALTO,#FF6347,/opt/geoserver/data_dir/styles/icons/fgdc/basalto.svg
Proterozoico superior,"Conglomerados, areniscas conglomerádicas, areniscas, pelitas y limolitas y calizas",PALEO_GRANITO,#FFD700,/opt/geoserver/data_dir/styles/icons/fgdc/granito.svg
Proterozoico superior,"Gabros, granitos, granodioritas, dioritas, sienitas, monzonitas, monzodioritas, monzogranitos, tonalitas",CENOZOICO_ARENA,#00FF00,/opt/geoserver/data_dir/styles/icons/fgdc/arena.svg
Proterozoico superior,"Areniscas, limolitas, duricostras",MESOZOICO_BASALTO,#FF6347,/opt/geoserver/data_dir/styles/icons/fgdc/basalto.svg
Proterozoico superior,"Diamictitas, areniscas",PALEO_GRANITO,#FFD700,/opt/geoserver/data_dir/styles/icons/fgdc/granito.svg
Proterozoico superior,Areniscas y limolitas,CENOZOICO_ARENA,#00FF00,/opt/geoserver/data_dir/styles/icons/fgdc/arena.svg
Proterozoico superior,Riolitas,MESOZOICO_BASALTO,#FF6347,/opt/geoserver/data_dir/styles/icons/fgdc/basalto.svg
Proterozoico superior,"Areniscas, cuarcitas",PALEO_GRANITO,#FFD700,/opt/geoserver/data_dir/styles/icons/fgdc/granito.svg
Proterozoico superior,"Pelitas y areniscas, fosilíferas",CENOZOICO_ARENA,#00FF00,/opt/geoserver/data_dir/styles/icons/fgdc/arena.svg
Proterozoico superior,"Lutitas, areniscas, conglomerados, tobas",MESOZOICO_BASALTO,#FF6347,/opt/geoserver/data_dir/styles/icons/fgdc/basalto.svg
Proterozoico superior,"Granitos, granodioritas, microgranitos",PALEO_GRANITO,#FFD700,/opt/geoserver/data_dir/styles/icons/fgdc/granito.svg
Proterozoico superior,"Filitas, esquistos, cuarcitas",CENOZOICO_ARENA,#00FF00,/opt/geoserver/data_dir/styles/icons/fgdc/arena.svg
Proterozoico superior,"Conglomerados, areniscas, tobas, andesitas, brechas ignimbríticas",MESOZOICO_BASALTO,#FF6347,/opt/geoserver/data_dir/styles/icons/fgdc/basalto.svg
Proterozoico superior,"Areniscas, pelitas, conglomerados, calizas, evaporitas",PALEO_GRANITO,#FFD700,/opt/geoserver/data_dir/styles/icons/fgdc/granito.svg
Proterozoico superior,"Esquistos, gneises, milonitas, anfibolitas y mármoles",CENOZOICO_ARENA,#00FF00,/opt/geoserver/data_dir/styles/icons/fgdc/arena.svg
Proterozoico superior,"Esquistos, gneises, mármoles, metadiabasas",MESOZOICO_BASALTO,#FF6347,/opt/geoserver/data_dir/styles/icons/fgdc/basalto.svg
Proterozoico superior,"Andesitas, basandesitas, aglomerados, areniscas, tobas",PALEO_GRANITO,#FFD700,/opt/geoserver/data_dir/styles/icons/fgdc/granito.svg
Proterozoico superior,"Granitos, aplitas, pegmatitas",CENOZOICO_ARENA,#00FF00,/opt/geoserver/data_dir/styles/icons/fgdc/arena.svg
Proterozoico superior,"Basaltos y diabasas (estructura almohadillada). Diques y filones diabásicos, gabros y dioritas",MESOZOICO_BASALTO,#FF6347,/opt/geoserver/data_dir/styles/icons/fgdc/basalto.svg
Proterozoico superior,"Limos, arcillas, sales",PALEO_GRANITO,#FFD700,/opt/geoserver/data_dir/styles/icons/fgdc/granito.svg
Proterozoico superior,"Areniscas finas a gruesas, conglomerados, pelitas, coquinas.",CENOZOICO_ARENA,#00FF00,/opt/geoserver/data_dir/styles/icons/fgdc/arena.svg
Proterozoico superior,"Areniscas medias a gruesas, arcilitas, tobas y tufitas",MESOZOICO_BASALTO,#FF6347,/opt/geoserver/data_dir/styles/icons/fgdc/basalto.svg
Proterozoico superior,"Areniscas feldespáticas, limolitas, lutitas, arcosas",PALEO_GRANITO,#FFD700,/opt/geoserver/data_dir/styles/icons/fgdc/granito.svg
Proterozoico superior,"Granitos, granodiorítas, pórfidos",CENOZOICO_ARENA,#00FF00,/opt/geoserver/data_dir/styles/icons/fgdc/arena.svg
Proterozoico superior,"Granodioritas, tonalitas, granitos",MESOZOICO_BASALTO,#FF6347,/opt/geoserver/data_dir/styles/icons/fgdc/basalto.svg
Proterozoico superior,"Tobas, chonitas, areniscas finas a medias, arcilitas",PALEO_GRANITO,#FFD700,/opt/geoserver/data_dir/styles/icons/fgdc/granito.svg
Proterozoico superior,"Granófiros, pórfiros riolíticos",CENOZOICO_ARENA,#00FF00,/opt/geoserver/data_dir/styles/icons/fgdc/arena.svg
Proterozoico superior,"Basaltos olivínicos, basanitas",MESOZOICO_BASALTO,#FF6347,/opt/geoserver/data_dir/styles/icons/fgdc/basalto.svg
Proterozoico superior,"Tobas, cineritas, arcilitas, bentonitas",PALEO_GRANITO,#FFD700,/opt/geoserver/data_dir/styles/icons/fgdc/granito.svg
Proterozoico superior,"Dacitas, riolitas, andesitas, basaltos, tobas e ignimbritas",CENOZOICO_ARENA,#00FF00,/opt/geoserver/data_dir/styles/icons/fgdc/arena.svg
Proterozoico superior,"Tobas, tufitas, conglomerados, calizas y basaltos",MESOZOICO_BASALTO,#FF6347,/opt/geoserver/data_dir/styles/icons/fgdc/basalto.svg
Proterozoico superior,"Conglomerados, areniscas, arcilitas y calizas",PALEO_GRANITO,#FFD700,/opt/geoserver/data_dir/styles/icons/fgdc/granito.svg
Proterozoico superior,"Riolitas y andesitas, ignimbritas y tobas ácidas",CENOZOICO_ARENA,#00FF00,/opt/geoserver/data_dir/styles/icons/fgdc/arena.svg
Proterozoico superior,"Basaltos, andesitas, tobas, ignimbritas y aglomerados volcánicos",MESOZOICO_BASALTO,#FF6347,/opt/geoserver/data_dir/styles/icons/fgdc/basalto.svg
Proterozoico superior,"Areniscas, pelitas, coquinas, tufitas, tobas",PALEO_GRANITO,#FFD700,/opt/geoserver/data_dir/styles/icons/fgdc/granito.svg
Proterozoico superior,"Basaltos olivínicos, pórfiros basálticos",CENOZOICO_ARENA,#00FF00,/opt/geoserver/data_dir/styles/icons/fgdc/arena.svg
Proterozoico superior,"Areniscas, pelitas, conglomerados, tobas.",MESOZOICO_BASALTO,#FF6347,/opt/geoserver/data_dir/styles/icons/fgdc/basalto.svg
Proterozoico superior,"Granitos y granodioritas, pórfiros",PALEO_GRANITO,#FFD700,/opt/geoserver/data_dir/styles/icons/fgdc/granito.svg
Proterozoico superior,"Riolitas e ignimbritas, dacitas y tobas",CENOZOICO_ARENA,#00FF00,/opt/geoserver/data_dir/styles/icons/fgdc/arena.svg
Proterozoico superior,Basaltos y adakitas,MESOZOICO_BASALTO,#FF6347,/opt/geoserver/data_dir/styles/icons/fgdc/basalto.svg
Proterozoico superior,Arenas finas a medianas,PALEO_GRANITO,#FFD700,/opt/geoserver/data_dir/styles/icons/fgdc/granito.svg
Paleozoico superior,Areniscas,CENOZOICO_ARENA,#00FF00,/opt/geoserver/data_dir/styles/icons/fgdc/arena.svg
Paleozoico superior,Diamictitas,MESOZOICO_BASALTO,#FF6347,/opt/geoserver/data_dir/styles/icons/fgdc/basalto.svg
Paleozoico superior,"Areniscas, pelitas y conglomerados",PALEO_GRANITO,#FFD700,/opt/geoserver/data_dir/styles/icons/fgdc/granito.svg
Paleozoico superior,"Arenas, gravas y limos",CENOZOICO_ARENA,#00FF00,/opt/geoserver/data_dir/styles/icons/fgdc/arena.svg
Paleozoico superior,Granitos,MESOZOICO_BASALTO,#FF6347,/opt/geoserver/data_dir/styles/icons/fgdc/basalto.svg
Paleozoico superior,"Limos, arenas",PALEO_GRANITO,#FFD700,/opt/geoserver/data_dir/styles/icons/fgdc/granito.svg
Paleozoico superior,"Areniscas, conglomerados, pelitas",CENOZOICO_ARENA,#00FF00,/opt/geoserver/data_dir/styles/icons/fgdc/arena.svg
Paleozoico superior,"Conglomerados, areniscas conglomerádicas, areniscas, pelitas y limolitas",MESOZOICO_BASALTO,#FF6347,/opt/geoserver/data_dir/styles/icons/fgdc/basalto.svg
Paleozoico superior,"Gabros, dioritas, ortoanfibolitas, serpentinitas",PALEO_GRANITO,#FFD700,/opt/geoserver/data_dir/styles/icons/fgdc/granito.svg
Paleozoico superior,Fajas miloníticas. Milonitas y protomilonitas,CENOZOICO_ARENA,#00FF00,/opt/geoserver/data_dir/styles/icons/fgdc/arena.svg
Paleozoico superior,Loess,MESOZOICO_BASALTO,#FF6347,/opt/geoserver/data_dir/styles/icons/fgdc/basalto.svg
Paleozoico superior,Sedimentos salinos,PALEO_GRANITO,#FFD700,/opt/geoserver/data_dir/styles/icons/fgdc/granito.svg
Paleozoico superior,Fanglomerados y conglomerados,CENOZOICO_ARENA,#00FF00,/opt/geoserver/data_dir/styles/icons/fgdc/arena.svg
Paleozoico superior,Arenas,MESOZOICO_BASALTO,#FF6347,/opt/geoserver/data_dir/styles/icons/fgdc/basalto.svg
Paleozoico superior,Gravas y arenas,PALEO_GRANITO,#FFD700,/opt/geoserver/data_dir/styles/icons/fgdc/granito.svg
Paleozoico superior,Riodacitas,CENOZOICO_ARENA,#00FF00,/opt/geoserver/data_dir/styles/icons/fgdc/arena.svg
Paleozoico superior,"Granodioritas, tonalitas",MESOZOICO_BASALTO,#FF6347,/opt/geoserver/data_dir/styles/icons/fgdc/basalto.svg
Paleozoico superior,"Granitoides peraluminosos, sienogranitos y monzogranitos pórfidicos, granodioritas",PALEO_GRANITO,#FFD700,/opt/geoserver/data_dir/styles/icons/fgdc/granito.svg
Paleozoico superior,"Areniscas, conglomerados y arcilitas",CENOZOICO_ARENA,#00FF00,/opt/geoserver/data_dir/styles/icons/fgdc/arena.svg
Paleozoico superior,Calcretes,MESOZOICO_BASALTO,#FF6347,/opt/geoserver/data_dir/styles/icons/fgdc/basalto.svg
Paleozoico superior,Calizas,PALEO_GRANITO,#FFD700,/opt/geoserver/data_dir/styles/icons/fgdc/granito.svg
Paleozoico superior,Areniscas y conglomerados,CENOZOICO_ARENA,#00FF00,/opt/geoserver/data_dir/styles/icons/fgdc/arena.svg
Paleozoico superior,Arenas y limos,MESOZOICO_BASALTO,#FF6347,/opt/geoserver/data_dir/styles/icons/fgdc/basalto.svg
Paleozoico superior,Filitas,PALEO_GRANITO,#FFD700,/opt/geoserver/data_dir/styles/icons/fgdc/granito.svg
Paleozoico superior,Basaltos,CENOZOICO_ARENA,#00FF00,/opt/geoserver/data_dir/styles/icons/fgdc/arena.svg
Paleozoico superior,Andesitas,MESOZOICO_BASALTO,#FF6347,/opt/geoserver/data_dir/styles/icons/fgdc/basalto.svg
Paleozoico superior,Gneises y metatexitas,PALEO_GRANITO,#FFD700,/opt/geoserver/data_dir/styles/icons/fgdc/granito.svg
Paleozoico superior,Arcosas y calcretes,CENOZOICO_ARENA,#00FF00,/opt/geoserver/data_dir/styles/icons/fgdc/arena.svg
Paleozoico superior,"Monzogranitos, tonalitas",MESOZOICO_BASALTO,#FF6347,/opt/geoserver/data_dir/styles/icons/fgdc/basalto.svg
Paleozoico superior,Gabros,PALEO_GRANITO,#FFD700,/opt/geoserver/data_dir/styles/icons/fgdc/granito.svg
Paleozoico superior,Milonitas y protomilonitas,CENOZOICO_ARENA,#00FF00,/opt/geoserver/data_dir/styles/icons/fgdc/arena.svg
Paleozoico superior,,MESOZOICO_BASALTO,#FF6347,/opt/geoserver/data_dir/styles/icons/fgdc/basalto.svg
Paleozoico superior,Monzogranitos,PALEO_GRANITO,#FFD700,/opt/geoserver/data_dir/styles/icons/fgdc/granito.svg
Paleozoico superior,"Arenas, limos y arcillas",CENOZOICO_ARENA,#00FF00,/opt/geoserver/data_dir/styles/icons/fgdc/arena.svg
Paleozoico superior,Arenas y arcillas con elevado contenido de matería orgánica,MESOZOICO_BASALTO,#FF6347,/opt/geoserver/data_dir/styles/icons/fgdc/basalto.svg
Paleozoico superior,Arcillas y limos con elevado contenido de materia orgánica,PALEO_GRANITO,#FFD700,/opt/geoserver/data_dir/styles/icons/fgdc/granito.svg
Paleozoico superior,Limos arenosos a arcillosos,CENOZOICO_ARENA,#00FF00,/opt/geoserver/data_dir/styles/icons/fgdc/arena.svg
Paleozoico superior,Limos y calcretes,MESOZOICO_BASALTO,#FF6347,/opt/geoserver/data_dir/styles/icons/fgdc/basalto.svg
Paleozoico superior,"Limos, arenas y arcillas",PALEO_GRANITO,#FFD700,/opt/geoserver/data_dir/styles/icons/fgdc/granito.svg
Paleozoico superior,Milonitas,CENOZOICO_ARENA,#00FF00,/opt/geoserver/data_dir/styles/icons/fgdc/arena.svg
Paleozoico superior,Basaltos y andesitas,MESOZOICO_BASALTO,#FF6347,/opt/geoserver/data_dir/styles/icons/fgdc/basalto.svg
Paleozoico superior,Limos,PALEO_GRANITO,#FFD700,/opt/geoserver/data_dir/styles/icons/fgdc/granito.svg
Paleozoico superior,Limos y arenas,CENOZOICO_ARENA,#00FF00,/opt/geoserver/data_dir/styles/icons/fgdc/arena.svg
Paleozoico superior,"Areniscas, cuarcitas, calizas, dolomías, pelitas",MESOZOICO_BASALTO,#FF6347,/opt/geoserver/data_dir/styles/icons/fgdc/basalto.svg
Paleozoico superior,"Limos, arcillas, evaporitas",PALEO_GRANITO,#FFD700,/opt/geoserver/data_dir/styles/icons/fgdc/granito.svg
Paleozoico superior,"Granitos, granodioritas, esquistos, gneises, migmatitas",CENOZOICO_ARENA,#00FF00,/opt/geoserver/data_dir/styles/icons/fgdc/arena.svg
Paleozoico superior,Basaltos a andesitas basálticas,MESOZOICO_BASALTO,#FF6347,/opt/geoserver/data_dir/styles/icons/fgdc/basalto.svg
Paleozoico superior,Limos arcillosos,PALEO_GRANITO,#FFD700,/opt/geoserver/data_dir/styles/icons/fgdc/granito.svg
Paleozoico superior,"Limos, arenas, gravas",CENOZOICO_ARENA,#00FF00,/opt/geoserver/data_dir/styles/icons/fgdc/arena.svg
Paleozoico superior,"Granitos, granodioritas, monzogranitos, tonalitas, leucogranitos",MESOZOICO_BASALTO,#FF6347,/opt/geoserver/data_dir/styles/icons/fgdc/basalto.svg
Paleozoico superior,"Areniscas, areniscas conglomerádicas, conglomerados, brechas, fangolitas, limolitas y lutitas rojizas con intercalación de volcanitas alcalinas, areniscas calcáreas, pelitas, grauvacas y calizas con niveles estromatolíticos y oolíticos",PALEO_GRANITO,#FFD700,/opt/geoserver/data_dir/styles/icons/fgdc/granito.svg
Paleozoico superior,"Secuencias turbidíticas integradas por areniscas cuarcíferas, areniscas, grauvacas, pelitas, limolitas y lutitas y, subordinadamente, calizas",CENOZOICO_ARENA,#00FF00,/opt/geoserver/data_dir/styles/icons/fgdc/arena.svg
Paleozoico superior,"Dacitas, andesitas, basaltos; conos piroclásticos y depósitos de avalancha volcánica",MESOZOICO_BASALTO,#FF6347,/opt/geoserver/data_dir/styles/icons/fgdc/basalto.svg
Paleozoico superior,"Conglomerados, areniscas, limolitas, arcillolitas comunmente con niveles salinos y yesíferos",PALEO_GRANITO,#FFD700,/opt/geoserver/data_dir/styles/icons/fgdc/granito.svg
Paleozoico superior,"Tobas, ignimbritas dacíticas-riodacíticas, flujos piroclásticos dacíticos a riodacíticos, depósitos de caída",CENOZOICO_ARENA,#00FF00,/opt/geoserver/data_dir/styles/icons/fgdc/arena.svg
Paleozoico superior,"Riolitas, dacitas, traquiandesitas, diabasas, andesitas basálticas, lavas basálticas almohadilladas, ignimbritas y tobas",MESOZOICO_BASALTO,#FF6347,/opt/geoserver/data_dir/styles/icons/fgdc/basalto.svg
Paleozoico superior,"Cuarcitas, areniscas",PALEO_GRANITO,#FFD700,/opt/geoserver/data_dir/styles/icons/fgdc/granito.svg
Paleozoico superior,"Ignimbritas dacíticas, flujos piroclásticos",CENOZOICO_ARENA,#00FF00,/opt/geoserver/data_dir/styles/icons/fgdc/arena.svg
Paleozoico superior,"Esquistos cuarzo-feldespáticos-biotíticos-moscovíticos, anfibolitas, gneises, ortogneises, migmatitas, metagranitos",MESOZOICO_BASALTO,#FF6347,/opt/geoserver/data_dir/styles/icons/fgdc/basalto.svg
Paleozoico superior,Gneises y esquistos,PALEO_GRANITO,#FFD700,/opt/geoserver/data_dir/styles/icons/fgdc/granito.svg
Paleozoico superior,"Areniscas, areniscas conglomerádicas, diamictitas",CENOZOICO_ARENA,#00FF00,/opt/geoserver/data_dir/styles/icons/fgdc/arena.svg
Paleozoico superior,"Depósitos detríticos de gravas, arenas, limos",MESOZOICO_BASALTO,#FF6347,/opt/geoserver/data_dir/styles/icons/fgdc/basalto.svg
Paleozoico superior,"Conglomerados, areniscas y limoarcilitas",PALEO_GRANITO,#FFD700,/opt/geoserver/data_dir/styles/icons/fgdc/granito.svg
Paleozoico superior,"Cuarcitas, pelitas, areniscas, calizas, grauvacas; con intercalaciones de riolitas, dacitas, traquiandesitas, diabasas, andesitas basálticas, lavas basálticas almohadilladas, ignimbritas y tobas",CENOZOICO_ARENA,#00FF00,/opt/geoserver/data_dir/styles/icons/fgdc/arena.svg
Paleozoico superior,"Limolitas, diamictitas, grauvacas, lutitas",MESOZOICO_BASALTO,#FF6347,/opt/geoserver/data_dir/styles/icons/fgdc/basalto.svg
Paleozoico superior,Adakitas,PALEO_GRANITO,#FFD700,/opt/geoserver/data_dir/styles/icons/fgdc/granito.svg
Paleozoico superior,"Esquistos, gneises, pizarras y filitas",CENOZOICO_ARENA,#00FF00,/opt/geoserver/data_dir/styles/icons/fgdc/arena.svg
Paleozoico superior,"Gneises, ortogneises, migmatitas, anfibolitas y esquistos",MESOZOICO_BASALTO,#FF6347,/opt/geoserver/data_dir/styles/icons/fgdc/basalto.svg
Paleozoico superior,"Areniscas, limolitas y arcilitas",PALEO_GRANITO,#FFD700,/opt/geoserver/data_dir/styles/icons/fgdc/granito.svg
Paleozoico superior,"Areniscas, pelitas, filitas y esquistos",CENOZOICO_ARENA,#00FF00,/opt/geoserver/data_dir/styles/icons/fgdc/arena.svg
Paleozoico superior,"Areniscas medianas a gruesas, coquinas, pelitas, calizas",MESOZOICO_BASALTO,#FF6347,/opt/geoserver/data_dir/styles/icons/fgdc/basalto.svg
Paleozoico superior,"Areniscas finas a medianas, coquinas, pelitas, carbón",PALEO_GRANITO,#FFD700,/opt/geoserver/data_dir/styles/icons/fgdc/granito.svg
Paleozoico superior,"Areniscas, conglomerados,pelitas, carbón",CENOZOICO_ARENA,#00FF00,/opt/geoserver/data_dir/styles/icons/fgdc/arena.svg
Paleozoico superior,"Andesitas, basaltos, tobas",MESOZOICO_BASALTO,#FF6347,/opt/geoserver/data_dir/styles/icons/fgdc/basalto.svg
Paleozoico superior,"Basaltos, basanitas, teschenitas, gabros.",PALEO_GRANITO,#FFD700,/opt/geoserver/data_dir/styles/icons/fgdc/granito.svg
Paleozoico superior,"Ignimbritas y tobas ácidas, riolitas, pelitas y tufitas",CENOZOICO_ARENA,#00FF00,/opt/geoserver/data_dir/styles/icons/fgdc/arena.svg
Paleozoico superior,Gabros y diques basálticos,MESOZOICO_BASALTO,#FF6347,/opt/geoserver/data_dir/styles/icons/fgdc/basalto.svg
Paleozoico superior,"Tobas, tufitas, pelitas, areniscas gruesas a conglomerados",PALEO_GRANITO,#FFD700,/opt/geoserver/data_dir/styles/icons/fgdc/granito.svg
Paleozoico superior,"Tobas, cineritas, tufitas, areniscas medias a gruesas, conglomerados",CENOZOICO_ARENA,#00FF00,/opt/geoserver/data_dir/styles/icons/fgdc/arena.svg
Paleozoico superior,"Areniscas, arcilitas y limolitas, conglomerados",MESOZOICO_BASALTO,#FF6347,/opt/geoserver/data_dir/styles/icons/fgdc/basalto.svg
Paleozoico superior,"Areniscas finas a medias, pelitas, calizas, coquinas",PALEO_GRANITO,#FFD700,/opt/geoserver/data_dir/styles/icons/fgdc/granito.svg
Paleozoico superior,"Gneises, anfibolitas y granitos",CENOZOICO_ARENA,#00FF00,/opt/geoserver/data_dir/styles/icons/fgdc/arena.svg
Paleozoico superior,"Granitos, granodioritas, dioritas, tonalitas.",MESOZOICO_BASALTO,#FF6347,/opt/geoserver/data_dir/styles/icons/fgdc/basalto.svg
Paleozoico superior,"Gravas finas a medianas, arenas gruesas",PALEO_GRANITO,#FFD700,/opt/geoserver/data_dir/styles/icons/fgdc/granito.svg
Paleozoico superior,Basaltos olivínicos,CENOZOICO_ARENA,#00FF00,/opt/geoserver/data_dir/styles/icons/fgdc/arena.svg
Paleozoico superior,"Esquistos, filitas, ortocuarcitas, migmatitas y granitoides",MESOZOICO_BASALTO,#FF6347,/opt/geoserver/data_dir/styles/icons/fgdc/basalto.svg
Paleozoico superior,Arenas medianas a gruesas y gravas finas,PALEO_GRANITO,#FFD700,/opt/geoserver/data_dir/styles/icons/fgdc/granito.svg
Paleozoico superior,"Till, gravas, arenas y pelitas",CENOZOICO_ARENA,#00FF00,/opt/geoserver/data_dir/styles/icons/fgdc/arena.svg
Paleozoico superior,"Areniscas, conglomerados y pelitas.",MESOZOICO_BASALTO,#FF6347,/opt/geoserver/data_dir/styles/icons/fgdc/basalto.svg
Paleozoico superior,Metavolcanitas ácidas a mesosilícicas,PALEO_GRANITO,#FFD700,/opt/geoserver/data_dir/styles/icons/fgdc/granito.svg
Paleozoico superior,Arenas y gravas,CENOZOICO_ARENA,#00FF00,/opt/geoserver/data_dir/styles/icons/fgdc/arena.svg
Paleozoico superior,Rocas ultramáficas,MESOZOICO_BASALTO,#FF6347,/opt/geoserver/data_dir/styles/icons/fgdc/basalto.svg
Paleozoico superior,"Arenas, gravas y pelitas",PALEO_GRANITO,#FFD700,/opt/geoserver/data_dir/styles/icons/fgdc/granito.svg
Paleozoico superior,Limos y arcillas,CENOZOICO_ARENA,#00FF00,/opt/geoserver/data_dir/styles/icons/fgdc/arena.svg
Paleozoico superior,"Arenas finas a medianas, rodados",MESOZOICO_BASALTO,#FF6347,/opt/geoserver/data_dir/styles/icons/fgdc/basalto.svg
Paleozoico superior,Bloques,PALEO_GRANITO,#FFD700,/opt/geoserver/data_dir/styles/icons/fgdc/granito.svg
Paleozoico superior,"Ortocuarcitas, cuarcitas y conglomerados, pelitas",CENOZOICO_ARENA,#00FF00,/opt/geoserver/data_dir/styles/icons/fgdc/arena.svg
Paleozoico superior,"Basaltos alcalinos, basanitas, nefelinitas",MESOZOICO_BASALTO,#FF6347,/opt/geoserver/data_dir/styles/icons/fgdc/basalto.svg
Paleozoico superior,"Riolitas y andesitas, tobas, ignimbritas y tufitas",PALEO_GRANITO,#FFD700,/opt/geoserver/data_dir/styles/icons/fgdc/granito.svg
Paleozoico superior,"Tobas, areniscas, pelitas, tufitas, calizas, lavas e ignimbritas riolíticas y andesíticas",CENOZOICO_ARENA,#00FF00,/opt/geoserver/data_dir/styles/icons/fgdc/arena.svg
Paleozoico superior,"Gravas medianas a gruesas, arenas gruesas",MESOZOICO_BASALTO,#FF6347,/opt/geoserver/data_dir/styles/icons/fgdc/basalto.svg
Paleozoico superior,"Arenas, gravas, limos",PALEO_GRANITO,#FFD700,/opt/geoserver/data_dir/styles/icons/fgdc/granito.svg
Paleozoico superior,"Gravas, arenas",CENOZOICO_ARENA,#00FF00,/opt/geoserver/data_dir/styles/icons/fgdc/arena.svg
Paleozoico superior,"Conglomerados, areniscas, calizas, pelitas",MESOZOICO_BASALTO,#FF6347,/opt/geoserver/data_dir/styles/icons/fgdc/basalto.svg
Paleozoico superior,"Limolitas, areniscas, conglomerados, olistolitos",PALEO_GRANITO,#FFD700,/opt/geoserver/data_dir/styles/icons/fgdc/granito.svg
Paleozoico superior,"Granitos, granodioritas, tonalitas y diques riolíticos",CENOZOICO_ARENA,#00FF00,/opt/geoserver/data_dir/styles/icons/fgdc/arena.svg
Paleozoico superior,"Areniscas, limolitas y conglomerados",MESOZOICO_BASALTO,#FF6347,/opt/geoserver/data_dir/styles/icons/fgdc/basalto.svg
Paleozoico superior,"Areniscas, conglomerados, tufitas y tobas",PALEO_GRANITO,#FFD700,/opt/geoserver/data_dir/styles/icons/fgdc/granito.svg
Paleozoico superior,"Limos, arcillas, arenas",CENOZOICO_ARENA,#00FF00,/opt/geoserver/data_dir/styles/icons/fgdc/arena.svg
Paleozoico superior,"Andesitas, riolitas, basaltos, tobas, brechas, conglomerados, areniscas",MESOZOICO_BASALTO,#FF6347,/opt/geoserver/data_dir/styles/icons/fgdc/basalto.svg
Paleozoico superior,"Tobas, tufitas, ignimbritas, areniscas y conglomerados",PALEO_GRANITO,#FFD700,/opt/geoserver/data_dir/styles/icons/fgdc/granito.svg
Paleozoico superior,"Traquitas y tobas traquíticas, brechas y aglomerados.",CENOZOICO_ARENA,#00FF00,/opt/geoserver/data_dir/styles/icons/fgdc/arena.svg
Paleozoico superior,"Till, gravas, arenas, arcillas",MESOZOICO_BASALTO,#FF6347,/opt/geoserver/data_dir/styles/icons/fgdc/basalto.svg
Paleozoico superior,"Areniscas, pelitas, conglomerados, calizas",PALEO_GRANITO,#FFD700,/opt/geoserver/data_dir/styles/icons/fgdc/granito.svg
Paleozoico superior,"Areniscas, pelitas, calizas, evaporitas",CENOZOICO_ARENA,#00FF00,/opt/geoserver/data_dir/styles/icons/fgdc/arena.svg
Paleozoico superior,"Riolitas, dacitas, andesitas, ignimbritas, tobas, brechas, conglomerados",MESOZOICO_BASALTO,#FF6347,/opt/geoserver/data_dir/styles/icons/fgdc/basalto.svg
Paleozoico superior,"Andesitas, ignimbritas",PALEO_GRANITO,#FFD700,/opt/geoserver/data_dir/styles/icons/fgdc/granito.svg
Paleozoico superior,Metamorfitas y plutonitas metamorfizadas,CENOZOICO_ARENA,#00FF00,/opt/geoserver/data_dir/styles/icons/fgdc/arena.svg
Paleozoico superior,"Metarenitas, filitas, mármoles, areniscas y pelitas",MESOZOICO_BASALTO,#FF6347,/opt/geoserver/data_dir/styles/icons/fgdc/basalto.svg
Paleozoico superior,"Conglomerados, areniscas, pelitas, tufitas, tobas, yeso",PALEO_GRANITO,#FFD700,/opt/geoserver/data_dir/styles/icons/fgdc/granito.svg
Paleozoico superior,"Brechas y areniscas volcánicas, tobas, tufitas, andesitas",CENOZOICO_ARENA,#00FF00,/opt/geoserver/data_dir/styles/icons/fgdc/arena.svg
Paleozoico superior,"Calizas, margas, dolomias, fangolitas calcáreas",MESOZOICO_BASALTO,#FF6347,/opt/geoserver/data_dir/styles/icons/fgdc/basalto.svg
Paleozoico superior,"Granitos, granodioritas",PALEO_GRANITO,#FFD700,/opt/geoserver/data_dir/styles/icons/fgdc/granito.svg
Paleozoico superior,"Andesitas, dacitas, ignimbritas, tobas, pórfiros andesíticos y dacíticos",CENOZOICO_ARENA,#00FF00,/opt/geoserver/data_dir/styles/icons/fgdc/arena.svg
Paleozoico superior,"Areniscas, arcilitas, calizas silicificadas",MESOZOICO_BASALTO,#FF6347,/opt/geoserver/data_dir/styles/icons/fgdc/basalto.svg
Paleozoico superior,Areniscas y lutitas,PALEO_GRANITO,#FFD700,/opt/geoserver/data_dir/styles/icons/fgdc/granito.svg
Paleozoico superior,Granitos muscovítico biotítico parcialmente pegmatíticos,CENOZOICO_ARENA,#00FF00,/opt/geoserver/data_dir/styles/icons/fgdc/arena.svg
Paleozoico superior,"Limolitas con cemento carbonático, arenas, limos",MESOZOICO_BASALTO,#FF6347,/opt/geoserver/data_dir/styles/icons/fgdc/basalto.svg
Paleozoico superior,"Andesitas, ignimbritas, tobas",PALEO_GRANITO,#FFD700,/opt/geoserver/data_dir/styles/icons/fgdc/granito.svg
Paleozoico superior,"Basaltos, andesitas, tobas, tufitas",CENOZOICO_ARENA,#00FF00,/opt/geoserver/data_dir/styles/icons/fgdc/arena.svg
Paleozoico superior,"Conglomerados, areniscas",MESOZOICO_BASALTO,#FF6347,/opt/geoserver/data_dir/styles/icons/fgdc/basalto.svg
Paleozoico superior,"Esquistos, cuarcitas, gneises",PALEO_GRANITO,#FFD700,/opt/geoserver/data_dir/styles/icons/fgdc/granito.svg
Paleozoico superior,Mármoles,CENOZOICO_ARENA,#00FF00,/opt/geoserver/data_dir/styles/icons/fgdc/arena.svg
Paleozoico superior,"Ignimbritas dacíticas y riolíticas, brechas volcánicas y volcanoclásticas",MESOZOICO_BASALTO,#FF6347,/opt/geoserver/data_dir/styles/icons/fgdc/basalto.svg
Paleozoico superior,"Lavas dacíticas, andesíticas y basálticas, brechas autoclásticas de composición andesítica y depósitos de bloques y ceniza (block and ash) asociados a estrato volcanes",PALEO_GRANITO,#FFD700,/opt/geoserver/data_dir/styles/icons/fgdc/granito.svg
Paleozoico superior,"Areniscas, conglomerados, limolitas, arcilitas",CENOZOICO_ARENA,#00FF00,/opt/geoserver/data_dir/styles/icons/fgdc/arena.svg
Paleozoico superior,"Anfibolitas, esquistos, gneises, calizas y pegmatitas",MESOZOICO_BASALTO,#FF6347,/opt/geoserver/data_dir/styles/icons/fgdc/basalto.svg
Paleozoico superior,"Basaltos, andesitas, tobas",PALEO_GRANITO,#FFD700,/opt/geoserver/data_dir/styles/icons/fgdc/granito.svg
Paleozoico superior,"Andesitas, riodacítas, piroclastitas, areniscas líticas",CENOZOICO_ARENA,#00FF00,/opt/geoserver/data_dir/styles/icons/fgdc/arena.svg
Paleozoico superior,"Depósitos de evaporitas (cloruros, sulfatos y boratos), limos y arcillas, tufitas y travertinos",MESOZOICO_BASALTO,#FF6347,/opt/geoserver/data_dir/styles/icons/fgdc/basalto.svg
Paleozoico superior,Cuerpos porfídicos hipabisales de composición diorítica a andesítica y dacítica,PALEO_GRANITO,#FFD700,/opt/geoserver/data_dir/styles/icons/fgdc/granito.svg
Paleozoico superior,Margas arenosas y areniscas arcillosas,CENOZOICO_ARENA,#00FF00,/opt/geoserver/data_dir/styles/icons/fgdc/arena.svg
Paleozoico superior,Traquiandesitas,MESOZOICO_BASALTO,#FF6347,/opt/geoserver/data_dir/styles/icons/fgdc/basalto.svg
Paleozoico superior,"Areniscas, pelitas, conglomerados, calizas, evaporitas, tobas",PALEO_GRANITO,#FFD700,/opt/geoserver/data_dir/styles/icons/fgdc/granito.svg
Paleozoico superior,"Limolitas, areniscas, arcilitas, calcretes",CENOZOICO_ARENA,#00FF00,/opt/geoserver/data_dir/styles/icons/fgdc/arena.svg
Paleozoico superior,"Pelitas, areniscas, diamictitas, conglomerados",MESOZOICO_BASALTO,#FF6347,/opt/geoserver/data_dir/styles/icons/fgdc/basalto.svg
Paleozoico superior,"Basaltos, tobas",PALEO_GRANITO,#FFD700,/opt/geoserver/data_dir/styles/icons/fgdc/granito.svg
Paleozoico superior,"Granitos, granodioritas, tonalitas",CENOZOICO_ARENA,#00FF00,/opt/geoserver/data_dir/styles/icons/fgdc/arena.svg
Paleozoico superior,"Limos, arcillas y evaporitas",MESOZOICO_BASALTO,#FF6347,/opt/geoserver/data_dir/styles/icons/fgdc/basalto.svg
Paleozoico superior,"Granodioritas, dioritas, tonalitas",PALEO_GRANITO,#FFD700,/opt/geoserver/data_dir/styles/icons/fgdc/granito.svg
Paleozoico superior,"Trondjhemitas, tonalitas",CENOZOICO_ARENA,#00FF00,/opt/geoserver/data_dir/styles/icons/fgdc/arena.svg
Paleozoico superior,"Areniscas finas a gruesas, conglomerados, tobas, pelitas negras",MESOZOICO_BASALTO,#FF6347,/opt/geoserver/data_dir/styles/icons/fgdc/basalto.svg
Paleozoico superior,"Areniscas gruesas y conglomerados, tobas y tufitas, coquinas",PALEO_GRANITO,#FFD700,/opt/geoserver/data_dir/styles/icons/fgdc/granito.svg
Paleozoico superior,"Riolitas, basaltos y traquitas",CENOZOICO_ARENA,#00FF00,/opt/geoserver/data_dir/styles/icons/fgdc/arena.svg
Paleozoico superior,"Lavas, brechas, ignimbritas y tobas de composición riolítica, dacítica y andesítica",MESOZOICO_BASALTO,#FF6347,/opt/geoserver/data_dir/styles/icons/fgdc/basalto.svg
Paleozoico superior,"Leucogranitos de dos micas y monzogranitos biotíticos con tendencia porfídica, al que se asocian pórfidos graníticos y diques micrograníticos. También se reconocen lamprófiros, aplitas y diques graníticos. Sienitas y granitos riebeckíticos y diques",PALEO_GRANITO,#FFD700,/opt/geoserver/data_dir/styles/icons/fgdc/granito.svg
Paleozoico superior,Granitoides,CENOZOICO_ARENA,#00FF00,/opt/geoserver/data_dir/styles/icons/fgdc/arena.svg
Paleozoico superior,"Basaltos, andesitas, dacitas, tobas, brechas, pelitas",MESOZOICO_BASALTO,#FF6347,/opt/geoserver/data_dir/styles/icons/fgdc/basalto.svg
Paleozoico superior,"Depósitos residuales limosos, ferricretes",PALEO_GRANITO,#FFD700,/opt/geoserver/data_dir/styles/icons/fgdc/granito.svg
Paleozoico superior,"Granitos y granodioritas, tonalitas",CENOZOICO_ARENA,#00FF00,/opt/geoserver/data_dir/styles/icons/fgdc/arena.svg
Paleozoico superior,"Ortocuarcitas, areniscas y pelitas",MESOZOICO_BASALTO,#FF6347,/opt/geoserver/data_dir/styles/icons/fgdc/basalto.svg
Paleozoico superior,"Areniscas medianas a finas, conglomerados polimícticos, evaporitas, caliza y yeso; sedimentitas clásticas calcáreas con intercalaciones de dacitas y tobas",PALEO_GRANITO,#FFD700,/opt/geoserver/data_dir/styles/icons/fgdc/granito.svg
Paleozoico superior,"Conglomerados, areniscas conglomerádicas, areniscas, pelitas y limolitas y calizas",CENOZOICO_ARENA,#00FF00,/opt/geoserver/data_dir/styles/icons/fgdc/arena.svg
Paleozoico superior,"Gabros, granitos, granodioritas, dioritas, sienitas, monzonitas, monzodioritas, monzogranitos, tonalitas",MESOZOICO_BASALTO,#FF6347,/opt/geoserver/data_dir/styles/icons/fgdc/basalto.svg
Paleozoico superior,"Areniscas, limolitas, duricostras",PALEO_GRANITO,#FFD700,/opt/geoserver/data_dir/styles/icons/fgdc/granito.svg
Paleozoico superior,"Diamictitas, areniscas",CENOZOICO_ARENA,#00FF00,/opt/geoserver/data_dir/styles/icons/fgdc/arena.svg
Paleozoico superior,Areniscas y limolitas,MESOZOICO_BASALTO,#FF6347,/opt/geoserver/data_dir/styles/icons/fgdc/basalto.svg
Paleozoico superior,Riolitas,PALEO_GRANITO,#FFD700,/opt/geoserver/data_dir/styles/icons/fgdc/granito.svg
Paleozoico superior,"Areniscas, cuarcitas",CENOZOICO_ARENA,#00FF00,/opt/geoserver/data_dir/styles/icons/fgdc/arena.svg
Paleozoico superior,"Pelitas y areniscas, fosilíferas",MESOZOICO_BASALTO,#FF6347,/opt/geoserver/data_dir/styles/icons/fgdc/basalto.svg
Paleozoico superior,"Lutitas, areniscas, conglomerados, tobas",PALEO_GRANITO,#FFD700,/opt/geoserver/data_dir/styles/icons/fgdc/granito.svg
Paleozoico superior,"Granitos, granodioritas, microgranitos",CENOZOICO_ARENA,#00FF00,/opt/geoserver/data_dir/styles/icons/fgdc/arena.svg
Paleozoico superior,"Filitas, esquistos, cuarcitas",MESOZOICO_BASALTO,#FF6347,/opt/geoserver/data_dir/styles/icons/fgdc/basalto.svg
Paleozoico superior,"Conglomerados, areniscas, tobas, andesitas, brechas ignimbríticas",PALEO_GRANITO,#FFD700,/opt/geoserver/data_dir/styles/icons/fgdc/granito.svg
Paleozoico superior,"Areniscas, pelitas, conglomerados, calizas, evaporitas",CENOZOICO_ARENA,#00FF00,/opt/geoserver/data_dir/styles/icons/fgdc/arena.svg
Paleozoico superior,"Esquistos, gneises, milonitas, anfibolitas y mármoles",MESOZOICO_BASALTO,#FF6347,/opt/geoserver/data_dir/styles/icons/fgdc/basalto.svg
Paleozoico superior,"Esquistos, gneises, mármoles, metadiabasas",PALEO_GRANITO,#FFD700,/opt/geoserver/data_dir/styles/icons/fgdc/granito.svg
Paleozoico superior,"Andesitas, basandesitas, aglomerados, areniscas, tobas",CENOZOICO_ARENA,#00FF00,/opt/geoserver/data_dir/styles/icons/fgdc/arena.svg
Paleozoico superior,"Granitos, aplitas, pegmatitas",MESOZOICO_BASALTO,#FF6347,/opt/geoserver/data_dir/styles/icons/fgdc/basalto.svg
Paleozoico superior,"Basaltos y diabasas (estructura almohadillada). Diques y filones diabásicos, gabros y dioritas",PALEO_GRANITO,#FFD700,/opt/geoserver/data_dir/styles/icons/fgdc/granito.svg
Paleozoico superior,"Limos, arcillas, sales",CENOZOICO_ARENA,#00FF00,/opt/geoserver/data_dir/styles/icons/fgdc/arena.svg
Paleozoico superior,"Areniscas finas a gruesas, conglomerados, pelitas, coquinas.",MESOZOICO_BASALTO,#FF6347,/opt/geoserver/data_dir/styles/icons/fgdc/basalto.svg
Paleozoico superior,"Areniscas medias a gruesas, arcilitas, tobas y tufitas",PALEO_GRANITO,#FFD700,/opt/geoserver/data_dir/styles/icons/fgdc/granito.svg
Paleozoico superior,"Areniscas feldespáticas, limolitas, lutitas, arcosas",CENOZOICO_ARENA,#00FF00,/opt/geoserver/data_dir/styles/icons/fgdc/arena.svg
Paleozoico superior,"Granitos, granodiorítas, pórfidos",MESOZOICO_BASALTO,#FF6347,/opt/geoserver/data_dir/styles/icons/fgdc/basalto.svg
Paleozoico superior,"Granodioritas, tonalitas, granitos",PALEO_GRANITO,#FFD700,/opt/geoserver/data_dir/styles/icons/fgdc/granito.svg
Paleozoico superior,"Tobas, chonitas, areniscas finas a medias, arcilitas",CENOZOICO_ARENA,#00FF00,/opt/geoserver/data_dir/styles/icons/fgdc/arena.svg
Paleozoico superior,"Granófiros, pórfiros riolíticos",MESOZOICO_BASALTO,#FF6347,/opt/geoserver/data_dir/styles/icons/fgdc/basalto.svg
Paleozoico superior,"Basaltos olivínicos, basanitas",PALEO_GRANITO,#FFD700,/opt/geoserver/data_dir/styles/icons/fgdc/granito.svg
Paleozoico superior,"Tobas, cineritas, arcilitas, bentonitas",CENOZOICO_ARENA,#00FF00,/opt/geoserver/data_dir/styles/icons/fgdc/arena.svg
Paleozoico superior,"Dacitas, riolitas, andesitas, basaltos, tobas e ignimbritas",MESOZOICO_BASALTO,#FF6347,/opt/geoserver/data_dir/styles/icons/fgdc/basalto.svg
Paleozoico superior,"Tobas, tufitas, conglomerados, calizas y basaltos",PALEO_GRANITO,#FFD700,/opt/geoserver/data_dir/styles/icons/fgdc/granito.svg
Paleozoico superior,"Conglomerados, areniscas, arcilitas y calizas",CENOZOICO_ARENA,#00FF00,/opt/geoserver/data_dir/styles/icons/fgdc/arena.svg
Paleozoico superior,"Riolitas y andesitas, ignimbritas y tobas ácidas",MESOZOICO_BASALTO,#FF6347,/opt/geoserver/data_dir/styles/icons/fgdc/basalto.svg
Paleozoico superior,"Basaltos, andesitas, tobas, ignimbritas y aglomerados volcánicos",PALEO_GRANITO,#FFD700,/opt/geoserver/data_dir/styles/icons/fgdc/granito.svg
Paleozoico superior,"Areniscas, pelitas, coquinas, tufitas, tobas",CENOZOICO_ARENA,#00FF00,/opt/geoserver/data_dir/styles/icons/fgdc/arena.svg
Paleozoico superior,"Basaltos olivínicos, pórfiros basálticos",MESOZOICO_BASALTO,#FF6347,/opt/geoserver/data_dir/styles/icons/fgdc/basalto.svg
Paleozoico superior,"Areniscas, pelitas, conglomerados, tobas.",PALEO_GRANITO,#FFD700,/opt/geoserver/data_dir/styles/icons/fgdc/granito.svg
Paleozoico superior,"Granitos y granodioritas, pórfiros",CENOZOICO_ARENA,#00FF00,/opt/geoserver/data_dir/styles/icons/fgdc/arena.svg
Paleozoico superior,"Riolitas e ignimbritas, dacitas y tobas",MESOZOICO_BASALTO,#FF6347,/opt/geoserver/data_dir/styles/icons/fgdc/basalto.svg
Paleozoico superior,Basaltos y adakitas,PALEO_GRANITO,#FFD700,/opt/geoserver/data_dir/styles/icons/fgdc/granito.svg
Paleozoico superior,Arenas finas a medianas,CENOZOICO_ARENA,#00FF00,/opt/geoserver/data_dir/styles/icons/fgdc/arena.svg
Cretácico,Areniscas,MESOZOICO_BASALTO,#FF6347,/opt/geoserver/data_dir/styles/icons/fgdc/basalto.svg
Cretácico,Diamictitas,PALEO_GRANITO,#FFD700,/opt/geoserver/data_dir/styles/icons/fgdc/granito.svg
Cretácico,"Areniscas, pelitas y conglomerados",CENOZOICO_ARENA,#00FF00,/opt/geoserver/data_dir/styles/icons/fgdc/arena.svg
Cretácico,"Arenas, gravas y limos",MESOZOICO_BASALTO,#FF6347,/opt/geoserver/data_dir/styles/icons/fgdc/basalto.svg
Cretácico,Granitos,PALEO_GRANITO,#FFD700,/opt/geoserver/data_dir/styles/icons/fgdc/granito.svg
Cretácico,"Limos, arenas",CENOZOICO_ARENA,#00FF00,/opt/geoserver/data_dir/styles/icons/fgdc/arena.svg
Cretácico,"Areniscas, conglomerados, pelitas",MESOZOICO_BASALTO,#FF6347,/opt/geoserver/data_dir/styles/icons/fgdc/basalto.svg
Cretácico,"Conglomerados, areniscas conglomerádicas, areniscas, pelitas y limolitas",PALEO_GRANITO,#FFD700,/opt/geoserver/data_dir/styles/icons/fgdc/granito.svg
Cretácico,"Gabros, dioritas, ortoanfibolitas, serpentinitas",CENOZOICO_ARENA,#00FF00,/opt/geoserver/data_dir/styles/icons/fgdc/arena.svg
Cretácico,Fajas miloníticas. Milonitas y protomilonitas,MESOZOICO_BASALTO,#FF6347,/opt/geoserver/data_dir/styles/icons/fgdc/basalto.svg
Cretácico,Loess,PALEO_GRANITO,#FFD700,/opt/geoserver/data_dir/styles/icons/fgdc/granito.svg
Cretácico,Sedimentos salinos,CENOZOICO_ARENA,#00FF00,/opt/geoserver/data_dir/styles/icons/fgdc/arena.svg
Cretácico,Fanglomerados y conglomerados,MESOZOICO_BASALTO,#FF6347,/opt/geoserver/data_dir/styles/icons/fgdc/basalto.svg
Cretácico,Arenas,PALEO_GRANITO,#FFD700,/opt/geoserver/data_dir/styles/icons/fgdc/granito.svg
Cretácico,Gravas y arenas,CENOZOICO_ARENA,#00FF00,/opt/geoserver/data_dir/styles/icons/fgdc/arena.svg
Cretácico,Riodacitas,MESOZOICO_BASALTO,#FF6347,/opt/geoserver/data_dir/styles/icons/fgdc/basalto.svg
Cretácico,"Granodioritas, tonalitas",PALEO_GRANITO,#FFD700,/opt/geoserver/data_dir/styles/icons/fgdc/granito.svg
Cretácico,"Granitoides peraluminosos, sienogranitos y monzogranitos pórfidicos, granodioritas",CENOZOICO_ARENA,#00FF00,/opt/geoserver/data_dir/styles/icons/fgdc/arena.svg
Cretácico,"Areniscas, conglomerados y arcilitas",MESOZOICO_BASALTO,#FF6347,/opt/geoserver/data_dir/styles/icons/fgdc/basalto.svg
Cretácico,Calcretes,PALEO_GRANITO,#FFD700,/opt/geoserver/data_dir/styles/icons/fgdc/granito.svg
Cretácico,Calizas,CENOZOICO_ARENA,#00FF00,/opt/geoserver/data_dir/styles/icons/fgdc/arena.svg
Cretácico,Areniscas y conglomerados,MESOZOICO_BASALTO,#FF6347,/opt/geoserver/data_dir/styles/icons/fgdc/basalto.svg
Cretácico,Arenas y limos,PALEO_GRANITO,#FFD700,/opt/geoserver/data_dir/styles/icons/fgdc/granito.svg
Cretácico,Filitas,CENOZOICO_ARENA,#00FF00,/opt/geoserver/data_dir/styles/icons/fgdc/arena.svg
Cretácico,Basaltos,MESOZOICO_BASALTO,#FF6347,/opt/geoserver/data_dir/styles/icons/fgdc/basalto.svg
Cretácico,Andesitas,PALEO_GRANITO,#FFD700,/opt/geoserver/data_dir/styles/icons/fgdc/granito.svg
Cretácico,Gneises y metatexitas,CENOZOICO_ARENA,#00FF00,/opt/geoserver/data_dir/styles/icons/fgdc/arena.svg
Cretácico,Arcosas y calcretes,MESOZOICO_BASALTO,#FF6347,/opt/geoserver/data_dir/styles/icons/fgdc/basalto.svg
Cretácico,"Monzogranitos, tonalitas",PALEO_GRANITO,#FFD700,/opt/geoserver/data_dir/styles/icons/fgdc/granito.svg
Cretácico,Gabros,CENOZOICO_ARENA,#00FF00,/opt/geoserver/data_dir/styles/icons/fgdc/arena.svg
Cretácico,Milonitas y protomilonitas,MESOZOICO_BASALTO,#FF6347,/opt/geoserver/data_dir/styles/icons/fgdc/basalto.svg
Cretácico,,PALEO_GRANITO,#FFD700,/opt/geoserver/data_dir/styles/icons/fgdc/granito.svg
Cretácico,Monzogranitos,CENOZOICO_ARENA,#00FF00,/opt/geoserver/data_dir/styles/icons/fgdc/arena.svg
Cretácico,"Arenas, limos y arcillas",MESOZOICO_BASALTO,#FF6347,/opt/geoserver/data_dir/styles/icons/fgdc/basalto.svg
Cretácico,Arenas y arcillas con elevado contenido de matería orgánica,PALEO_GRANITO,#FFD700,/opt/geoserver/data_dir/styles/icons/fgdc/granito.svg
Cretácico,Arcillas y limos con elevado contenido de materia orgánica,CENOZOICO_ARENA,#00FF00,/opt/geoserver/data_dir/styles/icons/fgdc/arena.svg
Cretácico,Limos arenosos a arcillosos,MESOZOICO_BASALTO,#FF6347,/opt/geoserver/data_dir/styles/icons/fgdc/basalto.svg
Cretácico,Limos y calcretes,PALEO_GRANITO,#FFD700,/opt/geoserver/data_dir/styles/icons/fgdc/granito.svg
Cretácico,"Limos, arenas y arcillas",CENOZOICO_ARENA,#00FF00,/opt/geoserver/data_dir/styles/icons/fgdc/arena.svg
Cretácico,Milonitas,MESOZOICO_BASALTO,#FF6347,/opt/geoserver/data_dir/styles/icons/fgdc/basalto.svg
Cretácico,Basaltos y andesitas,PALEO_GRANITO,#FFD700,/opt/geoserver/data_dir/styles/icons/fgdc/granito.svg
Cretácico,Limos,CENOZOICO_ARENA,#00FF00,/opt/geoserver/data_dir/styles/icons/fgdc/arena.svg
Cretácico,Limos y arenas,MESOZOICO_BASALTO,#FF6347,/opt/geoserver/data_dir/styles/icons/fgdc/basalto.svg
Cretácico,"Areniscas, cuarcitas, calizas, dolomías, pelitas",PALEO_GRANITO,#FFD700,/opt/geoserver/data_dir/styles/icons/fgdc/granito.svg
Cretácico,"Limos, arcillas, evaporitas",CENOZOICO_ARENA,#00FF00,/opt/geoserver/data_dir/styles/icons/fgdc/arena.svg
Cretácico,"Granitos, granodioritas, esquistos, gneises, migmatitas",MESOZOICO_BASALTO,#FF6347,/opt/geoserver/data_dir/styles/icons/fgdc/basalto.svg
Cretácico,Basaltos a andesitas basálticas,PALEO_GRANITO,#FFD700,/opt/geoserver/data_dir/styles/icons/fgdc/granito.svg
Cretácico,Limos arcillosos,CENOZOICO_ARENA,#00FF00,/opt/geoserver/data_dir/styles/icons/fgdc/arena.svg
Cretácico,"Limos, arenas, gravas",MESOZOICO_BASALTO,#FF6347,/opt/geoserver/data_dir/styles/icons/fgdc/basalto.svg
Cretácico,"Granitos, granodioritas, monzogranitos, tonalitas, leucogranitos",PALEO_GRANITO,#FFD700,/opt/geoserver/data_dir/styles/icons/fgdc/granito.svg
Cretácico,"Areniscas, areniscas conglomerádicas, conglomerados, brechas, fangolitas, limolitas y lutitas rojizas con intercalación de volcanitas alcalinas, areniscas calcáreas, pelitas, grauvacas y calizas con niveles estromatolíticos y oolíticos",CENOZOICO_ARENA,#00FF00,/opt/geoserver/data_dir/styles/icons/fgdc/arena.svg
Cretácico,"Secuencias turbidíticas integradas por areniscas cuarcíferas, areniscas, grauvacas, pelitas, limolitas y lutitas y, subordinadamente, calizas",MESOZOICO_BASALTO,#FF6347,/opt/geoserver/data_dir/styles/icons/fgdc/basalto.svg
Cretácico,"Dacitas, andesitas, basaltos; conos piroclásticos y depósitos de avalancha volcánica",PALEO_GRANITO,#FFD700,/opt/geoserver/data_dir/styles/icons/fgdc/granito.svg
Cretácico,"Conglomerados, areniscas, limolitas, arcillolitas comunmente con niveles salinos y yesíferos",CENOZOICO_ARENA,#00FF00,/opt/geoserver/data_dir/styles/icons/fgdc/arena.svg
Cretácico,"Tobas, ignimbritas dacíticas-riodacíticas, flujos piroclásticos dacíticos a riodacíticos, depósitos de caída",MESOZOICO_BASALTO,#FF6347,/opt/geoserver/data_dir/styles/icons/fgdc/basalto.svg
Cretácico,"Riolitas, dacitas, traquiandesitas, diabasas, andesitas basálticas, lavas basálticas almohadilladas, ignimbritas y tobas",PALEO_GRANITO,#FFD700,/opt/geoserver/data_dir/styles/icons/fgdc/granito.svg
Cretácico,"Cuarcitas, areniscas",CENOZOICO_ARENA,#00FF00,/opt/geoserver/data_dir/styles/icons/fgdc/arena.svg
Cretácico,"Ignimbritas dacíticas, flujos piroclásticos",MESOZOICO_BASALTO,#FF6347,/opt/geoserver/data_dir/styles/icons/fgdc/basalto.svg
Cretácico,"Esquistos cuarzo-feldespáticos-biotíticos-moscovíticos, anfibolitas, gneises, ortogneises, migmatitas, metagranitos",PALEO_GRANITO,#FFD700,/opt/geoserver/data_dir/styles/icons/fgdc/granito.svg
Cretácico,Gneises y esquistos,CENOZOICO_ARENA,#00FF00,/opt/geoserver/data_dir/styles/icons/fgdc/arena.svg
Cretácico,"Areniscas, areniscas conglomerádicas, diamictitas",MESOZOICO_BASALTO,#FF6347,/opt/geoserver/data_dir/styles/icons/fgdc/basalto.svg
Cretácico,"Depósitos detríticos de gravas, arenas, limos",PALEO_GRANITO,#FFD700,/opt/geoserver/data_dir/styles/icons/fgdc/granito.svg
Cretácico,"Conglomerados, areniscas y limoarcilitas",CENOZOICO_ARENA,#00FF00,/opt/geoserver/data_dir/styles/icons/fgdc/arena.svg
Cretácico,"Cuarcitas, pelitas, areniscas, calizas, grauvacas; con intercalaciones de riolitas, dacitas, traquiandesitas, diabasas, andesitas basálticas, lavas basálticas almohadilladas, ignimbritas y tobas",MESOZOICO_BASALTO,#FF6347,/opt/geoserver/data_dir/styles/icons/fgdc/basalto.svg
Cretácico,"Limolitas, diamictitas, grauvacas, lutitas",PALEO_GRANITO,#FFD700,/opt/geoserver/data_dir/styles/icons/fgdc/granito.svg
Cretácico,Adakitas,CENOZOICO_ARENA,#00FF00,/opt/geoserver/data_dir/styles/icons/fgdc/arena.svg
Cretácico,"Esquistos, gneises, pizarras y filitas",MESOZOICO_BASALTO,#FF6347,/opt/geoserver/data_dir/styles/icons/fgdc/basalto.svg
Cretácico,"Gneises, ortogneises, migmatitas, anfibolitas y esquistos",PALEO_GRANITO,#FFD700,/opt/geoserver/data_dir/styles/icons/fgdc/granito.svg
Cretácico,"Areniscas, limolitas y arcilitas",CENOZOICO_ARENA,#00FF00,/opt/geoserver/data_dir/styles/icons/fgdc/arena.svg
Cretácico,"Areniscas, pelitas, filitas y esquistos",MESOZOICO_BASALTO,#FF6347,/opt/geoserver/data_dir/styles/icons/fgdc/basalto.svg
Cretácico,"Areniscas medianas a gruesas, coquinas, pelitas, calizas",PALEO_GRANITO,#FFD700,/opt/geoserver/data_dir/styles/icons/fgdc/granito.svg
Cretácico,"Areniscas finas a medianas, coquinas, pelitas, carbón",CENOZOICO_ARENA,#00FF00,/opt/geoserver/data_dir/styles/icons/fgdc/arena.svg
Cretácico,"Areniscas, conglomerados,pelitas, carbón",MESOZOICO_BASALTO,#FF6347,/opt/geoserver/data_dir/styles/icons/fgdc/basalto.svg
Cretácico,"Andesitas, basaltos, tobas",PALEO_GRANITO,#FFD700,/opt/geoserver/data_dir/styles/icons/fgdc/granito.svg
Cretácico,"Basaltos, basanitas, teschenitas, gabros.",CENOZOICO_ARENA,#00FF00,/opt/geoserver/data_dir/styles/icons/fgdc/arena.svg
Cretácico,"Ignimbritas y tobas ácidas, riolitas, pelitas y tufitas",MESOZOICO_BASALTO,#FF6347,/opt/geoserver/data_dir/styles/icons/fgdc/basalto.svg
Cretácico,Gabros y diques basálticos,PALEO_GRANITO,#FFD700,/opt/geoserver/data_dir/styles/icons/fgdc/granito.svg
Cretácico,"Tobas, tufitas, pelitas, areniscas gruesas a conglomerados",CENOZOICO_ARENA,#00FF00,/opt/geoserver/data_dir/styles/icons/fgdc/arena.svg
Cretácico,"Tobas, cineritas, tufitas, areniscas medias a gruesas, conglomerados",MESOZOICO_BASALTO,#FF6347,/opt/geoserver/data_dir/styles/icons/fgdc/basalto.svg
Cretácico,"Areniscas, arcilitas y limolitas, conglomerados",PALEO_GRANITO,#FFD700,/opt/geoserver/data_dir/styles/icons/fgdc/granito.svg
Cretácico,"Areniscas finas a medias, pelitas, calizas, coquinas",CENOZOICO_ARENA,#00FF00,/opt/geoserver/data_dir/styles/icons/fgdc/arena.svg
Cretácico,"Gneises, anfibolitas y granitos",MESOZOICO_BASALTO,#FF6347,/opt/geoserver/data_dir/styles/icons/fgdc/basalto.svg
Cretácico,"Granitos, granodioritas, dioritas, tonalitas.",PALEO_GRANITO,#FFD700,/opt/geoserver/data_dir/styles/icons/fgdc/granito.svg
Cretácico,"Gravas finas a medianas, arenas gruesas",CENOZOICO_ARENA,#00FF00,/opt/geoserver/data_dir/styles/icons/fgdc/arena.svg
Cretácico,Basaltos olivínicos,MESOZOICO_BASALTO,#FF6347,/opt/geoserver/data_dir/styles/icons/fgdc/basalto.svg
Cretácico,"Esquistos, filitas, ortocuarcitas, migmatitas y granitoides",PALEO_GRANITO,#FFD700,/opt/geoserver/data_dir/styles/icons/fgdc/granito.svg
Cretácico,Arenas medianas a gruesas y gravas finas,CENOZOICO_ARENA,#00FF00,/opt/geoserver/data_dir/styles/icons/fgdc/arena.svg
Cretácico,"Till, gravas, arenas y pelitas",MESOZOICO_BASALTO,#FF6347,/opt/geoserver/data_dir/styles/icons/fgdc/basalto.svg
Cretácico,"Areniscas, conglomerados y pelitas.",PALEO_GRANITO,#FFD700,/opt/geoserver/data_dir/styles/icons/fgdc/granito.svg
Cretácico,Metavolcanitas ácidas a mesosilícicas,CENOZOICO_ARENA,#00FF00,/opt/geoserver/data_dir/styles/icons/fgdc/arena.svg
Cretácico,Arenas y gravas,MESOZOICO_BASALTO,#FF6347,/opt/geoserver/data_dir/styles/icons/fgdc/basalto.svg
Cretácico,Rocas ultramáficas,PALEO_GRANITO,#FFD700,/opt/geoserver/data_dir/styles/icons/fgdc/granito.svg
Cretácico,"Arenas, gravas y pelitas",CENOZOICO_ARENA,#00FF00,/opt/geoserver/data_dir/styles/icons/fgdc/arena.svg
Cretácico,Limos y arcillas,MESOZOICO_BASALTO,#FF6347,/opt/geoserver/data_dir/styles/icons/fgdc/basalto.svg
Cretácico,"Arenas finas a medianas, rodados",PALEO_GRANITO,#FFD700,/opt/geoserver/data_dir/styles/icons/fgdc/granito.svg
Cretácico,Bloques,CENOZOICO_ARENA,#00FF00,/opt/geoserver/data_dir/styles/icons/fgdc/arena.svg
Cretácico,"Ortocuarcitas, cuarcitas y conglomerados, pelitas",MESOZOICO_BASALTO,#FF6347,/opt/geoserver/data_dir/styles/icons/fgdc/basalto.svg
Cretácico,"Basaltos alcalinos, basanitas, nefelinitas",PALEO_GRANITO,#FFD700,/opt/geoserver/data_dir/styles/icons/fgdc/granito.svg
Cretácico,"Riolitas y andesitas, tobas, ignimbritas y tufitas",CENOZOICO_ARENA,#00FF00,/opt/geoserver/data_dir/styles/icons/fgdc/arena.svg
Cretácico,"Tobas, areniscas, pelitas, tufitas, calizas, lavas e ignimbritas riolíticas y andesíticas",MESOZOICO_BASALTO,#FF6347,/opt/geoserver/data_dir/styles/icons/fgdc/basalto.svg
Cretácico,"Gravas medianas a gruesas, arenas gruesas",PALEO_GRANITO,#FFD700,/opt/geoserver/data_dir/styles/icons/fgdc/granito.svg
Cretácico,"Arenas, gravas, limos",CENOZOICO_ARENA,#00FF00,/opt/geoserver/data_dir/styles/icons/fgdc/arena.svg
Cretácico,"Gravas, arenas",MESOZOICO_BASALTO,#FF6347,/opt/geoserver/data_dir/styles/icons/fgdc/basalto.svg
Cretácico,"Conglomerados, areniscas, calizas, pelitas",PALEO_GRANITO,#FFD700,/opt/geoserver/data_dir/styles/icons/fgdc/granito.svg
Cretácico,"Limolitas, areniscas, conglomerados, olistolitos",CENOZOICO_ARENA,#00FF00,/opt/geoserver/data_dir/styles/icons/fgdc/arena.svg
Cretácico,"Granitos, granodioritas, tonalitas y diques riolíticos",MESOZOICO_BASALTO,#FF6347,/opt/geoserver/data_dir/styles/icons/fgdc/basalto.svg
Cretácico,"Areniscas, limolitas y conglomerados",PALEO_GRANITO,#FFD700,/opt/geoserver/data_dir/styles/icons/fgdc/granito.svg
Cretácico,"Areniscas, conglomerados, tufitas y tobas",CENOZOICO_ARENA,#00FF00,/opt/geoserver/data_dir/styles/icons/fgdc/arena.svg
Cretácico,"Limos, arcillas, arenas",MESOZOICO_BASALTO,#FF6347,/opt/geoserver/data_dir/styles/icons/fgdc/basalto.svg
Cretácico,"Andesitas, riolitas, basaltos, tobas, brechas, conglomerados, areniscas",PALEO_GRANITO,#FFD700,/opt/geoserver/data_dir/styles/icons/fgdc/granito.svg
Cretácico,"Tobas, tufitas, ignimbritas, areniscas y conglomerados",CENOZOICO_ARENA,#00FF00,/opt/geoserver/data_dir/styles/icons/fgdc/arena.svg
Cretácico,"Traquitas y tobas traquíticas, brechas y aglomerados.",MESOZOICO_BASALTO,#FF6347,/opt/geoserver/data_dir/styles/icons/fgdc/basalto.svg
Cretácico,"Till, gravas, arenas, arcillas",PALEO_GRANITO,#FFD700,/opt/geoserver/data_dir/styles/icons/fgdc/granito.svg
Cretácico,"Areniscas, pelitas, conglomerados, calizas",CENOZOICO_ARENA,#00FF00,/opt/geoserver/data_dir/styles/icons/fgdc/arena.svg
Cretácico,"Areniscas, pelitas, calizas, evaporitas",MESOZOICO_BASALTO,#FF6347,/opt/geoserver/data_dir/styles/icons/fgdc/basalto.svg
Cretácico,"Riolitas, dacitas, andesitas, ignimbritas, tobas, brechas, conglomerados",PALEO_GRANITO,#FFD700,/opt/geoserver/data_dir/styles/icons/fgdc/granito.svg
Cretácico,"Andesitas, ignimbritas",CENOZOICO_ARENA,#00FF00,/opt/geoserver/data_dir/styles/icons/fgdc/arena.svg
Cretácico,Metamorfitas y plutonitas metamorfizadas,MESOZOICO_BASALTO,#FF6347,/opt/geoserver/data_dir/styles/icons/fgdc/basalto.svg
Cretácico,"Metarenitas, filitas, mármoles, areniscas y pelitas",PALEO_GRANITO,#FFD700,/opt/geoserver/data_dir/styles/icons/fgdc/granito.svg
Cretácico,"Conglomerados, areniscas, pelitas, tufitas, tobas, yeso",CENOZOICO_ARENA,#00FF00,/opt/geoserver/data_dir/styles/icons/fgdc/arena.svg
Cretácico,"Brechas y areniscas volcánicas, tobas, tufitas, andesitas",MESOZOICO_BASALTO,#FF6347,/opt/geoserver/data_dir/styles/icons/fgdc/basalto.svg
Cretácico,"Calizas, margas, dolomias, fangolitas calcáreas",PALEO_GRANITO,#FFD700,/opt/geoserver/data_dir/styles/icons/fgdc/granito.svg
Cretácico,"Granitos, granodioritas",CENOZOICO_ARENA,#00FF00,/opt/geoserver/data_dir/styles/icons/fgdc/arena.svg
Cretácico,"Andesitas, dacitas, ignimbritas, tobas, pórfiros andesíticos y dacíticos",MESOZOICO_BASALTO,#FF6347,/opt/geoserver/data_dir/styles/icons/fgdc/basalto.svg
Cretácico,"Areniscas, arcilitas, calizas silicificadas",PALEO_GRANITO,#FFD700,/opt/geoserver/data_dir/styles/icons/fgdc/granito.svg
Cretácico,Areniscas y lutitas,CENOZOICO_ARENA,#00FF00,/opt/geoserver/data_dir/styles/icons/fgdc/arena.svg
Cretácico,Granitos muscovítico biotítico parcialmente pegmatíticos,MESOZOICO_BASALTO,#FF6347,/opt/geoserver/data_dir/styles/icons/fgdc/basalto.svg
Cretácico,"Limolitas con cemento carbonático, arenas, limos",PALEO_GRANITO,#FFD700,/opt/geoserver/data_dir/styles/icons/fgdc/granito.svg
Cretácico,"Andesitas, ignimbritas, tobas",CENOZOICO_ARENA,#00FF00,/opt/geoserver/data_dir/styles/icons/fgdc/arena.svg
Cretácico,"Basaltos, andesitas, tobas, tufitas",MESOZOICO_BASALTO,#FF6347,/opt/geoserver/data_dir/styles/icons/fgdc/basalto.svg
Cretácico,"Conglomerados, areniscas",PALEO_GRANITO,#FFD700,/opt/geoserver/data_dir/styles/icons/fgdc/granito.svg
Cretácico,"Esquistos, cuarcitas, gneises",CENOZOICO_ARENA,#00FF00,/opt/geoserver/data_dir/styles/icons/fgdc/arena.svg
Cretácico,Mármoles,MESOZOICO_BASALTO,#FF6347,/opt/geoserver/data_dir/styles/icons/fgdc/basalto.svg
Cretácico,"Ignimbritas dacíticas y riolíticas, brechas volcánicas y volcanoclásticas",PALEO_GRANITO,#FFD700,/opt/geoserver/data_dir/styles/icons/fgdc/granito.svg
Cretácico,"Lavas dacíticas, andesíticas y basálticas, brechas autoclásticas de composición andesítica y depósitos de bloques y ceniza (block and ash) asociados a estrato volcanes",CENOZOICO_ARENA,#00FF00,/opt/geoserver/data_dir/styles/icons/fgdc/arena.svg
Cretácico,"Areniscas, conglomerados, limolitas, arcilitas",MESOZOICO_BASALTO,#FF6347,/opt/geoserver/data_dir/styles/icons/fgdc/basalto.svg
Cretácico,"Anfibolitas, esquistos, gneises, calizas y pegmatitas",PALEO_GRANITO,#FFD700,/opt/geoserver/data_dir/styles/icons/fgdc/granito.svg
Cretácico,"Basaltos, andesitas, tobas",CENOZOICO_ARENA,#00FF00,/opt/geoserver/data_dir/styles/icons/fgdc/arena.svg
Cretácico,"Andesitas, riodacítas, piroclastitas, areniscas líticas",MESOZOICO_BASALTO,#FF6347,/opt/geoserver/data_dir/styles/icons/fgdc/basalto.svg
Cretácico,"Depósitos de evaporitas (cloruros, sulfatos y boratos), limos y arcillas, tufitas y travertinos",PALEO_GRANITO,#FFD700,/opt/geoserver/data_dir/styles/icons/fgdc/granito.svg
Cretácico,Cuerpos porfídicos hipabisales de composición diorítica a andesítica y dacítica,CENOZOICO_ARENA,#00FF00,/opt/geoserver/data_dir/styles/icons/fgdc/arena.svg
Cretácico,Margas arenosas y areniscas arcillosas,MESOZOICO_BASALTO,#FF6347,/opt/geoserver/data_dir/styles/icons/fgdc/basalto.svg
Cretácico,Traquiandesitas,PALEO_GRANITO,#FFD700,/opt/geoserver/data_dir/styles/icons/fgdc/granito.svg
Cretácico,"Areniscas, pelitas, conglomerados, calizas, evaporitas, tobas",CENOZOICO_ARENA,#00FF00,/opt/geoserver/data_dir/styles/icons/fgdc/arena.svg
Cretácico,"Limolitas, areniscas, arcilitas, calcretes",MESOZOICO_BASALTO,#FF6347,/opt/geoserver/data_dir/styles/icons/fgdc/basalto.svg
Cretácico,"Pelitas, areniscas, diamictitas, conglomerados",PALEO_GRANITO,#FFD700,/opt/geoserver/data_dir/styles/icons/fgdc/granito.svg
Cretácico,"Basaltos, tobas",CENOZOICO_ARENA,#00FF00,/opt/geoserver/data_dir/styles/icons/fgdc/arena.svg
Cretácico,"Granitos, granodioritas, tonalitas",MESOZOICO_BASALTO,#FF6347,/opt/geoserver/data_dir/styles/icons/fgdc/basalto.svg
Cretácico,"Limos, arcillas y evaporitas",PALEO_GRANITO,#FFD700,/opt/geoserver/data_dir/styles/icons/fgdc/granito.svg
Cretácico,"Granodioritas, dioritas, tonalitas",CENOZOICO_ARENA,#00FF00,/opt/geoserver/data_dir/styles/icons/fgdc/arena.svg
Cretácico,"Trondjhemitas, tonalitas",MESOZOICO_BASALTO,#FF6347,/opt/geoserver/data_dir/styles/icons/fgdc/basalto.svg
Cretácico,"Areniscas finas a gruesas, conglomerados, tobas, pelitas negras",PALEO_GRANITO,#FFD700,/opt/geoserver/data_dir/styles/icons/fgdc/granito.svg
Cretácico,"Areniscas gruesas y conglomerados, tobas y tufitas, coquinas",CENOZOICO_ARENA,#00FF00,/opt/geoserver/data_dir/styles/icons/fgdc/arena.svg
Cretácico,"Riolitas, basaltos y traquitas",MESOZOICO_BASALTO,#FF6347,/opt/geoserver/data_dir/styles/icons/fgdc/basalto.svg
Cretácico,"Lavas, brechas, ignimbritas y tobas de composición riolítica, dacítica y andesítica",PALEO_GRANITO,#FFD700,/opt/geoserver/data_dir/styles/icons/fgdc/granito.svg
Cretácico,"Leucogranitos de dos micas y monzogranitos biotíticos con tendencia porfídica, al que se asocian pórfidos graníticos y diques micrograníticos. También se reconocen lamprófiros, aplitas y diques graníticos. Sienitas y granitos riebeckíticos y diques",CENOZOICO_ARENA,#00FF00,/opt/geoserver/data_dir/styles/icons/fgdc/arena.svg
Cretácico,Granitoides,MESOZOICO_BASALTO,#FF6347,/opt/geoserver/data_dir/styles/icons/fgdc/basalto.svg
Cretácico,"Basaltos, andesitas, dacitas, tobas, brechas, pelitas",PALEO_GRANITO,#FFD700,/opt/geoserver/data_dir/styles/icons/fgdc/granito.svg
Cretácico,"Depósitos residuales limosos, ferricretes",CENOZOICO_ARENA,#00FF00,/opt/geoserver/data_dir/styles/icons/fgdc/arena.svg
Cretácico,"Granitos y granodioritas, tonalitas",MESOZOICO_BASALTO,#FF6347,/opt/geoserver/data_dir/styles/icons/fgdc/basalto.svg
Cretácico,"Ortocuarcitas, areniscas y pelitas",PALEO_GRANITO,#FFD700,/opt/geoserver/data_dir/styles/icons/fgdc/granito.svg
Cretácico,"Areniscas medianas a finas, conglomerados polimícticos, evaporitas, caliza y yeso; sedimentitas clásticas calcáreas con intercalaciones de dacitas y tobas",CENOZOICO_ARENA,#00FF00,/opt/geoserver/data_dir/styles/icons/fgdc/arena.svg
Cretácico,"Conglomerados, areniscas conglomerádicas, areniscas, pelitas y limolitas y calizas",MESOZOICO_BASALTO,#FF6347,/opt/geoserver/data_dir/styles/icons/fgdc/basalto.svg
Cretácico,"Gabros, granitos, granodioritas, dioritas, sienitas, monzonitas, monzodioritas, monzogranitos, tonalitas",PALEO_GRANITO,#FFD700,/opt/geoserver/data_dir/styles/icons/fgdc/granito.svg
Cretácico,"Areniscas, limolitas, duricostras",CENOZOICO_ARENA,#00FF00,/opt/geoserver/data_dir/styles/icons/fgdc/arena.svg
Cretácico,"Diamictitas, areniscas",MESOZOICO_BASALTO,#FF6347,/opt/geoserver/data_dir/styles/icons/fgdc/basalto.svg
Cretácico,Areniscas y limolitas,PALEO_GRANITO,#FFD700,/opt/geoserver/data_dir/styles/icons/fgdc/granito.svg
Cretácico,Riolitas,CENOZOICO_ARENA,#00FF00,/opt/geoserver/data_dir/styles/icons/fgdc/arena.svg
Cretácico,"Areniscas, cuarcitas",MESOZOICO_BASALTO,#FF6347,/opt/geoserver/data_dir/styles/icons/fgdc/basalto.svg
Cretácico,"Pelitas y areniscas, fosilíferas",PALEO_GRANITO,#FFD700,/opt/geoserver/data_dir/styles/icons/fgdc/granito.svg
Cretácico,"Lutitas, areniscas, conglomerados, tobas",CENOZOICO_ARENA,#00FF00,/opt/geoserver/data_dir/styles/icons/fgdc/arena.svg
Cretácico,"Granitos, granodioritas, microgranitos",MESOZOICO_BASALTO,#FF6347,/opt/geoserver/data_dir/styles/icons/fgdc/basalto.svg
Cretácico,"Filitas, esquistos, cuarcitas",PALEO_GRANITO,#FFD700,/opt/geoserver/data_dir/styles/icons/fgdc/granito.svg
Cretácico,"Conglomerados, areniscas, tobas, andesitas, brechas ignimbríticas",CENOZOICO_ARENA,#00FF00,/opt/geoserver/data_dir/styles/icons/fgdc/arena.svg
Cretácico,"Areniscas, pelitas, conglomerados, calizas, evaporitas",MESOZOICO_BASALTO,#FF6347,/opt/geoserver/data_dir/styles/icons/fgdc/basalto.svg
Cretácico,"Esquistos, gneises, milonitas, anfibolitas y mármoles",PALEO_GRANITO,#FFD700,/opt/geoserver/data_dir/styles/icons/fgdc/granito.svg
Cretácico,"Esquistos, gneises, mármoles, metadiabasas",CENOZOICO_ARENA,#00FF00,/opt/geoserver/data_dir/styles/icons/fgdc/arena.svg
Cretácico,"Andesitas, basandesitas, aglomerados, areniscas, tobas",MESOZOICO_BASALTO,#FF6347,/opt/geoserver/data_dir/styles/icons/fgdc/basalto.svg
Cretácico,"Granitos, aplitas, pegmatitas",PALEO_GRANITO,#FFD700,/opt/geoserver/data_dir/styles/icons/fgdc/granito.svg
Cretácico,"Basaltos y diabasas (estructura almohadillada). Diques y filones diabásicos, gabros y dioritas",CENOZOICO_ARENA,#00FF00,/opt/geoserver/data_dir/styles/icons/fgdc/arena.svg
Cretácico,"Limos, arcillas, sales",MESOZOICO_BASALTO,#FF6347,/opt/geoserver/data_dir/styles/icons/fgdc/basalto.svg
Cretácico,"Areniscas finas a gruesas, conglomerados, pelitas, coquinas.",PALEO_GRANITO,#FFD700,/opt/geoserver/data_dir/styles/icons/fgdc/granito.svg
Cretácico,"Areniscas medias a gruesas, arcilitas, tobas y tufitas",CENOZOICO_ARENA,#00FF00,/opt/geoserver/data_dir/styles/icons/fgdc/arena.svg
Cretácico,"Areniscas feldespáticas, limolitas, lutitas, arcosas",MESOZOICO_BASALTO,#FF6347,/opt/geoserver/data_dir/styles/icons/fgdc/basalto.svg
Cretácico,"Granitos, granodiorítas, pórfidos",PALEO_GRANITO,#FFD700,/opt/geoserver/data_dir/styles/icons/fgdc/granito.svg
Cretácico,"Granodioritas, tonalitas, granitos",CENOZOICO_ARENA,#00FF00,/opt/geoserver/data_dir/styles/icons/fgdc/arena.svg
Cretácico,"Tobas, chonitas, areniscas finas a medias, arcilitas",MESOZOICO_BASALTO,#FF6347,/opt/geoserver/data_dir/styles/icons/fgdc/basalto.svg
Cretácico,"Granófiros, pórfiros riolíticos",PALEO_GRANITO,#FFD700,/opt/geoserver/data_dir/styles/icons/fgdc/granito.svg
Cretácico,"Basaltos olivínicos, basanitas",CENOZOICO_ARENA,#00FF00,/opt/geoserver/data_dir/styles/icons/fgdc/arena.svg
Cretácico,"Tobas, cineritas, arcilitas, bentonitas",MESOZOICO_BASALTO,#FF6347,/opt/geoserver/data_dir/styles/icons/fgdc/basalto.svg
Cretácico,"Dacitas, riolitas, andesitas, basaltos, tobas e ignimbritas",PALEO_GRANITO,#FFD700,/opt/geoserver/data_dir/styles/icons/fgdc/granito.svg
Cretácico,"Tobas, tufitas, conglomerados, calizas y basaltos",CENOZOICO_ARENA,#00FF00,/opt/geoserver/data_dir/styles/icons/fgdc/arena.svg
Cretácico,"Conglomerados, areniscas, arcilitas y calizas",MESOZOICO_BASALTO,#FF6347,/opt/geoserver/data_dir/styles/icons/fgdc/basalto.svg
Cretácico,"Riolitas y andesitas, ignimbritas y tobas ácidas",PALEO_GRANITO,#FFD700,/opt/geoserver/data_dir/styles/icons/fgdc/granito.svg
Cretácico,"Basaltos, andesitas, tobas, ignimbritas y aglomerados volcánicos",CENOZOICO_ARENA,#00FF00,/opt/geoserver/data_dir/styles/icons/fgdc/arena.svg
Cretácico,"Areniscas, pelitas, coquinas, tufitas, tobas",MESOZOICO_BASALTO,#FF6347,/opt/geoserver/data_dir/styles/icons/fgdc/basalto.svg
Cretácico,"Basaltos olivínicos, pórfiros basálticos",PALEO_GRANITO,#FFD700,/opt/geoserver/data_dir/styles/icons/fgdc/granito.svg
Cretácico,"Areniscas, pelitas, conglomerados, tobas.",CENOZOICO_ARENA,#00FF00,/opt/geoserver/data_dir/styles/icons/fgdc/arena.svg
Cretácico,"Granitos y granodioritas, pórfiros",MESOZOICO_BASALTO,#FF6347,/opt/geoserver/data_dir/styles/icons/fgdc/basalto.svg
Cretácico,"Riolitas e ignimbritas, dacitas y tobas",PALEO_GRANITO,#FFD700,/opt/geoserver/data_dir/styles/icons/fgdc/granito.svg
Cretácico,Basaltos y adakitas,CENOZOICO_ARENA,#00FF00,/opt/geoserver/data_dir/styles/icons/fgdc/arena.svg
Cretácico,Arenas finas a medianas,MESOZOICO_BASALTO,#FF6347,/opt/geoserver/data_dir/styles/icons/fgdc/basalto.svg
Cámbrico,Areniscas,PALEO_GRANITO,#FFD700,/opt/geoserver/data_dir/styles/icons/fgdc/granito.svg
Cámbrico,Diamictitas,CENOZOICO_ARENA,#00FF00,/opt/geoserver/data_dir/styles/icons/fgdc/arena.svg
Cámbrico,"Areniscas, pelitas y conglomerados",MESOZOICO_BASALTO,#FF6347,/opt/geoserver/data_dir/styles/icons/fgdc/basalto.svg
Cámbrico,"Arenas, gravas y limos",PALEO_GRANITO,#FFD700,/opt/geoserver/data_dir/styles/icons/fgdc/granito.svg
Cámbrico,Granitos,CENOZOICO_ARENA,#00FF00,/opt/geoserver/data_dir/styles/icons/fgdc/arena.svg
Cámbrico,"Limos, arenas",MESOZOICO_BASALTO,#FF6347,/opt/geoserver/data_dir/styles/icons/fgdc/basalto.svg
Cámbrico,"Areniscas, conglomerados, pelitas",PALEO_GRANITO,#FFD700,/opt/geoserver/data_dir/styles/icons/fgdc/granito.svg
Cámbrico,"Conglomerados, areniscas conglomerádicas, areniscas, pelitas y limolitas",CENOZOICO_ARENA,#00FF00,/opt/geoserver/data_dir/styles/icons/fgdc/arena.svg
Cámbrico,"Gabros, dioritas, ortoanfibolitas, serpentinitas",MESOZOICO_BASALTO,#FF6347,/opt/geoserver/data_dir/styles/icons/fgdc/basalto.svg
Cámbrico,Fajas miloníticas. Milonitas y protomilonitas,PALEO_GRANITO,#FFD700,/opt/geoserver/data_dir/styles/icons/fgdc/granito.svg
Cámbrico,Loess,CENOZOICO_ARENA,#00FF00,/opt/geoserver/data_dir/styles/icons/fgdc/arena.svg
Cámbrico,Sedimentos salinos,MESOZOICO_BASALTO,#FF6347,/opt/geoserver/data_dir/styles/icons/fgdc/basalto.svg
Cámbrico,Fanglomerados y conglomerados,PALEO_GRANITO,#FFD700,/opt/geoserver/data_dir/styles/icons/fgdc/granito.svg
Cámbrico,Arenas,CENOZOICO_ARENA,#00FF00,/opt/geoserver/data_dir/styles/icons/fgdc/arena.svg
Cámbrico,Gravas y arenas,MESOZOICO_BASALTO,#FF6347,/opt/geoserver/data_dir/styles/icons/fgdc/basalto.svg
Cámbrico,Riodacitas,PALEO_GRANITO,#FFD700,/opt/geoserver/data_dir/styles/icons/fgdc/granito.svg
Cámbrico,"Granodioritas, tonalitas",CENOZOICO_ARENA,#00FF00,/opt/geoserver/data_dir/styles/icons/fgdc/arena.svg
Cámbrico,"Granitoides peraluminosos, sienogranitos y monzogranitos pórfidicos, granodioritas",MESOZOICO_BASALTO,#FF6347,/opt/geoserver/data_dir/styles/icons/fgdc/basalto.svg
Cámbrico,"Areniscas, conglomerados y arcilitas",PALEO_GRANITO,#FFD700,/opt/geoserver/data_dir/styles/icons/fgdc/granito.svg
Cámbrico,Calcretes,CENOZOICO_ARENA,#00FF00,/opt/geoserver/data_dir/styles/icons/fgdc/arena.svg
Cámbrico,Calizas,MESOZOICO_BASALTO,#FF6347,/opt/geoserver/data_dir/styles/icons/fgdc/basalto.svg
Cámbrico,Areniscas y conglomerados,PALEO_GRANITO,#FFD700,/opt/geoserver/data_dir/styles/icons/fgdc/granito.svg
Cámbrico,Arenas y limos,CENOZOICO_ARENA,#00FF00,/opt/geoserver/data_dir/styles/icons/fgdc/arena.svg
Cámbrico,Filitas,MESOZOICO_BASALTO,#FF6347,/opt/geoserver/data_dir/styles/icons/fgdc/basalto.svg
Cámbrico,Basaltos,PALEO_GRANITO,#FFD700,/opt/geoserver/data_dir/styles/icons/fgdc/granito.svg
Cámbrico,Andesitas,CENOZOICO_ARENA,#00FF00,/opt/geoserver/data_dir/styles/icons/fgdc/arena.svg
Cámbrico,Gneises y metatexitas,MESOZOICO_BASALTO,#FF6347,/opt/geoserver/data_dir/styles/icons/fgdc/basalto.svg
Cámbrico,Arcosas y calcretes,PALEO_GRANITO,#FFD700,/opt/geoserver/data_dir/styles/icons/fgdc/granito.svg
Cámbrico,"Monzogranitos, tonalitas",CENOZOICO_ARENA,#00FF00,/opt/geoserver/data_dir/styles/icons/fgdc/arena.svg
Cámbrico,Gabros,MESOZOICO_BASALTO,#FF6347,/opt/geoserver/data_dir/styles/icons/fgdc/basalto.svg
Cámbrico,Milonitas y protomilonitas,PALEO_GRANITO,#FFD700,/opt/geoserver/data_dir/styles/icons/fgdc/granito.svg
Cámbrico,,CENOZOICO_ARENA,#00FF00,/opt/geoserver/data_dir/styles/icons/fgdc/arena.svg
Cámbrico,Monzogranitos,MESOZOICO_BASALTO,#FF6347,/opt/geoserver/data_dir/styles/icons/fgdc/basalto.svg
Cámbrico,"Arenas, limos y arcillas",PALEO_GRANITO,#FFD700,/opt/geoserver/data_dir/styles/icons/fgdc/granito.svg
Cámbrico,Arenas y arcillas con elevado contenido de matería orgánica,CENOZOICO_ARENA,#00FF00,/opt/geoserver/data_dir/styles/icons/fgdc/arena.svg
Cámbrico,Arcillas y limos con elevado contenido de materia orgánica,MESOZOICO_BASALTO,#FF6347,/opt/geoserver/data_dir/styles/icons/fgdc/basalto.svg
Cámbrico,Limos arenosos a arcillosos,PALEO_GRANITO,#FFD700,/opt/geoserver/data_dir/styles/icons/fgdc/granito.svg
Cámbrico,Limos y calcretes,CENOZOICO_ARENA,#00FF00,/opt/geoserver/data_dir/styles/icons/fgdc/arena.svg
Cámbrico,"Limos, arenas y arcillas",MESOZOICO_BASALTO,#FF6347,/opt/geoserver/data_dir/styles/icons/fgdc/basalto.svg
Cámbrico,Milonitas,PALEO_GRANITO,#FFD700,/opt/geoserver/data_dir/styles/icons/fgdc/granito.svg
Cámbrico,Basaltos y andesitas,CENOZOICO_ARENA,#00FF00,/opt/geoserver/data_dir/styles/icons/fgdc/arena.svg
Cámbrico,Limos,MESOZOICO_BASALTO,#FF6347,/opt/geoserver/data_dir/styles/icons/fgdc/basalto.svg
Cámbrico,Limos y arenas,PALEO_GRANITO,#FFD700,/opt/geoserver/data_dir/styles/icons/fgdc/granito.svg
Cámbrico,"Areniscas, cuarcitas, calizas, dolomías, pelitas",CENOZOICO_ARENA,#00FF00,/opt/geoserver/data_dir/styles/icons/fgdc/arena.svg
Cámbrico,"Limos, arcillas, evaporitas",MESOZOICO_BASALTO,#FF6347,/opt/geoserver/data_dir/styles/icons/fgdc/basalto.svg
Cámbrico,"Granitos, granodioritas, esquistos, gneises, migmatitas",PALEO_GRANITO,#FFD700,/opt/geoserver/data_dir/styles/icons/fgdc/granito.svg
Cámbrico,Basaltos a andesitas basálticas,CENOZOICO_ARENA,#00FF00,/opt/geoserver/data_dir/styles/icons/fgdc/arena.svg
Cámbrico,Limos arcillosos,MESOZOICO_BASALTO,#FF6347,/opt/geoserver/data_dir/styles/icons/fgdc/basalto.svg
Cámbrico,"Limos, arenas, gravas",PALEO_GRANITO,#FFD700,/opt/geoserver/data_dir/styles/icons/fgdc/granito.svg
Cámbrico,"Granitos, granodioritas, monzogranitos, tonalitas, leucogranitos",CENOZOICO_ARENA,#00FF00,/opt/geoserver/data_dir/styles/icons/fgdc/arena.svg
Cámbrico,"Areniscas, areniscas conglomerádicas, conglomerados, brechas, fangolitas, limolitas y lutitas rojizas con intercalación de volcanitas alcalinas, areniscas calcáreas, pelitas, grauvacas y calizas con niveles estromatolíticos y oolíticos",MESOZOICO_BASALTO,#FF6347,/opt/geoserver/data_dir/styles/icons/fgdc/basalto.svg
Cámbrico,"Secuencias turbidíticas integradas por areniscas cuarcíferas, areniscas, grauvacas, pelitas, limolitas y lutitas y, subordinadamente, calizas",PALEO_GRANITO,#FFD700,/opt/geoserver/data_dir/styles/icons/fgdc/granito.svg
Cámbrico,"Dacitas, andesitas, basaltos; conos piroclásticos y depósitos de avalancha volcánica",CENOZOICO_ARENA,#00FF00,/opt/geoserver/data_dir/styles/icons/fgdc/arena.svg
Cámbrico,"Conglomerados, areniscas, limolitas, arcillolitas comunmente con niveles salinos y yesíferos",MESOZOICO_BASALTO,#FF6347,/opt/geoserver/data_dir/styles/icons/fgdc/basalto.svg
Cámbrico,"Tobas, ignimbritas dacíticas-riodacíticas, flujos piroclásticos dacíticos a riodacíticos, depósitos de caída",PALEO_GRANITO,#FFD700,/opt/geoserver/data_dir/styles/icons/fgdc/granito.svg
Cámbrico,"Riolitas, dacitas, traquiandesitas, diabasas, andesitas basálticas, lavas basálticas almohadilladas, ignimbritas y tobas",CENOZOICO_ARENA,#00FF00,/opt/geoserver/data_dir/styles/icons/fgdc/arena.svg
Cámbrico,"Cuarcitas, areniscas",MESOZOICO_BASALTO,#FF6347,/opt/geoserver/data_dir/styles/icons/fgdc/basalto.svg
Cámbrico,"Ignimbritas dacíticas, flujos piroclásticos",PALEO_GRANITO,#FFD700,/opt/geoserver/data_dir/styles/icons/fgdc/granito.svg
Cámbrico,"Esquistos cuarzo-feldespáticos-biotíticos-moscovíticos, anfibolitas, gneises, ortogneises, migmatitas, metagranitos",CENOZOICO_ARENA,#00FF00,/opt/geoserver/data_dir/styles/icons/fgdc/arena.svg
Cámbrico,Gneises y esquistos,MESOZOICO_BASALTO,#FF6347,/opt/geoserver/data_dir/styles/icons/fgdc/basalto.svg
Cámbrico,"Areniscas, areniscas conglomerádicas, diamictitas",PALEO_GRANITO,#FFD700,/opt/geoserver/data_dir/styles/icons/fgdc/granito.svg
Cámbrico,"Depósitos detríticos de gravas, arenas, limos",CENOZOICO_ARENA,#00FF00,/opt/geoserver/data_dir/styles/icons/fgdc/arena.svg
Cámbrico,"Conglomerados, areniscas y limoarcilitas",MESOZOICO_BASALTO,#FF6347,/opt/geoserver/data_dir/styles/icons/fgdc/basalto.svg
Cámbrico,"Cuarcitas, pelitas, areniscas, calizas, grauvacas; con intercalaciones de riolitas, dacitas, traquiandesitas, diabasas, andesitas basálticas, lavas basálticas almohadilladas, ignimbritas y tobas",PALEO_GRANITO,#FFD700,/opt/geoserver/data_dir/styles/icons/fgdc/granito.svg
Cámbrico,"Limolitas, diamictitas, grauvacas, lutitas",CENOZOICO_ARENA,#00FF00,/opt/geoserver/data_dir/styles/icons/fgdc/arena.svg
Cámbrico,Adakitas,MESOZOICO_BASALTO,#FF6347,/opt/geoserver/data_dir/styles/icons/fgdc/basalto.svg
Cámbrico,"Esquistos, gneises, pizarras y filitas",PALEO_GRANITO,#FFD700,/opt/geoserver/data_dir/styles/icons/fgdc/granito.svg
Cámbrico,"Gneises, ortogneises, migmatitas, anfibolitas y esquistos",CENOZOICO_ARENA,#00FF00,/opt/geoserver/data_dir/styles/icons/fgdc/arena.svg
Cámbrico,"Areniscas, limolitas y arcilitas",MESOZOICO_BASALTO,#FF6347,/opt/geoserver/data_dir/styles/icons/fgdc/basalto.svg
Cámbrico,"Areniscas, pelitas, filitas y esquistos",PALEO_GRANITO,#FFD700,/opt/geoserver/data_dir/styles/icons/fgdc/granito.svg
Cámbrico,"Areniscas medianas a gruesas, coquinas, pelitas, calizas",CENOZOICO_ARENA,#00FF00,/opt/geoserver/data_dir/styles/icons/fgdc/arena.svg
Cámbrico,"Areniscas finas a medianas, coquinas, pelitas, carbón",MESOZOICO_BASALTO,#FF6347,/opt/geoserver/data_dir/styles/icons/fgdc/basalto.svg
Cámbrico,"Areniscas, conglomerados,pelitas, carbón",PALEO_GRANITO,#FFD700,/opt/geoserver/data_dir/styles/icons/fgdc/granito.svg
Cámbrico,"Andesitas, basaltos, tobas",CENOZOICO_ARENA,#00FF00,/opt/geoserver/data_dir/styles/icons/fgdc/arena.svg
Cámbrico,"Basaltos, basanitas, teschenitas, gabros.",MESOZOICO_BASALTO,#FF6347,/opt/geoserver/data_dir/styles/icons/fgdc/basalto.svg
Cámbrico,"Ignimbritas y tobas ácidas, riolitas, pelitas y tufitas",PALEO_GRANITO,#FFD700,/opt/geoserver/data_dir/styles/icons/fgdc/granito.svg
Cámbrico,Gabros y diques basálticos,CENOZOICO_ARENA,#00FF00,/opt/geoserver/data_dir/styles/icons/fgdc/arena.svg
Cámbrico,"Tobas, tufitas, pelitas, areniscas gruesas a conglomerados",MESOZOICO_BASALTO,#FF6347,/opt/geoserver/data_dir/styles/icons/fgdc/basalto.svg
Cámbrico,"Tobas, cineritas, tufitas, areniscas medias a gruesas, conglomerados",PALEO_GRANITO,#FFD700,/opt/geoserver/data_dir/styles/icons/fgdc/granito.svg
Cámbrico,"Areniscas, arcilitas y limolitas, conglomerados",CENOZOICO_ARENA,#00FF00,/opt/geoserver/data_dir/styles/icons/fgdc/arena.svg
Cámbrico,"Areniscas finas a medias, pelitas, calizas, coquinas",MESOZOICO_BASALTO,#FF6347,/opt/geoserver/data_dir/styles/icons/fgdc/basalto.svg
Cámbrico,"Gneises, anfibolitas y granitos",PALEO_GRANITO,#FFD700,/opt/geoserver/data_dir/styles/icons/fgdc/granito.svg
Cámbrico,"Granitos, granodioritas, dioritas, tonalitas.",CENOZOICO_ARENA,#00FF00,/opt/geoserver/data_dir/styles/icons/fgdc/arena.svg
Cámbrico,"Gravas finas a medianas, arenas gruesas",MESOZOICO_BASALTO,#FF6347,/opt/geoserver/data_dir/styles/icons/fgdc/basalto.svg
Cámbrico,Basaltos olivínicos,PALEO_GRANITO,#FFD700,/opt/geoserver/data_dir/styles/icons/fgdc/granito.svg
Cámbrico,"Esquistos, filitas, ortocuarcitas, migmatitas y granitoides",CENOZOICO_ARENA,#00FF00,/opt/geoserver/data_dir/styles/icons/fgdc/arena.svg
Cámbrico,Arenas medianas a gruesas y gravas finas,MESOZOICO_BASALTO,#FF6347,/opt/geoserver/data_dir/styles/icons/fgdc/basalto.svg
Cámbrico,"Till, gravas, arenas y pelitas",PALEO_GRANITO,#FFD700,/opt/geoserver/data_dir/styles/icons/fgdc/granito.svg
Cámbrico,"Areniscas, conglomerados y pelitas.",CENOZOICO_ARENA,#00FF00,/opt/geoserver/data_dir/styles/icons/fgdc/arena.svg
Cámbrico,Metavolcanitas ácidas a mesosilícicas,MESOZOICO_BASALTO,#FF6347,/opt/geoserver/data_dir/styles/icons/fgdc/basalto.svg
Cámbrico,Arenas y gravas,PALEO_GRANITO,#FFD700,/opt/geoserver/data_dir/styles/icons/fgdc/granito.svg
Cámbrico,Rocas ultramáficas,CENOZOICO_ARENA,#00FF00,/opt/geoserver/data_dir/styles/icons/fgdc/arena.svg
Cámbrico,"Arenas, gravas y pelitas",MESOZOICO_BASALTO,#FF6347,/opt/geoserver/data_dir/styles/icons/fgdc/basalto.svg
Cámbrico,Limos y arcillas,PALEO_GRANITO,#FFD700,/opt/geoserver/data_dir/styles/icons/fgdc/granito.svg
Cámbrico,"Arenas finas a medianas, rodados",CENOZOICO_ARENA,#00FF00,/opt/geoserver/data_dir/styles/icons/fgdc/arena.svg
Cámbrico,Bloques,MESOZOICO_BASALTO,#FF6347,/opt/geoserver/data_dir/styles/icons/fgdc/basalto.svg
Cámbrico,"Ortocuarcitas, cuarcitas y conglomerados, pelitas",PALEO_GRANITO,#FFD700,/opt/geoserver/data_dir/styles/icons/fgdc/granito.svg
Cámbrico,"Basaltos alcalinos, basanitas, nefelinitas",CENOZOICO_ARENA,#00FF00,/opt/geoserver/data_dir/styles/icons/fgdc/arena.svg
Cámbrico,"Riolitas y andesitas, tobas, ignimbritas y tufitas",MESOZOICO_BASALTO,#FF6347,/opt/geoserver/data_dir/styles/icons/fgdc/basalto.svg
Cámbrico,"Tobas, areniscas, pelitas, tufitas, calizas, lavas e ignimbritas riolíticas y andesíticas",PALEO_GRANITO,#FFD700,/opt/geoserver/data_dir/styles/icons/fgdc/granito.svg
Cámbrico,"Gravas medianas a gruesas, arenas gruesas",CENOZOICO_ARENA,#00FF00,/opt/geoserver/data_dir/styles/icons/fgdc/arena.svg
Cámbrico,"Arenas, gravas, limos",MESOZOICO_BASALTO,#FF6347,/opt/geoserver/data_dir/styles/icons/fgdc/basalto.svg
Cámbrico,"Gravas, arenas",PALEO_GRANITO,#FFD700,/opt/geoserver/data_dir/styles/icons/fgdc/granito.svg
Cámbrico,"Conglomerados, areniscas, calizas, pelitas",CENOZOICO_ARENA,#00FF00,/opt/geoserver/data_dir/styles/icons/fgdc/arena.svg
Cámbrico,"Limolitas, areniscas, conglomerados, olistolitos",MESOZOICO_BASALTO,#FF6347,/opt/geoserver/data_dir/styles/icons/fgdc/basalto.svg
Cámbrico,"Granitos, granodioritas, tonalitas y diques riolíticos",PALEO_GRANITO,#FFD700,/opt/geoserver/data_dir/styles/icons/fgdc/granito.svg
Cámbrico,"Areniscas, limolitas y conglomerados",CENOZOICO_ARENA,#00FF00,/opt/geoserver/data_dir/styles/icons/fgdc/arena.svg
Cámbrico,"Areniscas, conglomerados, tufitas y tobas",MESOZOICO_BASALTO,#FF6347,/opt/geoserver/data_dir/styles/icons/fgdc/basalto.svg
Cámbrico,"Limos, arcillas, arenas",PALEO_GRANITO,#FFD700,/opt/geoserver/data_dir/styles/icons/fgdc/granito.svg
Cámbrico,"Andesitas, riolitas, basaltos, tobas, brechas, conglomerados, areniscas",CENOZOICO_ARENA,#00FF00,/opt/geoserver/data_dir/styles/icons/fgdc/arena.svg
Cámbrico,"Tobas, tufitas, ignimbritas, areniscas y conglomerados",MESOZOICO_BASALTO,#FF6347,/opt/geoserver/data_dir/styles/icons/fgdc/basalto.svg
Cámbrico,"Traquitas y tobas traquíticas, brechas y aglomerados.",PALEO_GRANITO,#FFD700,/opt/geoserver/data_dir/styles/icons/fgdc/granito.svg
Cámbrico,"Till, gravas, arenas, arcillas",CENOZOICO_ARENA,#00FF00,/opt/geoserver/data_dir/styles/icons/fgdc/arena.svg
Cámbrico,"Areniscas, pelitas, conglomerados, calizas",MESOZOICO_BASALTO,#FF6347,/opt/geoserver/data_dir/styles/icons/fgdc/basalto.svg
Cámbrico,"Areniscas, pelitas, calizas, evaporitas",PALEO_GRANITO,#FFD700,/opt/geoserver/data_dir/styles/icons/fgdc/granito.svg
Cámbrico,"Riolitas, dacitas, andesitas, ignimbritas, tobas, brechas, conglomerados",CENOZOICO_ARENA,#00FF00,/opt/geoserver/data_dir/styles/icons/fgdc/arena.svg
Cámbrico,"Andesitas, ignimbritas",MESOZOICO_BASALTO,#FF6347,/opt/geoserver/data_dir/styles/icons/fgdc/basalto.svg
Cámbrico,Metamorfitas y plutonitas metamorfizadas,PALEO_GRANITO,#FFD700,/opt/geoserver/data_dir/styles/icons/fgdc/granito.svg
Cámbrico,"Metarenitas, filitas, mármoles, areniscas y pelitas",CENOZOICO_ARENA,#00FF00,/opt/geoserver/data_dir/styles/icons/fgdc/arena.svg
Cámbrico,"Conglomerados, areniscas, pelitas, tufitas, tobas, yeso",MESOZOICO_BASALTO,#FF6347,/opt/geoserver/data_dir/styles/icons/fgdc/basalto.svg
Cámbrico,"Brechas y areniscas volcánicas, tobas, tufitas, andesitas",PALEO_GRANITO,#FFD700,/opt/geoserver/data_dir/styles/icons/fgdc/granito.svg
Cámbrico,"Calizas, margas, dolomias, fangolitas calcáreas",CENOZOICO_ARENA,#00FF00,/opt/geoserver/data_dir/styles/icons/fgdc/arena.svg
Cámbrico,"Granitos, granodioritas",MESOZOICO_BASALTO,#FF6347,/opt/geoserver/data_dir/styles/icons/fgdc/basalto.svg
Cámbrico,"Andesitas, dacitas, ignimbritas, tobas, pórfiros andesíticos y dacíticos",PALEO_GRANITO,#FFD700,/opt/geoserver/data_dir/styles/icons/fgdc/granito.svg
Cámbrico,"Areniscas, arcilitas, calizas silicificadas",CENOZOICO_ARENA,#00FF00,/opt/geoserver/data_dir/styles/icons/fgdc/arena.svg
Cámbrico,Areniscas y lutitas,MESOZOICO_BASALTO,#FF6347,/opt/geoserver/data_dir/styles/icons/fgdc/basalto.svg
Cámbrico,Granitos muscovítico biotítico parcialmente pegmatíticos,PALEO_GRANITO,#FFD700,/opt/geoserver/data_dir/styles/icons/fgdc/granito.svg
Cámbrico,"Limolitas con cemento carbonático, arenas, limos",CENOZOICO_ARENA,#00FF00,/opt/geoserver/data_dir/styles/icons/fgdc/arena.svg
Cámbrico,"Andesitas, ignimbritas, tobas",MESOZOICO_BASALTO,#FF6347,/opt/geoserver/data_dir/styles/icons/fgdc/basalto.svg
Cámbrico,"Basaltos, andesitas, tobas, tufitas",PALEO_GRANITO,#FFD700,/opt/geoserver/data_dir/styles/icons/fgdc/granito.svg
Cámbrico,"Conglomerados, areniscas",CENOZOICO_ARENA,#00FF00,/opt/geoserver/data_dir/styles/icons/fgdc/arena.svg
Cámbrico,"Esquistos, cuarcitas, gneises",MESOZOICO_BASALTO,#FF6347,/opt/geoserver/data_dir/styles/icons/fgdc/basalto.svg
Cámbrico,Mármoles,PALEO_GRANITO,#FFD700,/opt/geoserver/data_dir/styles/icons/fgdc/granito.svg
Cámbrico,"Ignimbritas dacíticas y riolíticas, brechas volcánicas y volcanoclásticas",CENOZOICO_ARENA,#00FF00,/opt/geoserver/data_dir/styles/icons/fgdc/arena.svg
Cámbrico,"Lavas dacíticas, andesíticas y basálticas, brechas autoclásticas de composición andesítica y depósitos de bloques y ceniza (block and ash) asociados a estrato volcanes",MESOZOICO_BASALTO,#FF6347,/opt/geoserver/data_dir/styles/icons/fgdc/basalto.svg
Cámbrico,"Areniscas, conglomerados, limolitas, arcilitas",PALEO_GRANITO,#FFD700,/opt/geoserver/data_dir/styles/icons/fgdc/granito.svg
Cámbrico,"Anfibolitas, esquistos, gneises, calizas y pegmatitas",CENOZOICO_ARENA,#00FF00,/opt/geoserver/data_dir/styles/icons/fgdc/arena.svg
Cámbrico,"Basaltos, andesitas, tobas",MESOZOICO_BASALTO,#FF6347,/opt/geoserver/data_dir/styles/icons/fgdc/basalto.svg
Cámbrico,"Andesitas, riodacítas, piroclastitas, areniscas líticas",PALEO_GRANITO,#FFD700,/opt/geoserver/data_dir/styles/icons/fgdc/granito.svg
Cámbrico,"Depósitos de evaporitas (cloruros, sulfatos y boratos), limos y arcillas, tufitas y travertinos",CENOZOICO_ARENA,#00FF00,/opt/geoserver/data_dir/styles/icons/fgdc/arena.svg
Cámbrico,Cuerpos porfídicos hipabisales de composición diorítica a andesítica y dacítica,MESOZOICO_BASALTO,#FF6347,/opt/geoserver/data_dir/styles/icons/fgdc/basalto.svg
Cámbrico,Margas arenosas y areniscas arcillosas,PALEO_GRANITO,#FFD700,/opt/geoserver/data_dir/styles/icons/fgdc/granito.svg
Cámbrico,Traquiandesitas,CENOZOICO_ARENA,#00FF00,/opt/geoserver/data_dir/styles/icons/fgdc/arena.svg
Cámbrico,"Areniscas, pelitas, conglomerados, calizas, evaporitas, tobas",MESOZOICO_BASALTO,#FF6347,/opt/geoserver/data_dir/styles/icons/fgdc/basalto.svg
Cámbrico,"Limolitas, areniscas, arcilitas, calcretes",PALEO_GRANITO,#FFD700,/opt/geoserver/data_dir/styles/icons/fgdc/granito.svg
Cámbrico,"Pelitas, areniscas, diamictitas, conglomerados",CENOZOICO_ARENA,#00FF00,/opt/geoserver/data_dir/styles/icons/fgdc/arena.svg
Cámbrico,"Basaltos, tobas",MESOZOICO_BASALTO,#FF6347,/opt/geoserver/data_dir/styles/icons/fgdc/basalto.svg
Cámbrico,"Granitos, granodioritas, tonalitas",PALEO_GRANITO,#FFD700,/opt/geoserver/data_dir/styles/icons/fgdc/granito.svg
Cámbrico,"Limos, arcillas y evaporitas",CENOZOICO_ARENA,#00FF00,/opt/geoserver/data_dir/styles/icons/fgdc/arena.svg
Cámbrico,"Granodioritas, dioritas, tonalitas",MESOZOICO_BASALTO,#FF6347,/opt/geoserver/data_dir/styles/icons/fgdc/basalto.svg
Cámbrico,"Trondjhemitas, tonalitas",PALEO_GRANITO,#FFD700,/opt/geoserver/data_dir/styles/icons/fgdc/granito.svg
Cámbrico,"Areniscas finas a gruesas, conglomerados, tobas, pelitas negras",CENOZOICO_ARENA,#00FF00,/opt/geoserver/data_dir/styles/icons/fgdc/arena.svg
Cámbrico,"Areniscas gruesas y conglomerados, tobas y tufitas, coquinas",MESOZOICO_BASALTO,#FF6347,/opt/geoserver/data_dir/styles/icons/fgdc/basalto.svg
Cámbrico,"Riolitas, basaltos y traquitas",PALEO_GRANITO,#FFD700,/opt/geoserver/data_dir/styles/icons/fgdc/granito.svg
Cámbrico,"Lavas, brechas, ignimbritas y tobas de composición riolítica, dacítica y andesítica",CENOZOICO_ARENA,#00FF00,/opt/geoserver/data_dir/styles/icons/fgdc/arena.svg
Cámbrico,"Leucogranitos de dos micas y monzogranitos biotíticos con tendencia porfídica, al que se asocian pórfidos graníticos y diques micrograníticos. También se reconocen lamprófiros, aplitas y diques graníticos. Sienitas y granitos riebeckíticos y diques",MESOZOICO_BASALTO,#FF6347,/opt/geoserver/data_dir/styles/icons/fgdc/basalto.svg
Cámbrico,Granitoides,PALEO_GRANITO,#FFD700,/opt/geoserver/data_dir/styles/icons/fgdc/granito.svg
Cámbrico,"Basaltos, andesitas, dacitas, tobas, brechas, pelitas",CENOZOICO_ARENA,#00FF00,/opt/geoserver/data_dir/styles/icons/fgdc/arena.svg
Cámbrico,"Depósitos residuales limosos, ferricretes",MESOZOICO_BASALTO,#FF6347,/opt/geoserver/data_dir/styles/icons/fgdc/basalto.svg
Cámbrico,"Granitos y granodioritas, tonalitas",PALEO_GRANITO,#FFD700,/opt/geoserver/data_dir/styles/icons/fgdc/granito.svg
Cámbrico,"Ortocuarcitas, areniscas y pelitas",CENOZOICO_ARENA,#00FF00,/opt/geoserver/data_dir/styles/icons/fgdc/arena.svg
Cámbrico,"Areniscas medianas a finas, conglomerados polimícticos, evaporitas, caliza y yeso; sedimentitas clásticas calcáreas con intercalaciones de dacitas y tobas",MESOZOICO_BASALTO,#FF6347,/opt/geoserver/data_dir/styles/icons/fgdc/basalto.svg
Cámbrico,"Conglomerados, areniscas conglomerádicas, areniscas, pelitas y limolitas y calizas",PALEO_GRANITO,#FFD700,/opt/geoserver/data_dir/styles/icons/fgdc/granito.svg
Cámbrico,"Gabros, granitos, granodioritas, dioritas, sienitas, monzonitas, monzodioritas, monzogranitos, tonalitas",CENOZOICO_ARENA,#00FF00,/opt/geoserver/data_dir/styles/icons/fgdc/arena.svg
Cámbrico,"Areniscas, limolitas, duricostras",MESOZOICO_BASALTO,#FF6347,/opt/geoserver/data_dir/styles/icons/fgdc/basalto.svg
Cámbrico,"Diamictitas, areniscas",PALEO_GRANITO,#FFD700,/opt/geoserver/data_dir/styles/icons/fgdc/granito.svg
Cámbrico,Areniscas y limolitas,CENOZOICO_ARENA,#00FF00,/opt/geoserver/data_dir/styles/icons/fgdc/arena.svg
Cámbrico,Riolitas,MESOZOICO_BASALTO,#FF6347,/opt/geoserver/data_dir/styles/icons/fgdc/basalto.svg
Cámbrico,"Areniscas, cuarcitas",PALEO_GRANITO,#FFD700,/opt/geoserver/data_dir/styles/icons/fgdc/granito.svg
Cámbrico,"Pelitas y areniscas, fosilíferas",CENOZOICO_ARENA,#00FF00,/opt/geoserver/data_dir/styles/icons/fgdc/arena.svg
Cámbrico,"Lutitas, areniscas, conglomerados, tobas",MESOZOICO_BASALTO,#FF6347,/opt/geoserver/data_dir/styles/icons/fgdc/basalto.svg
Cámbrico,"Granitos, granodioritas, microgranitos",PALEO_GRANITO,#FFD700,/opt/geoserver/data_dir/styles/icons/fgdc/granito.svg
Cámbrico,"Filitas, esquistos, cuarcitas",CENOZOICO_ARENA,#00FF00,/opt/geoserver/data_dir/styles/icons/fgdc/arena.svg
Cámbrico,"Conglomerados, areniscas, tobas, andesitas, brechas ignimbríticas",MESOZOICO_BASALTO,#FF6347,/opt/geoserver/data_dir/styles/icons/fgdc/basalto.svg
Cámbrico,"Areniscas, pelitas, conglomerados, calizas, evaporitas",PALEO_GRANITO,#FFD700,/opt/geoserver/data_dir/styles/icons/fgdc/granito.svg
Cámbrico,"Esquistos, gneises, milonitas, anfibolitas y mármoles",CENOZOICO_ARENA,#00FF00,/opt/geoserver/data_dir/styles/icons/fgdc/arena.svg
Cámbrico,"Esquistos, gneises, mármoles, metadiabasas",MESOZOICO_BASALTO,#FF6347,/opt/geoserver/data_dir/styles/icons/fgdc/basalto.svg
Cámbrico,"Andesitas, basandesitas, aglomerados, areniscas, tobas",PALEO_GRANITO,#FFD700,/opt/geoserver/data_dir/styles/icons/fgdc/granito.svg
Cámbrico,"Granitos, aplitas, pegmatitas",CENOZOICO_ARENA,#00FF00,/opt/geoserver/data_dir/styles/icons/fgdc/arena.svg
Cámbrico,"Basaltos y diabasas (estructura almohadillada). Diques y filones diabásicos, gabros y dioritas",MESOZOICO_BASALTO,#FF6347,/opt/geoserver/data_dir/styles/icons/fgdc/basalto.svg
Cámbrico,"Limos, arcillas, sales",PALEO_GRANITO,#FFD700,/opt/geoserver/data_dir/styles/icons/fgdc/granito.svg
Cámbrico,"Areniscas finas a gruesas, conglomerados, pelitas, coquinas.",CENOZOICO_ARENA,#00FF00,/opt/geoserver/data_dir/styles/icons/fgdc/arena.svg
Cámbrico,"Areniscas medias a gruesas, arcilitas, tobas y tufitas",MESOZOICO_BASALTO,#FF6347,/opt/geoserver/data_dir/styles/icons/fgdc/basalto.svg
Cámbrico,"Areniscas feldespáticas, limolitas, lutitas, arcosas",PALEO_GRANITO,#FFD700,/opt/geoserver/data_dir/styles/icons/fgdc/granito.svg
Cámbrico,"Granitos, granodiorítas, pórfidos",CENOZOICO_ARENA,#00FF00,/opt/geoserver/data_dir/styles/icons/fgdc/arena.svg
Cámbrico,"Granodioritas, tonalitas, granitos",MESOZOICO_BASALTO,#FF6347,/opt/geoserver/data_dir/styles/icons/fgdc/basalto.svg
Cámbrico,"Tobas, chonitas, areniscas finas a medias, arcilitas",PALEO_GRANITO,#FFD700,/opt/geoserver/data_dir/styles/icons/fgdc/granito.svg
Cámbrico,"Granófiros, pórfiros riolíticos",CENOZOICO_ARENA,#00FF00,/opt/geoserver/data_dir/styles/icons/fgdc/arena.svg
Cámbrico,"Basaltos olivínicos, basanitas",MESOZOICO_BASALTO,#FF6347,/opt/geoserver/data_dir/styles/icons/fgdc/basalto.svg
Cámbrico,"Tobas, cineritas, arcilitas, bentonitas",PALEO_GRANITO,#FFD700,/opt/geoserver/data_dir/styles/icons/fgdc/granito.svg
Cámbrico,"Dacitas, riolitas, andesitas, basaltos, tobas e ignimbritas",CENOZOICO_ARENA,#00FF00,/opt/geoserver/data_dir/styles/icons/fgdc/arena.svg
Cámbrico,"Tobas, tufitas, conglomerados, calizas y basaltos",MESOZOICO_BASALTO,#FF6347,/opt/geoserver/data_dir/styles/icons/fgdc/basalto.svg
Cámbrico,"Conglomerados, areniscas, arcilitas y calizas",PALEO_GRANITO,#FFD700,/opt/geoserver/data_dir/styles/icons/fgdc/granito.svg
Cámbrico,"Riolitas y andesitas, ignimbritas y tobas ácidas",CENOZOICO_ARENA,#00FF00,/opt/geoserver/data_dir/styles/icons/fgdc/arena.svg
Cámbrico,"Basaltos, andesitas, tobas, ignimbritas y aglomerados volcánicos",MESOZOICO_BASALTO,#FF6347,/opt/geoserver/data_dir/styles/icons/fgdc/basalto.svg
Cámbrico,"Areniscas, pelitas, coquinas, tufitas, tobas",PALEO_GRANITO,#FFD700,/opt/geoserver/data_dir/styles/icons/fgdc/granito.svg
Cámbrico,"Basaltos olivínicos, pórfiros basálticos",CENOZOICO_ARENA,#00FF00,/opt/geoserver/data_dir/styles/icons/fgdc/arena.svg
Cámbrico,"Areniscas, pelitas, conglomerados, tobas.",MESOZOICO_BASALTO,#FF6347,/opt/geoserver/data_dir/styles/icons/fgdc/basalto.svg
Cámbrico,"Granitos y granodioritas, pórfiros",PALEO_GRANITO,#FFD700,/opt/geoserver/data_dir/styles/icons/fgdc/granito.svg
Cámbrico,"Riolitas e ignimbritas, dacitas y tobas",CENOZOICO_ARENA,#00FF00,/opt/geoserver/data_dir/styles/icons/fgdc/arena.svg
Cámbrico,Basaltos y adakitas,MESOZOICO_BASALTO,#FF6347,/opt/geoserver/data_dir/styles/icons/fgdc/basalto.svg
Cámbrico,Arenas finas a medianas,PALEO_GRANITO,#FFD700,/opt/geoserver/data_dir/styles/icons/fgdc/granito.svg
,Areniscas,CENOZOICO_ARENA,#00FF00,/opt/geoserver/data_dir/styles/icons/fgdc/arena.svg
,Diamictitas,MESOZOICO_BASALTO,#FF6347,/opt/geoserver/data_dir/styles/icons/fgdc/basalto.svg
,"Areniscas, pelitas y conglomerados",PALEO_GRANITO,#FFD700,/opt/geoserver/data_dir/styles/icons/fgdc/granito.svg
,"Arenas, gravas y limos",CENOZOICO_ARENA,#00FF00,/opt/geoserver/data_dir/styles/icons/fgdc/arena.svg
,Granitos,MESOZOICO_BASALTO,#FF6347,/opt/geoserver/data_dir/styles/icons/fgdc/basalto.svg
,"Limos, arenas",PALEO_GRANITO,#FFD700,/opt/geoserver/data_dir/styles/icons/fgdc/granito.svg
,"Areniscas, conglomerados, pelitas",CENOZOICO_ARENA,#00FF00,/opt/geoserver/data_dir/styles/icons/fgdc/arena.svg
,"Conglomerados, areniscas conglomerádicas, areniscas, pelitas y limolitas",MESOZOICO_BASALTO,#FF6347,/opt/geoserver/data_dir/styles/icons/fgdc/basalto.svg
,"Gabros, dioritas, ortoanfibolitas, serpentinitas",PALEO_GRANITO,#FFD700,/opt/geoserver/data_dir/styles/icons/fgdc/granito.svg
,Fajas miloníticas. Milonitas y protomilonitas,CENOZOICO_ARENA,#00FF00,/opt/geoserver/data_dir/styles/icons/fgdc/arena.svg
,Loess,MESOZOICO_BASALTO,#FF6347,/opt/geoserver/data_dir/styles/icons/fgdc/basalto.svg
,Sedimentos salinos,PALEO_GRANITO,#FFD700,/opt/geoserver/data_dir/styles/icons/fgdc/granito.svg
,Fanglomerados y conglomerados,CENOZOICO_ARENA,#00FF00,/opt/geoserver/data_dir/styles/icons/fgdc/arena.svg
,Arenas,MESOZOICO_BASALTO,#FF6347,/opt/geoserver/data_dir/styles/icons/fgdc/basalto.svg
,Gravas y arenas,PALEO_GRANITO,#FFD700,/opt/geoserver/data_dir/styles/icons/fgdc/granito.svg
,Riodacitas,CENOZOICO_ARENA,#00FF00,/opt/geoserver/data_dir/styles/icons/fgdc/arena.svg
,"Granodioritas, tonalitas",MESOZOICO_BASALTO,#FF6347,/opt/geoserver/data_dir/styles/icons/fgdc/basalto.svg
,"Granitoides peraluminosos, sienogranitos y monzogranitos pórfidicos, granodioritas",PALEO_GRANITO,#FFD700,/opt/geoserver/data_dir/styles/icons/fgdc/granito.svg
,"Areniscas, conglomerados y arcilitas",CENOZOICO_ARENA,#00FF00,/opt/geoserver/data_dir/styles/icons/fgdc/arena.svg
,Calcretes,MESOZOICO_BASALTO,#FF6347,/opt/geoserver/data_dir/styles/icons/fgdc/basalto.svg
,Calizas,PALEO_GRANITO,#FFD700,/opt/geoserver/data_dir/styles/icons/fgdc/granito.svg
,Areniscas y conglomerados,CENOZOICO_ARENA,#00FF00,/opt/geoserver/data_dir/styles/icons/fgdc/arena.svg
,Arenas y limos,MESOZOICO_BASALTO,#FF6347,/opt/geoserver/data_dir/styles/icons/fgdc/basalto.svg
,Filitas,PALEO_GRANITO,#FFD700,/opt/geoserver/data_dir/styles/icons/fgdc/granito.svg
,Basaltos,CENOZOICO_ARENA,#00FF00,/opt/geoserver/data_dir/styles/icons/fgdc/arena.svg
,Andesitas,MESOZOICO_BASALTO,#FF6347,/opt/geoserver/data_dir/styles/icons/fgdc/basalto.svg
,Gneises y metatexitas,PALEO_GRANITO,#FFD700,/opt/geoserver/data_dir/styles/icons/fgdc/granito.svg
,Arcosas y calcretes,CENOZOICO_ARENA,#00FF00,/opt/geoserver/data_dir/styles/icons/fgdc/arena.svg
,"Monzogranitos, tonalitas",MESOZOICO_BASALTO,#FF6347,/opt/geoserver/data_dir/styles/icons/fgdc/basalto.svg
,Gabros,PALEO_GRANITO,#FFD700,/opt/geoserver/data_dir/styles/icons/fgdc/granito.svg
,Milonitas y protomilonitas,CENOZOICO_ARENA,#00FF00,/opt/geoserver/data_dir/styles/icons/fgdc/arena.svg
,,MESOZOICO_BASALTO,#FF6347,/opt/geoserver/data_dir/styles/icons/fgdc/basalto.svg
,Monzogranitos,PALEO_GRANITO,#FFD700,/opt/geoserver/data_dir/styles/icons/fgdc/granito.svg
,"Arenas, limos y arcillas",CENOZOICO_ARENA,#00FF00,/opt/geoserver/data_dir/styles/icons/fgdc/arena.svg
,Arenas y arcillas con elevado contenido de matería orgánica,MESOZOICO_BASALTO,#FF6347,/opt/geoserver/data_dir/styles/icons/fgdc/basalto.svg
,Arcillas y limos con elevado contenido de materia orgánica,PALEO_GRANITO,#FFD700,/opt/geoserver/data_dir/styles/icons/fgdc/granito.svg
,Limos arenosos a arcillosos,CENOZOICO_ARENA,#00FF00,/opt/geoserver/data_dir/styles/icons/fgdc/arena.svg
,Limos y calcretes,MESOZOICO_BASALTO,#FF6347,/opt/geoserver/data_dir/styles/icons/fgdc/basalto.svg
,"Limos, arenas y arcillas",PALEO_GRANITO,#FFD700,/opt/geoserver/data_dir/styles/icons/fgdc/granito.svg
,Milonitas,CENOZOICO_ARENA,#00FF00,/opt/geoserver/data_dir/styles/icons/fgdc/arena.svg
,Basaltos y andesitas,MESOZOICO_BASALTO,#FF6347,/opt/geoserver/data_dir/styles/icons/fgdc/basalto.svg
,Limos,PALEO_GRANITO,#FFD700,/opt/geoserver/data_dir/styles/icons/fgdc/granito.svg
,Limos y arenas,CENOZOICO_ARENA,#00FF00,/opt/geoserver/data_dir/styles/icons/fgdc/arena.svg
,"Areniscas, cuarcitas, calizas, dolomías, pelitas",MESOZOICO_BASALTO,#FF6347,/opt/geoserver/data_dir/styles/icons/fgdc/basalto.svg
,"Limos, arcillas, evaporitas",PALEO_GRANITO,#FFD700,/opt/geoserver/data_dir/styles/icons/fgdc/granito.svg
,"Granitos, granodioritas, esquistos, gneises, migmatitas",CENOZOICO_ARENA,#00FF00,/opt/geoserver/data_dir/styles/icons/fgdc/arena.svg
,Basaltos a andesitas basálticas,MESOZOICO_BASALTO,#FF6347,/opt/geoserver/data_dir/styles/icons/fgdc/basalto.svg
,Limos arcillosos,PALEO_GRANITO,#FFD700,/opt/geoserver/data_dir/styles/icons/fgdc/granito.svg
,"Limos, arenas, gravas",CENOZOICO_ARENA,#00FF00,/opt/geoserver/data_dir/styles/icons/fgdc/arena.svg
,"Granitos, granodioritas, monzogranitos, tonalitas, leucogranitos",MESOZOICO_BASALTO,#FF6347,/opt/geoserver/data_dir/styles/icons/fgdc/basalto.svg
,"Areniscas, areniscas conglomerádicas, conglomerados, brechas, fangolitas, limolitas y lutitas rojizas con intercalación de volcanitas alcalinas, areniscas calcáreas, pelitas, grauvacas y calizas con niveles estromatolíticos y oolíticos",PALEO_GRANITO,#FFD700,/opt/geoserver/data_dir/styles/icons/fgdc/granito.svg
,"Secuencias turbidíticas integradas por areniscas cuarcíferas, areniscas, grauvacas, pelitas, limolitas y lutitas y, subordinadamente, calizas",CENOZOICO_ARENA,#00FF00,/opt/geoserver/data_dir/styles/icons/fgdc/arena.svg
,"Dacitas, andesitas, basaltos; conos piroclásticos y depósitos de avalancha volcánica",MESOZOICO_BASALTO,#FF6347,/opt/geoserver/data_dir/styles/icons/fgdc/basalto.svg
,"Conglomerados, areniscas, limolitas, arcillolitas comunmente con niveles salinos y yesíferos",PALEO_GRANITO,#FFD700,/opt/geoserver/data_dir/styles/icons/fgdc/granito.svg
,"Tobas, ignimbritas dacíticas-riodacíticas, flujos piroclásticos dacíticos a riodacíticos, depósitos de caída",CENOZOICO_ARENA,#00FF00,/opt/geoserver/data_dir/styles/icons/fgdc/arena.svg
,"Riolitas, dacitas, traquiandesitas, diabasas, andesitas basálticas, lavas basálticas almohadilladas, ignimbritas y tobas",MESOZOICO_BASALTO,#FF6347,/opt/geoserver/data_dir/styles/icons/fgdc/basalto.svg
,"Cuarcitas, areniscas",PALEO_GRANITO,#FFD700,/opt/geoserver/data_dir/styles/icons/fgdc/granito.svg
,"Ignimbritas dacíticas, flujos piroclásticos",CENOZOICO_ARENA,#00FF00,/opt/geoserver/data_dir/styles/icons/fgdc/arena.svg
,"Esquistos cuarzo-feldespáticos-biotíticos-moscovíticos, anfibolitas, gneises, ortogneises, migmatitas, metagranitos",MESOZOICO_BASALTO,#FF6347,/opt/geoserver/data_dir/styles/icons/fgdc/basalto.svg
,Gneises y esquistos,PALEO_GRANITO,#FFD700,/opt/geoserver/data_dir/styles/icons/fgdc/granito.svg
,"Areniscas, areniscas conglomerádicas, diamictitas",CENOZOICO_ARENA,#00FF00,/opt/geoserver/data_dir/styles/icons/fgdc/arena.svg
,"Depósitos detríticos de gravas, arenas, limos",MESOZOICO_BASALTO,#FF6347,/opt/geoserver/data_dir/styles/icons/fgdc/basalto.svg
,"Conglomerados, areniscas y limoarcilitas",PALEO_GRANITO,#FFD700,/opt/geoserver/data_dir/styles/icons/fgdc/granito.svg
,"Cuarcitas, pelitas, areniscas, calizas, grauvacas; con intercalaciones de riolitas, dacitas, traquiandesitas, diabasas, andesitas basálticas, lavas basálticas almohadilladas, ignimbritas y tobas",CENOZOICO_ARENA,#00FF00,/opt/geoserver/data_dir/styles/icons/fgdc/arena.svg
,"Limolitas, diamictitas, grauvacas, lutitas",MESOZOICO_BASALTO,#FF6347,/opt/geoserver/data_dir/styles/icons/fgdc/basalto.svg
,Adakitas,PALEO_GRANITO,#FFD700,/opt/geoserver/data_dir/styles/icons/fgdc/granito.svg
,"Esquistos, gneises, pizarras y filitas",CENOZOICO_ARENA,#00FF00,/opt/geoserver/data_dir/styles/icons/fgdc/arena.svg
,"Gneises, ortogneises, migmatitas, anfibolitas y esquistos",MESOZOICO_BASALTO,#FF6347,/opt/geoserver/data_dir/styles/icons/fgdc/basalto.svg
,"Areniscas, limolitas y arcilitas",PALEO_GRANITO,#FFD700,/opt/geoserver/data_dir/styles/icons/fgdc/granito.svg
,"Areniscas, pelitas, filitas y esquistos",CENOZOICO_ARENA,#00FF00,/opt/geoserver/data_dir/styles/icons/fgdc/arena.svg
,"Areniscas medianas a gruesas, coquinas, pelitas, calizas",MESOZOICO_BASALTO,#FF6347,/opt/geoserver/data_dir/styles/icons/fgdc/basalto.svg
,"Areniscas finas a medianas, coquinas, pelitas, carbón",PALEO_GRANITO,#FFD700,/opt/geoserver/data_dir/styles/icons/fgdc/granito.svg
,"Areniscas, conglomerados,pelitas, carbón",CENOZOICO_ARENA,#00FF00,/opt/geoserver/data_dir/styles/icons/fgdc/arena.svg
,"Andesitas, basaltos, tobas",MESOZOICO_BASALTO,#FF6347,/opt/geoserver/data_dir/styles/icons/fgdc/basalto.svg
,"Basaltos, basanitas, teschenitas, gabros.",PALEO_GRANITO,#FFD700,/opt/geoserver/data_dir/styles/icons/fgdc/granito.svg
,"Ignimbritas y tobas ácidas, riolitas, pelitas y tufitas",CENOZOICO_ARENA,#00FF00,/opt/geoserver/data_dir/styles/icons/fgdc/arena.svg
,Gabros y diques basálticos,MESOZOICO_BASALTO,#FF6347,/opt/geoserver/data_dir/styles/icons/fgdc/basalto.svg
,"Tobas, tufitas, pelitas, areniscas gruesas a conglomerados",PALEO_GRANITO,#FFD700,/opt/geoserver/data_dir/styles/icons/fgdc/granito.svg
,"Tobas, cineritas, tufitas, areniscas medias a gruesas, conglomerados",CENOZOICO_ARENA,#00FF00,/opt/geoserver/data_dir/styles/icons/fgdc/arena.svg
,"Areniscas, arcilitas y limolitas, conglomerados",MESOZOICO_BASALTO,#FF6347,/opt/geoserver/data_dir/styles/icons/fgdc/basalto.svg
,"Areniscas finas a medias, pelitas, calizas, coquinas",PALEO_GRANITO,#FFD700,/opt/geoserver/data_dir/styles/icons/fgdc/granito.svg
,"Gneises, anfibolitas y granitos",CENOZOICO_ARENA,#00FF00,/opt/geoserver/data_dir/styles/icons/fgdc/arena.svg
,"Granitos, granodioritas, dioritas, tonalitas.",MESOZOICO_BASALTO,#FF6347,/opt/geoserver/data_dir/styles/icons/fgdc/basalto.svg
,"Gravas finas a medianas, arenas gruesas",PALEO_GRANITO,#FFD700,/opt/geoserver/data_dir/styles/icons/fgdc/granito.svg
,Basaltos olivínicos,CENOZOICO_ARENA,#00FF00,/opt/geoserver/data_dir/styles/icons/fgdc/arena.svg
,"Esquistos, filitas, ortocuarcitas, migmatitas y granitoides",MESOZOICO_BASALTO,#FF6347,/opt/geoserver/data_dir/styles/icons/fgdc/basalto.svg
,Arenas medianas a gruesas y gravas finas,PALEO_GRANITO,#FFD700,/opt/geoserver/data_dir/styles/icons/fgdc/granito.svg
,"Till, gravas, arenas y pelitas",CENOZOICO_ARENA,#00FF00,/opt/geoserver/data_dir/styles/icons/fgdc/arena.svg
,"Areniscas, conglomerados y pelitas.",MESOZOICO_BASALTO,#FF6347,/opt/geoserver/data_dir/styles/icons/fgdc/basalto.svg
,Metavolcanitas ácidas a mesosilícicas,PALEO_GRANITO,#FFD700,/opt/geoserver/data_dir/styles/icons/fgdc/granito.svg
,Arenas y gravas,CENOZOICO_ARENA,#00FF00,/opt/geoserver/data_dir/styles/icons/fgdc/arena.svg
,Rocas ultramáficas,MESOZOICO_BASALTO,#FF6347,/opt/geoserver/data_dir/styles/icons/fgdc/basalto.svg
,"Arenas, gravas y pelitas",PALEO_GRANITO,#FFD700,/opt/geoserver/data_dir/styles/icons/fgdc/granito.svg
,Limos y arcillas,CENOZOICO_ARENA,#00FF00,/opt/geoserver/data_dir/styles/icons/fgdc/arena.svg
,"Arenas finas a medianas, rodados",MESOZOICO_BASALTO,#FF6347,/opt/geoserver/data_dir/styles/icons/fgdc/basalto.svg
,Bloques,PALEO_GRANITO,#FFD700,/opt/geoserver/data_dir/styles/icons/fgdc/granito.svg
,"Ortocuarcitas, cuarcitas y conglomerados, pelitas",CENOZOICO_ARENA,#00FF00,/opt/geoserver/data_dir/styles/icons/fgdc/arena.svg
,"Basaltos alcalinos, basanitas, nefelinitas",MESOZOICO_BASALTO,#FF6347,/opt/geoserver/data_dir/styles/icons/fgdc/basalto.svg
,"Riolitas y andesitas, tobas, ignimbritas y tufitas",PALEO_GRANITO,#FFD700,/opt/geoserver/data_dir/styles/icons/fgdc/granito.svg
,"Tobas, areniscas, pelitas, tufitas, calizas, lavas e ignimbritas riolíticas y andesíticas",CENOZOICO_ARENA,#00FF00,/opt/geoserver/data_dir/styles/icons/fgdc/arena.svg
,"Gravas medianas a gruesas, arenas gruesas",MESOZOICO_BASALTO,#FF6347,/opt/geoserver/data_dir/styles/icons/fgdc/basalto.svg
,"Arenas, gravas, limos",PALEO_GRANITO,#FFD700,/opt/geoserver/data_dir/styles/icons/fgdc/granito.svg
,"Gravas, arenas",CENOZOICO_ARENA,#00FF00,/opt/geoserver/data_dir/styles/icons/fgdc/arena.svg
,"Conglomerados, areniscas, calizas, pelitas",MESOZOICO_BASALTO,#FF6347,/opt/geoserver/data_dir/styles/icons/fgdc/basalto.svg
,"Limolitas, areniscas, conglomerados, olistolitos",PALEO_GRANITO,#FFD700,/opt/geoserver/data_dir/styles/icons/fgdc/granito.svg
,"Granitos, granodioritas, tonalitas y diques riolíticos",CENOZOICO_ARENA,#00FF00,/opt/geoserver/data_dir/styles/icons/fgdc/arena.svg
,"Areniscas, limolitas y conglomerados",MESOZOICO_BASALTO,#FF6347,/opt/geoserver/data_dir/styles/icons/fgdc/basalto.svg
,"Areniscas, conglomerados, tufitas y tobas",PALEO_GRANITO,#FFD700,/opt/geoserver/data_dir/styles/icons/fgdc/granito.svg
,"Limos, arcillas, arenas",CENOZOICO_ARENA,#00FF00,/opt/geoserver/data_dir/styles/icons/fgdc/arena.svg
,"Andesitas, riolitas, basaltos, tobas, brechas, conglomerados, areniscas",MESOZOICO_BASALTO,#FF6347,/opt/geoserver/data_dir/styles/icons/fgdc/basalto.svg
,"Tobas, tufitas, ignimbritas, areniscas y conglomerados",PALEO_GRANITO,#FFD700,/opt/geoserver/data_dir/styles/icons/fgdc/granito.svg
,"Traquitas y tobas traquíticas, brechas y aglomerados.",CENOZOICO_ARENA,#00FF00,/opt/geoserver/data_dir/styles/icons/fgdc/arena.svg
,"Till, gravas, arenas, arcillas",MESOZOICO_BASALTO,#FF6347,/opt/geoserver/data_dir/styles/icons/fgdc/basalto.svg
,"Areniscas, pelitas, conglomerados, calizas",PALEO_GRANITO,#FFD700,/opt/geoserver/data_dir/styles/icons/fgdc/granito.svg
,"Areniscas, pelitas, calizas, evaporitas",CENOZOICO_ARENA,#00FF00,/opt/geoserver/data_dir/styles/icons/fgdc/arena.svg
,"Riolitas, dacitas, andesitas, ignimbritas, tobas, brechas, conglomerados",MESOZOICO_BASALTO,#FF6347,/opt/geoserver/data_dir/styles/icons/fgdc/basalto.svg
,"Andesitas, ignimbritas",PALEO_GRANITO,#FFD700,/opt/geoserver/data_dir/styles/icons/fgdc/granito.svg
,Metamorfitas y plutonitas metamorfizadas,CENOZOICO_ARENA,#00FF00,/opt/geoserver/data_dir/styles/icons/fgdc/arena.svg
,"Metarenitas, filitas, mármoles, areniscas y pelitas",MESOZOICO_BASALTO,#FF6347,/opt/geoserver/data_dir/styles/icons/fgdc/basalto.svg
,"Conglomerados, areniscas, pelitas, tufitas, tobas, yeso",PALEO_GRANITO,#FFD700,/opt/geoserver/data_dir/styles/icons/fgdc/granito.svg
,"Brechas y areniscas volcánicas, tobas, tufitas, andesitas",CENOZOICO_ARENA,#00FF00,/opt/geoserver/data_dir/styles/icons/fgdc/arena.svg
,"Calizas, margas, dolomias, fangolitas calcáreas",MESOZOICO_BASALTO,#FF6347,/opt/geoserver/data_dir/styles/icons/fgdc/basalto.svg
,"Granitos, granodioritas",PALEO_GRANITO,#FFD700,/opt/geoserver/data_dir/styles/icons/fgdc/granito.svg
,"Andesitas, dacitas, ignimbritas, tobas, pórfiros andesíticos y dacíticos",CENOZOICO_ARENA,#00FF00,/opt/geoserver/data_dir/styles/icons/fgdc/arena.svg
,"Areniscas, arcilitas, calizas silicificadas",MESOZOICO_BASALTO,#FF6347,/opt/geoserver/data_dir/styles/icons/fgdc/basalto.svg
,Areniscas y lutitas,PALEO_GRANITO,#FFD700,/opt/geoserver/data_dir/styles/icons/fgdc/granito.svg
,Granitos muscovítico biotítico parcialmente pegmatíticos,CENOZOICO_ARENA,#00FF00,/opt/geoserver/data_dir/styles/icons/fgdc/arena.svg
,"Limolitas con cemento carbonático, arenas, limos",MESOZOICO_BASALTO,#FF6347,/opt/geoserver/data_dir/styles/icons/fgdc/basalto.svg
,"Andesitas, ignimbritas, tobas",PALEO_GRANITO,#FFD700,/opt/geoserver/data_dir/styles/icons/fgdc/granito.svg
,"Basaltos, andesitas, tobas, tufitas",CENOZOICO_ARENA,#00FF00,/opt/geoserver/data_dir/styles/icons/fgdc/arena.svg
,"Conglomerados, areniscas",MESOZOICO_BASALTO,#FF6347,/opt/geoserver/data_dir/styles/icons/fgdc/basalto.svg
,"Esquistos, cuarcitas, gneises",PALEO_GRANITO,#FFD700,/opt/geoserver/data_dir/styles/icons/fgdc/granito.svg
,Mármoles,CENOZOICO_ARENA,#00FF00,/opt/geoserver/data_dir/styles/icons/fgdc/arena.svg
,"Ignimbritas dacíticas y riolíticas, brechas volcánicas y volcanoclásticas",MESOZOICO_BASALTO,#FF6347,/opt/geoserver/data_dir/styles/icons/fgdc/basalto.svg
,"Lavas dacíticas, andesíticas y basálticas, brechas autoclásticas de composición andesítica y depósitos de bloques y ceniza (block and ash) asociados a estrato volcanes",PALEO_GRANITO,#FFD700,/opt/geoserver/data_dir/styles/icons/fgdc/granito.svg
,"Areniscas, conglomerados, limolitas, arcilitas",CENOZOICO_ARENA,#00FF00,/opt/geoserver/data_dir/styles/icons/fgdc/arena.svg
,"Anfibolitas, esquistos, gneises, calizas y pegmatitas",MESOZOICO_BASALTO,#FF6347,/opt/geoserver/data_dir/styles/icons/fgdc/basalto.svg
,"Basaltos, andesitas, tobas",PALEO_GRANITO,#FFD700,/opt/geoserver/data_dir/styles/icons/fgdc/granito.svg
,"Andesitas, riodacítas, piroclastitas, areniscas líticas",CENOZOICO_ARENA,#00FF00,/opt/geoserver/data_dir/styles/icons/fgdc/arena.svg
,"Depósitos de evaporitas (cloruros, sulfatos y boratos), limos y arcillas, tufitas y travertinos",MESOZOICO_BASALTO,#FF6347,/opt/geoserver/data_dir/styles/icons/fgdc/basalto.svg
,Cuerpos porfídicos hipabisales de composición diorítica a andesítica y dacítica,PALEO_GRANITO,#FFD700,/opt/geoserver/data_dir/styles/icons/fgdc/granito.svg
,Margas arenosas y areniscas arcillosas,CENOZOICO_ARENA,#00FF00,/opt/geoserver/data_dir/styles/icons/fgdc/arena.svg
,Traquiandesitas,MESOZOICO_BASALTO,#FF6347,/opt/geoserver/data_dir/styles/icons/fgdc/basalto.svg
,"Areniscas, pelitas, conglomerados, calizas, evaporitas, tobas",PALEO_GRANITO,#FFD700,/opt/geoserver/data_dir/styles/icons/fgdc/granito.svg
,"Limolitas, areniscas, arcilitas, calcretes",CENOZOICO_ARENA,#00FF00,/opt/geoserver/data_dir/styles/icons/fgdc/arena.svg
,"Pelitas, areniscas, diamictitas, conglomerados",MESOZOICO_BASALTO,#FF6347,/opt/geoserver/data_dir/styles/icons/fgdc/basalto.svg
,"Basaltos, tobas",PALEO_GRANITO,#FFD700,/opt/geoserver/data_dir/styles/icons/fgdc/granito.svg
,"Granitos, granodioritas, tonalitas",CENOZOICO_ARENA,#00FF00,/opt/geoserver/data_dir/styles/icons/fgdc/arena.svg
,"Limos, arcillas y evaporitas",MESOZOICO_BASALTO,#FF6347,/opt/geoserver/data_dir/styles/icons/fgdc/basalto.svg
,"Granodioritas, dioritas, tonalitas",PALEO_GRANITO,#FFD700,/opt/geoserver/data_dir/styles/icons/fgdc/granito.svg
,"Trondjhemitas, tonalitas",CENOZOICO_ARENA,#00FF00,/opt/geoserver/data_dir/styles/icons/fgdc/arena.svg
,"Areniscas finas a gruesas, conglomerados, tobas, pelitas negras",MESOZOICO_BASALTO,#FF6347,/opt/geoserver/data_dir/styles/icons/fgdc/basalto.svg
,"Areniscas gruesas y conglomerados, tobas y tufitas, coquinas",PALEO_GRANITO,#FFD700,/opt/geoserver/data_dir/styles/icons/fgdc/granito.svg
,"Riolitas, basaltos y traquitas",CENOZOICO_ARENA,#00FF00,/opt/geoserver/data_dir/styles/icons/fgdc/arena.svg
,"Lavas, brechas, ignimbritas y tobas de composición riolítica, dacítica y andesítica",MESOZOICO_BASALTO,#FF6347,/opt/geoserver/data_dir/styles/icons/fgdc/basalto.svg
,"Leucogranitos de dos micas y monzogranitos biotíticos con tendencia porfídica, al que se asocian pórfidos graníticos y diques micrograníticos. También se reconocen lamprófiros, aplitas y diques graníticos. Sienitas y granitos riebeckíticos y diques",PALEO_GRANITO,#FFD700,/opt/geoserver/data_dir/styles/icons/fgdc/granito.svg
,Granitoides,CENOZOICO_ARENA,#00FF00,/opt/geoserver/data_dir/styles/icons/fgdc/arena.svg
,"Basaltos, andesitas, dacitas, tobas, brechas, pelitas",MESOZOICO_BASALTO,#FF6347,/opt/geoserver/data_dir/styles/icons/fgdc/basalto.svg
,"Depósitos residuales limosos, ferricretes",PALEO_GRANITO,#FFD700,/opt/geoserver/data_dir/styles/icons/fgdc/granito.svg
,"Granitos y granodioritas, tonalitas",CENOZOICO_ARENA,#00FF00,/opt/geoserver/data_dir/styles/icons/fgdc/arena.svg
,"Ortocuarcitas, areniscas y pelitas",MESOZOICO_BASALTO,#FF6347,/opt/geoserver/data_dir/styles/icons/fgdc/basalto.svg
,"Areniscas medianas a finas, conglomerados polimícticos, evaporitas, caliza y yeso; sedimentitas clásticas calcáreas con intercalaciones de dacitas y tobas",PALEO_GRANITO,#FFD700,/opt/geoserver/data_dir/styles/icons/fgdc/granito.svg
,"Conglomerados, areniscas conglomerádicas, areniscas, pelitas y limolitas y calizas",CENOZOICO_ARENA,#00FF00,/opt/geoserver/data_dir/styles/icons/fgdc/arena.svg
,"Gabros, granitos, granodioritas, dioritas, sienitas, monzonitas, monzodioritas, monzogranitos, tonalitas",MESOZOICO_BASALTO,#FF6347,/opt/geoserver/data_dir/styles/icons/fgdc/basalto.svg
,"Areniscas, limolitas, duricostras",PALEO_GRANITO,#FFD700,/opt/geoserver/data_dir/styles/icons/fgdc/granito.svg
,"Diamictitas, areniscas",CENOZOICO_ARENA,#00FF00,/opt/geoserver/data_dir/styles/icons/fgdc/arena.svg
,Areniscas y limolitas,MESOZOICO_BASALTO,#FF6347,/opt/geoserver/data_dir/styles/icons/fgdc/basalto.svg
,Riolitas,PALEO_GRANITO,#FFD700,/opt/geoserver/data_dir/styles/icons/fgdc/granito.svg
,"Areniscas, cuarcitas",CENOZOICO_ARENA,#00FF00,/opt/geoserver/data_dir/styles/icons/fgdc/arena.svg
,"Pelitas y areniscas, fosilíferas",MESOZOICO_BASALTO,#FF6347,/opt/geoserver/data_dir/styles/icons/fgdc/basalto.svg
,"Lutitas, areniscas, conglomerados, tobas",PALEO_GRANITO,#FFD700,/opt/geoserver/data_dir/styles/icons/fgdc/granito.svg
,"Granitos, granodioritas, microgranitos",CENOZOICO_ARENA,#00FF00,/opt/geoserver/data_dir/styles/icons/fgdc/arena.svg
,"Filitas, esquistos, cuarcitas",MESOZOICO_BASALTO,#FF6347,/opt/geoserver/data_dir/styles/icons/fgdc/basalto.svg
,"Conglomerados, areniscas, tobas, andesitas, brechas ignimbríticas",PALEO_GRANITO,#FFD700,/opt/geoserver/data_dir/styles/icons/fgdc/granito.svg
,"Areniscas, pelitas, conglomerados, calizas, evaporitas",CENOZOICO_ARENA,#00FF00,/opt/geoserver/data_dir/styles/icons/fgdc/arena.svg
,"Esquistos, gneises, milonitas, anfibolitas y mármoles",MESOZOICO_BASALTO,#FF6347,/opt/geoserver/data_dir/styles/icons/fgdc/basalto.svg
,"Esquistos, gneises, mármoles, metadiabasas",PALEO_GRANITO,#FFD700,/opt/geoserver/data_dir/styles/icons/fgdc/granito.svg
,"Andesitas, basandesitas, aglomerados, areniscas, tobas",CENOZOICO_ARENA,#00FF00,/opt/geoserver/data_dir/styles/icons/fgdc/arena.svg
,"Granitos, aplitas, pegmatitas",MESOZOICO_BASALTO,#FF6347,/opt/geoserver/data_dir/styles/icons/fgdc/basalto.svg
,"Basaltos y diabasas (estructura almohadillada). Diques y filones diabásicos, gabros y dioritas",PALEO_GRANITO,#FFD700,/opt/geoserver/data_dir/styles/icons/fgdc/granito.svg
,"Limos, arcillas, sales",CENOZOICO_ARENA,#00FF00,/opt/geoserver/data_dir/styles/icons/fgdc/arena.svg
,"Areniscas finas a gruesas, conglomerados, pelitas, coquinas.",MESOZOICO_BASALTO,#FF6347,/opt/geoserver/data_dir/styles/icons/fgdc/basalto.svg
,"Areniscas medias a gruesas, arcilitas, tobas y tufitas",PALEO_GRANITO,#FFD700,/opt/geoserver/data_dir/styles/icons/fgdc/granito.svg
,"Areniscas feldespáticas, limolitas, lutitas, arcosas",CENOZOICO_ARENA,#00FF00,/opt/geoserver/data_dir/styles/icons/fgdc/arena.svg
,"Granitos, granodiorítas, pórfidos",MESOZOICO_BASALTO,#FF6347,/opt/geoserver/data_dir/styles/icons/fgdc/basalto.svg
,"Granodioritas, tonalitas, granitos",PALEO_GRANITO,#FFD700,/opt/geoserver/data_dir/styles/icons/fgdc/granito.svg
,"Tobas, chonitas, areniscas finas a medias, arcilitas",CENOZOICO_ARENA,#00FF00,/opt/geoserver/data_dir/styles/icons/fgdc/arena.svg
,"Granófiros, pórfiros riolíticos",MESOZOICO_BASALTO,#FF6347,/opt/geoserver/data_dir/styles/icons/fgdc/basalto.svg
,"Basaltos olivínicos, basanitas",PALEO_GRANITO,#FFD700,/opt/geoserver/data_dir/styles/icons/fgdc/granito.svg
,"Tobas, cineritas, arcilitas, bentonitas",CENOZOICO_ARENA,#00FF00,/opt/geoserver/data_dir/styles/icons/fgdc/arena.svg
,"Dacitas, riolitas, andesitas, basaltos, tobas e ignimbritas",MESOZOICO_BASALTO,#FF6347,/opt/geoserver/data_dir/styles/icons/fgdc/basalto.svg
,"Tobas, tufitas, conglomerados, calizas y basaltos",PALEO_GRANITO,#FFD700,/opt/geoserver/data_dir/styles/icons/fgdc/granito.svg
,"Conglomerados, areniscas, arcilitas y calizas",CENOZOICO_ARENA,#00FF00,/opt/geoserver/data_dir/styles/icons/fgdc/arena.svg
,"Riolitas y andesitas, ignimbritas y tobas ácidas",MESOZOICO_BASALTO,#FF6347,/opt/geoserver/data_dir/styles/icons/fgdc/basalto.svg
,"Basaltos, andesitas, tobas, ignimbritas y aglomerados volcánicos",PALEO_GRANITO,#FFD700,/opt/geoserver/data_dir/styles/icons/fgdc/granito.svg
,"Areniscas, pelitas, coquinas, tufitas, tobas",CENOZOICO_ARENA,#00FF00,/opt/geoserver/data_dir/styles/icons/fgdc/arena.svg
,"Basaltos olivínicos, pórfiros basálticos",MESOZOICO_BASALTO,#FF6347,/opt/geoserver/data_dir/styles/icons/fgdc/basalto.svg
,"Areniscas, pelitas, conglomerados, tobas.",PALEO_GRANITO,#FFD700,/opt/geoserver/data_dir/styles/icons/fgdc/granito.svg
,"Granitos y granodioritas, pórfiros",CENOZOICO_ARENA,#00FF00,/opt/geoserver/data_dir/styles/icons/fgdc/arena.svg
,"Riolitas e ignimbritas, dacitas y tobas",MESOZOICO_BASALTO,#FF6347,/opt/geoserver/data_dir/styles/icons/fgdc/basalto.svg
,Basaltos y adakitas,PALEO_GRANITO,#FFD700,/opt/geoserver/data_dir/styles/icons/fgdc/granito.svg
,Arenas finas a medianas,CENOZOICO_ARENA,#00FF00,/opt/geoserver/data_dir/styles/icons/fgdc/arena.svg
Proterozoico medio,Areniscas,MESOZOICO_BASALTO,#FF6347,/opt/geoserver/data_dir/styles/icons/fgdc/basalto.svg
Proterozoico medio,Diamictitas,PALEO_GRANITO,#FFD700,/opt/geoserver/data_dir/styles/icons/fgdc/granito.svg
Proterozoico medio,"Areniscas, pelitas y conglomerados",CENOZOICO_ARENA,#00FF00,/opt/geoserver/data_dir/styles/icons/fgdc/arena.svg
Proterozoico medio,"Arenas, gravas y limos",MESOZOICO_BASALTO,#FF6347,/opt/geoserver/data_dir/styles/icons/fgdc/basalto.svg
Proterozoico medio,Granitos,PALEO_GRANITO,#FFD700,/opt/geoserver/data_dir/styles/icons/fgdc/granito.svg
Proterozoico medio,"Limos, arenas",CENOZOICO_ARENA,#00FF00,/opt/geoserver/data_dir/styles/icons/fgdc/arena.svg
Proterozoico medio,"Areniscas, conglomerados, pelitas",MESOZOICO_BASALTO,#FF6347,/opt/geoserver/data_dir/styles/icons/fgdc/basalto.svg
Proterozoico medio,"Conglomerados, areniscas conglomerádicas, areniscas, pelitas y limolitas",PALEO_GRANITO,#FFD700,/opt/geoserver/data_dir/styles/icons/fgdc/granito.svg
Proterozoico medio,"Gabros, dioritas, ortoanfibolitas, serpentinitas",CENOZOICO_ARENA,#00FF00,/opt/geoserver/data_dir/styles/icons/fgdc/arena.svg
Proterozoico medio,Fajas miloníticas. Milonitas y protomilonitas,MESOZOICO_BASALTO,#FF6347,/opt/geoserver/data_dir/styles/icons/fgdc/basalto.svg
Proterozoico medio,Loess,PALEO_GRANITO,#FFD700,/opt/geoserver/data_dir/styles/icons/fgdc/granito.svg
Proterozoico medio,Sedimentos salinos,CENOZOICO_ARENA,#00FF00,/opt/geoserver/data_dir/styles/icons/fgdc/arena.svg
Proterozoico medio,Fanglomerados y conglomerados,MESOZOICO_BASALTO,#FF6347,/opt/geoserver/data_dir/styles/icons/fgdc/basalto.svg
Proterozoico medio,Arenas,PALEO_GRANITO,#FFD700,/opt/geoserver/data_dir/styles/icons/fgdc/granito.svg
Proterozoico medio,Gravas y arenas,CENOZOICO_ARENA,#00FF00,/opt/geoserver/data_dir/styles/icons/fgdc/arena.svg
Proterozoico medio,Riodacitas,MESOZOICO_BASALTO,#FF6347,/opt/geoserver/data_dir/styles/icons/fgdc/basalto.svg
Proterozoico medio,"Granodioritas, tonalitas",PALEO_GRANITO,#FFD700,/opt/geoserver/data_dir/styles/icons/fgdc/granito.svg
Proterozoico medio,"Granitoides peraluminosos, sienogranitos y monzogranitos pórfidicos, granodioritas",CENOZOICO_ARENA,#00FF00,/opt/geoserver/data_dir/styles/icons/fgdc/arena.svg
Proterozoico medio,"Areniscas, conglomerados y arcilitas",MESOZOICO_BASALTO,#FF6347,/opt/geoserver/data_dir/styles/icons/fgdc/basalto.svg
Proterozoico medio,Calcretes,PALEO_GRANITO,#FFD700,/opt/geoserver/data_dir/styles/icons/fgdc/granito.svg
Proterozoico medio,Calizas,CENOZOICO_ARENA,#00FF00,/opt/geoserver/data_dir/styles/icons/fgdc/arena.svg
Proterozoico medio,Areniscas y conglomerados,MESOZOICO_BASALTO,#FF6347,/opt/geoserver/data_dir/styles/icons/fgdc/basalto.svg
Proterozoico medio,Arenas y limos,PALEO_GRANITO,#FFD700,/opt/geoserver/data_dir/styles/icons/fgdc/granito.svg
Proterozoico medio,Filitas,CENOZOICO_ARENA,#00FF00,/opt/geoserver/data_dir/styles/icons/fgdc/arena.svg
Proterozoico medio,Basaltos,MESOZOICO_BASALTO,#FF6347,/opt/geoserver/data_dir/styles/icons/fgdc/basalto.svg
Proterozoico medio,Andesitas,PALEO_GRANITO,#FFD700,/opt/geoserver/data_dir/styles/icons/fgdc/granito.svg
Proterozoico medio,Gneises y metatexitas,CENOZOICO_ARENA,#00FF00,/opt/geoserver/data_dir/styles/icons/fgdc/arena.svg
Proterozoico medio,Arcosas y calcretes,MESOZOICO_BASALTO,#FF6347,/opt/geoserver/data_dir/styles/icons/fgdc/basalto.svg
Proterozoico medio,"Monzogranitos, tonalitas",PALEO_GRANITO,#FFD700,/opt/geoserver/data_dir/styles/icons/fgdc/granito.svg
Proterozoico medio,Gabros,CENOZOICO_ARENA,#00FF00,/opt/geoserver/data_dir/styles/icons/fgdc/arena.svg
Proterozoico medio,Milonitas y protomilonitas,MESOZOICO_BASALTO,#FF6347,/opt/geoserver/data_dir/styles/icons/fgdc/basalto.svg
Proterozoico medio,,PALEO_GRANITO,#FFD700,/opt/geoserver/data_dir/styles/icons/fgdc/granito.svg
Proterozoico medio,Monzogranitos,CENOZOICO_ARENA,#00FF00,/opt/geoserver/data_dir/styles/icons/fgdc/arena.svg
Proterozoico medio,"Arenas, limos y arcillas",MESOZOICO_BASALTO,#FF6347,/opt/geoserver/data_dir/styles/icons/fgdc/basalto.svg
Proterozoico medio,Arenas y arcillas con elevado contenido de matería orgánica,PALEO_GRANITO,#FFD700,/opt/geoserver/data_dir/styles/icons/fgdc/granito.svg
Proterozoico medio,Arcillas y limos con elevado contenido de materia orgánica,CENOZOICO_ARENA,#00FF00,/opt/geoserver/data_dir/styles/icons/fgdc/arena.svg
Proterozoico medio,Limos arenosos a arcillosos,MESOZOICO_BASALTO,#FF6347,/opt/geoserver/data_dir/styles/icons/fgdc/basalto.svg
Proterozoico medio,Limos y calcretes,PALEO_GRANITO,#FFD700,/opt/geoserver/data_dir/styles/icons/fgdc/granito.svg
Proterozoico medio,"Limos, arenas y arcillas",CENOZOICO_ARENA,#00FF00,/opt/geoserver/data_dir/styles/icons/fgdc/arena.svg
Proterozoico medio,Milonitas,MESOZOICO_BASALTO,#FF6347,/opt/geoserver/data_dir/styles/icons/fgdc/basalto.svg
Proterozoico medio,Basaltos y andesitas,PALEO_GRANITO,#FFD700,/opt/geoserver/data_dir/styles/icons/fgdc/granito.svg
Proterozoico medio,Limos,CENOZOICO_ARENA,#00FF00,/opt/geoserver/data_dir/styles/icons/fgdc/arena.svg
Proterozoico medio,Limos y arenas,MESOZOICO_BASALTO,#FF6347,/opt/geoserver/data_dir/styles/icons/fgdc/basalto.svg
Proterozoico medio,"Areniscas, cuarcitas, calizas, dolomías, pelitas",PALEO_GRANITO,#FFD700,/opt/geoserver/data_dir/styles/icons/fgdc/granito.svg
Proterozoico medio,"Limos, arcillas, evaporitas",CENOZOICO_ARENA,#00FF00,/opt/geoserver/data_dir/styles/icons/fgdc/arena.svg
Proterozoico medio,"Granitos, granodioritas, esquistos, gneises, migmatitas",MESOZOICO_BASALTO,#FF6347,/opt/geoserver/data_dir/styles/icons/fgdc/basalto.svg
Proterozoico medio,Basaltos a andesitas basálticas,PALEO_GRANITO,#FFD700,/opt/geoserver/data_dir/styles/icons/fgdc/granito.svg
Proterozoico medio,Limos arcillosos,CENOZOICO_ARENA,#00FF00,/opt/geoserver/data_dir/styles/icons/fgdc/arena.svg
Proterozoico medio,"Limos, arenas, gravas",MESOZOICO_BASALTO,#FF6347,/opt/geoserver/data_dir/styles/icons/fgdc/basalto.svg
Proterozoico medio,"Granitos, granodioritas, monzogranitos, tonalitas, leucogranitos",PALEO_GRANITO,#FFD700,/opt/geoserver/data_dir/styles/icons/fgdc/granito.svg
Proterozoico medio,"Areniscas, areniscas conglomerádicas, conglomerados, brechas, fangolitas, limolitas y lutitas rojizas con intercalación de volcanitas alcalinas, areniscas calcáreas, pelitas, grauvacas y calizas con niveles estromatolíticos y oolíticos",CENOZOICO_ARENA,#00FF00,/opt/geoserver/data_dir/styles/icons/fgdc/arena.svg
Proterozoico medio,"Secuencias turbidíticas integradas por areniscas cuarcíferas, areniscas, grauvacas, pelitas, limolitas y lutitas y, subordinadamente, calizas",MESOZOICO_BASALTO,#FF6347,/opt/geoserver/data_dir/styles/icons/fgdc/basalto.svg
Proterozoico medio,"Dacitas, andesitas, basaltos; conos piroclásticos y depósitos de avalancha volcánica",PALEO_GRANITO,#FFD700,/opt/geoserver/data_dir/styles/icons/fgdc/granito.svg
Proterozoico medio,"Conglomerados, areniscas, limolitas, arcillolitas comunmente con niveles salinos y yesíferos",CENOZOICO_ARENA,#00FF00,/opt/geoserver/data_dir/styles/icons/fgdc/arena.svg
Proterozoico medio,"Tobas, ignimbritas dacíticas-riodacíticas, flujos piroclásticos dacíticos a riodacíticos, depósitos de caída",MESOZOICO_BASALTO,#FF6347,/opt/geoserver/data_dir/styles/icons/fgdc/basalto.svg
Proterozoico medio,"Riolitas, dacitas, traquiandesitas, diabasas, andesitas basálticas, lavas basálticas almohadilladas, ignimbritas y tobas",PALEO_GRANITO,#FFD700,/opt/geoserver/data_dir/styles/icons/fgdc/granito.svg
Proterozoico medio,"Cuarcitas, areniscas",CENOZOICO_ARENA,#00FF00,/opt/geoserver/data_dir/styles/icons/fgdc/arena.svg
Proterozoico medio,"Ignimbritas dacíticas, flujos piroclásticos",MESOZOICO_BASALTO,#FF6347,/opt/geoserver/data_dir/styles/icons/fgdc/basalto.svg
Proterozoico medio,"Esquistos cuarzo-feldespáticos-biotíticos-moscovíticos, anfibolitas, gneises, ortogneises, migmatitas, metagranitos",PALEO_GRANITO,#FFD700,/opt/geoserver/data_dir/styles/icons/fgdc/granito.svg
Proterozoico medio,Gneises y esquistos,CENOZOICO_ARENA,#00FF00,/opt/geoserver/data_dir/styles/icons/fgdc/arena.svg
Proterozoico medio,"Areniscas, areniscas conglomerádicas, diamictitas",MESOZOICO_BASALTO,#FF6347,/opt/geoserver/data_dir/styles/icons/fgdc/basalto.svg
Proterozoico medio,"Depósitos detríticos de gravas, arenas, limos",PALEO_GRANITO,#FFD700,/opt/geoserver/data_dir/styles/icons/fgdc/granito.svg
Proterozoico medio,"Conglomerados, areniscas y limoarcilitas",CENOZOICO_ARENA,#00FF00,/opt/geoserver/data_dir/styles/icons/fgdc/arena.svg
Proterozoico medio,"Cuarcitas, pelitas, areniscas, calizas, grauvacas; con intercalaciones de riolitas, dacitas, traquiandesitas, diabasas, andesitas basálticas, lavas basálticas almohadilladas, ignimbritas y tobas",MESOZOICO_BASALTO,#FF6347,/opt/geoserver/data_dir/styles/icons/fgdc/basalto.svg
Proterozoico medio,"Limolitas, diamictitas, grauvacas, lutitas",PALEO_GRANITO,#FFD700,/opt/geoserver/data_dir/styles/icons/fgdc/granito.svg
Proterozoico medio,Adakitas,CENOZOICO_ARENA,#00FF00,/opt/geoserver/data_dir/styles/icons/fgdc/arena.svg
Proterozoico medio,"Esquistos, gneises, pizarras y filitas",MESOZOICO_BASALTO,#FF6347,/opt/geoserver/data_dir/styles/icons/fgdc/basalto.svg
Proterozoico medio,"Gneises, ortogneises, migmatitas, anfibolitas y esquistos",PALEO_GRANITO,#FFD700,/opt/geoserver/data_dir/styles/icons/fgdc/granito.svg
Proterozoico medio,"Areniscas, limolitas y arcilitas",CENOZOICO_ARENA,#00FF00,/opt/geoserver/data_dir/styles/icons/fgdc/arena.svg
Proterozoico medio,"Areniscas, pelitas, filitas y esquistos",MESOZOICO_BASALTO,#FF6347,/opt/geoserver/data_dir/styles/icons/fgdc/basalto.svg
Proterozoico medio,"Areniscas medianas a gruesas, coquinas, pelitas, calizas",PALEO_GRANITO,#FFD700,/opt/geoserver/data_dir/styles/icons/fgdc/granito.svg
Proterozoico medio,"Areniscas finas a medianas, coquinas, pelitas, carbón",CENOZOICO_ARENA,#00FF00,/opt/geoserver/data_dir/styles/icons/fgdc/arena.svg
Proterozoico medio,"Areniscas, conglomerados,pelitas, carbón",MESOZOICO_BASALTO,#FF6347,/opt/geoserver/data_dir/styles/icons/fgdc/basalto.svg
Proterozoico medio,"Andesitas, basaltos, tobas",PALEO_GRANITO,#FFD700,/opt/geoserver/data_dir/styles/icons/fgdc/granito.svg
Proterozoico medio,"Basaltos, basanitas, teschenitas, gabros.",CENOZOICO_ARENA,#00FF00,/opt/geoserver/data_dir/styles/icons/fgdc/arena.svg
Proterozoico medio,"Ignimbritas y tobas ácidas, riolitas, pelitas y tufitas",MESOZOICO_BASALTO,#FF6347,/opt/geoserver/data_dir/styles/icons/fgdc/basalto.svg
Proterozoico medio,Gabros y diques basálticos,PALEO_GRANITO,#FFD700,/opt/geoserver/data_dir/styles/icons/fgdc/granito.svg
Proterozoico medio,"Tobas, tufitas, pelitas, areniscas gruesas a conglomerados",CENOZOICO_ARENA,#00FF00,/opt/geoserver/data_dir/styles/icons/fgdc/arena.svg
Proterozoico medio,"Tobas, cineritas, tufitas, areniscas medias a gruesas, conglomerados",MESOZOICO_BASALTO,#FF6347,/opt/geoserver/data_dir/styles/icons/fgdc/basalto.svg
Proterozoico medio,"Areniscas, arcilitas y limolitas, conglomerados",PALEO_GRANITO,#FFD700,/opt/geoserver/data_dir/styles/icons/fgdc/granito.svg
Proterozoico medio,"Areniscas finas a medias, pelitas, calizas, coquinas",CENOZOICO_ARENA,#00FF00,/opt/geoserver/data_dir/styles/icons/fgdc/arena.svg
Proterozoico medio,"Gneises, anfibolitas y granitos",MESOZOICO_BASALTO,#FF6347,/opt/geoserver/data_dir/styles/icons/fgdc/basalto.svg
Proterozoico medio,"Granitos, granodioritas, dioritas, tonalitas.",PALEO_GRANITO,#FFD700,/opt/geoserver/data_dir/styles/icons/fgdc/granito.svg
Proterozoico medio,"Gravas finas a medianas, arenas gruesas",CENOZOICO_ARENA,#00FF00,/opt/geoserver/data_dir/styles/icons/fgdc/arena.svg
Proterozoico medio,Basaltos olivínicos,MESOZOICO_BASALTO,#FF6347,/opt/geoserver/data_dir/styles/icons/fgdc/basalto.svg
Proterozoico medio,"Esquistos, filitas, ortocuarcitas, migmatitas y granitoides",PALEO_GRANITO,#FFD700,/opt/geoserver/data_dir/styles/icons/fgdc/granito.svg
Proterozoico medio,Arenas medianas a gruesas y gravas finas,CENOZOICO_ARENA,#00FF00,/opt/geoserver/data_dir/styles/icons/fgdc/arena.svg
Proterozoico medio,"Till, gravas, arenas y pelitas",MESOZOICO_BASALTO,#FF6347,/opt/geoserver/data_dir/styles/icons/fgdc/basalto.svg
Proterozoico medio,"Areniscas, conglomerados y pelitas.",PALEO_GRANITO,#FFD700,/opt/geoserver/data_dir/styles/icons/fgdc/granito.svg
Proterozoico medio,Metavolcanitas ácidas a mesosilícicas,CENOZOICO_ARENA,#00FF00,/opt/geoserver/data_dir/styles/icons/fgdc/arena.svg
Proterozoico medio,Arenas y gravas,MESOZOICO_BASALTO,#FF6347,/opt/geoserver/data_dir/styles/icons/fgdc/basalto.svg
Proterozoico medio,Rocas ultramáficas,PALEO_GRANITO,#FFD700,/opt/geoserver/data_dir/styles/icons/fgdc/granito.svg
Proterozoico medio,"Arenas, gravas y pelitas",CENOZOICO_ARENA,#00FF00,/opt/geoserver/data_dir/styles/icons/fgdc/arena.svg
Proterozoico medio,Limos y arcillas,MESOZOICO_BASALTO,#FF6347,/opt/geoserver/data_dir/styles/icons/fgdc/basalto.svg
Proterozoico medio,"Arenas finas a medianas, rodados",PALEO_GRANITO,#FFD700,/opt/geoserver/data_dir/styles/icons/fgdc/granito.svg
Proterozoico medio,Bloques,CENOZOICO_ARENA,#00FF00,/opt/geoserver/data_dir/styles/icons/fgdc/arena.svg
Proterozoico medio,"Ortocuarcitas, cuarcitas y conglomerados, pelitas",MESOZOICO_BASALTO,#FF6347,/opt/geoserver/data_dir/styles/icons/fgdc/basalto.svg
Proterozoico medio,"Basaltos alcalinos, basanitas, nefelinitas",PALEO_GRANITO,#FFD700,/opt/geoserver/data_dir/styles/icons/fgdc/granito.svg
Proterozoico medio,"Riolitas y andesitas, tobas, ignimbritas y tufitas",CENOZOICO_ARENA,#00FF00,/opt/geoserver/data_dir/styles/icons/fgdc/arena.svg
Proterozoico medio,"Tobas, areniscas, pelitas, tufitas, calizas, lavas e ignimbritas riolíticas y andesíticas",MESOZOICO_BASALTO,#FF6347,/opt/geoserver/data_dir/styles/icons/fgdc/basalto.svg
Proterozoico medio,"Gravas medianas a gruesas, arenas gruesas",PALEO_GRANITO,#FFD700,/opt/geoserver/data_dir/styles/icons/fgdc/granito.svg
Proterozoico medio,"Arenas, gravas, limos",CENOZOICO_ARENA,#00FF00,/opt/geoserver/data_dir/styles/icons/fgdc/arena.svg
Proterozoico medio,"Gravas, arenas",MESOZOICO_BASALTO,#FF6347,/opt/geoserver/data_dir/styles/icons/fgdc/basalto.svg
Proterozoico medio,"Conglomerados, areniscas, calizas, pelitas",PALEO_GRANITO,#FFD700,/opt/geoserver/data_dir/styles/icons/fgdc/granito.svg
Proterozoico medio,"Limolitas, areniscas, conglomerados, olistolitos",CENOZOICO_ARENA,#00FF00,/opt/geoserver/data_dir/styles/icons/fgdc/arena.svg
Proterozoico medio,"Granitos, granodioritas, tonalitas y diques riolíticos",MESOZOICO_BASALTO,#FF6347,/opt/geoserver/data_dir/styles/icons/fgdc/basalto.svg
Proterozoico medio,"Areniscas, limolitas y conglomerados",PALEO_GRANITO,#FFD700,/opt/geoserver/data_dir/styles/icons/fgdc/granito.svg
Proterozoico medio,"Areniscas, conglomerados, tufitas y tobas",CENOZOICO_ARENA,#00FF00,/opt/geoserver/data_dir/styles/icons/fgdc/arena.svg
Proterozoico medio,"Limos, arcillas, arenas",MESOZOICO_BASALTO,#FF6347,/opt/geoserver/data_dir/styles/icons/fgdc/basalto.svg
Proterozoico medio,"Andesitas, riolitas, basaltos, tobas, brechas, conglomerados, areniscas",PALEO_GRANITO,#FFD700,/opt/geoserver/data_dir/styles/icons/fgdc/granito.svg
Proterozoico medio,"Tobas, tufitas, ignimbritas, areniscas y conglomerados",CENOZOICO_ARENA,#00FF00,/opt/geoserver/data_dir/styles/icons/fgdc/arena.svg
Proterozoico medio,"Traquitas y tobas traquíticas, brechas y aglomerados.",MESOZOICO_BASALTO,#FF6347,/opt/geoserver/data_dir/styles/icons/fgdc/basalto.svg
Proterozoico medio,"Till, gravas, arenas, arcillas",PALEO_GRANITO,#FFD700,/opt/geoserver/data_dir/styles/icons/fgdc/granito.svg
Proterozoico medio,"Areniscas, pelitas, conglomerados, calizas",CENOZOICO_ARENA,#00FF00,/opt/geoserver/data_dir/styles/icons/fgdc/arena.svg
Proterozoico medio,"Areniscas, pelitas, calizas, evaporitas",MESOZOICO_BASALTO,#FF6347,/opt/geoserver/data_dir/styles/icons/fgdc/basalto.svg
Proterozoico medio,"Riolitas, dacitas, andesitas, ignimbritas, tobas, brechas, conglomerados",PALEO_GRANITO,#FFD700,/opt/geoserver/data_dir/styles/icons/fgdc/granito.svg
Proterozoico medio,"Andesitas, ignimbritas",CENOZOICO_ARENA,#00FF00,/opt/geoserver/data_dir/styles/icons/fgdc/arena.svg
Proterozoico medio,Metamorfitas y plutonitas metamorfizadas,MESOZOICO_BASALTO,#FF6347,/opt/geoserver/data_dir/styles/icons/fgdc/basalto.svg
Proterozoico medio,"Metarenitas, filitas, mármoles, areniscas y pelitas",PALEO_GRANITO,#FFD700,/opt/geoserver/data_dir/styles/icons/fgdc/granito.svg
Proterozoico medio,"Conglomerados, areniscas, pelitas, tufitas, tobas, yeso",CENOZOICO_ARENA,#00FF00,/opt/geoserver/data_dir/styles/icons/fgdc/arena.svg
Proterozoico medio,"Brechas y areniscas volcánicas, tobas, tufitas, andesitas",MESOZOICO_BASALTO,#FF6347,/opt/geoserver/data_dir/styles/icons/fgdc/basalto.svg
Proterozoico medio,"Calizas, margas, dolomias, fangolitas calcáreas",PALEO_GRANITO,#FFD700,/opt/geoserver/data_dir/styles/icons/fgdc/granito.svg
Proterozoico medio,"Granitos, granodioritas",CENOZOICO_ARENA,#00FF00,/opt/geoserver/data_dir/styles/icons/fgdc/arena.svg
Proterozoico medio,"Andesitas, dacitas, ignimbritas, tobas, pórfiros andesíticos y dacíticos",MESOZOICO_BASALTO,#FF6347,/opt/geoserver/data_dir/styles/icons/fgdc/basalto.svg
Proterozoico medio,"Areniscas, arcilitas, calizas silicificadas",PALEO_GRANITO,#FFD700,/opt/geoserver/data_dir/styles/icons/fgdc/granito.svg
Proterozoico medio,Areniscas y lutitas,CENOZOICO_ARENA,#00FF00,/opt/geoserver/data_dir/styles/icons/fgdc/arena.svg
Proterozoico medio,Granitos muscovítico biotítico parcialmente pegmatíticos,MESOZOICO_BASALTO,#FF6347,/opt/geoserver/data_dir/styles/icons/fgdc/basalto.svg
Proterozoico medio,"Limolitas con cemento carbonático, arenas, limos",PALEO_GRANITO,#FFD700,/opt/geoserver/data_dir/styles/icons/fgdc/granito.svg
Proterozoico medio,"Andesitas, ignimbritas, tobas",CENOZOICO_ARENA,#00FF00,/opt/geoserver/data_dir/styles/icons/fgdc/arena.svg
Proterozoico medio,"Basaltos, andesitas, tobas, tufitas",MESOZOICO_BASALTO,#FF6347,/opt/geoserver/data_dir/styles/icons/fgdc/basalto.svg
Proterozoico medio,"Conglomerados, areniscas",PALEO_GRANITO,#FFD700,/opt/geoserver/data_dir/styles/icons/fgdc/granito.svg
Proterozoico medio,"Esquistos, cuarcitas, gneises",CENOZOICO_ARENA,#00FF00,/opt/geoserver/data_dir/styles/icons/fgdc/arena.svg
Proterozoico medio,Mármoles,MESOZOICO_BASALTO,#FF6347,/opt/geoserver/data_dir/styles/icons/fgdc/basalto.svg
Proterozoico medio,"Ignimbritas dacíticas y riolíticas, brechas volcánicas y volcanoclásticas",PALEO_GRANITO,#FFD700,/opt/geoserver/data_dir/styles/icons/fgdc/granito.svg
Proterozoico medio,"Lavas dacíticas, andesíticas y basálticas, brechas autoclásticas de composición andesítica y depósitos de bloques y ceniza (block and ash) asociados a estrato volcanes",CENOZOICO_ARENA,#00FF00,/opt/geoserver/data_dir/styles/icons/fgdc/arena.svg
Proterozoico medio,"Areniscas, conglomerados, limolitas, arcilitas",MESOZOICO_BASALTO,#FF6347,/opt/geoserver/data_dir/styles/icons/fgdc/basalto.svg
Proterozoico medio,"Anfibolitas, esquistos, gneises, calizas y pegmatitas",PALEO_GRANITO,#FFD700,/opt/geoserver/data_dir/styles/icons/fgdc/granito.svg
Proterozoico medio,"Basaltos, andesitas, tobas",CENOZOICO_ARENA,#00FF00,/opt/geoserver/data_dir/styles/icons/fgdc/arena.svg
Proterozoico medio,"Andesitas, riodacítas, piroclastitas, areniscas líticas",MESOZOICO_BASALTO,#FF6347,/opt/geoserver/data_dir/styles/icons/fgdc/basalto.svg
Proterozoico medio,"Depósitos de evaporitas (cloruros, sulfatos y boratos), limos y arcillas, tufitas y travertinos",PALEO_GRANITO,#FFD700,/opt/geoserver/data_dir/styles/icons/fgdc/granito.svg
Proterozoico medio,Cuerpos porfídicos hipabisales de composición diorítica a andesítica y dacítica,CENOZOICO_ARENA,#00FF00,/opt/geoserver/data_dir/styles/icons/fgdc/arena.svg
Proterozoico medio,Margas arenosas y areniscas arcillosas,MESOZOICO_BASALTO,#FF6347,/opt/geoserver/data_dir/styles/icons/fgdc/basalto.svg
Proterozoico medio,Traquiandesitas,PALEO_GRANITO,#FFD700,/opt/geoserver/data_dir/styles/icons/fgdc/granito.svg
Proterozoico medio,"Areniscas, pelitas, conglomerados, calizas, evaporitas, tobas",CENOZOICO_ARENA,#00FF00,/opt/geoserver/data_dir/styles/icons/fgdc/arena.svg
Proterozoico medio,"Limolitas, areniscas, arcilitas, calcretes",MESOZOICO_BASALTO,#FF6347,/opt/geoserver/data_dir/styles/icons/fgdc/basalto.svg
Proterozoico medio,"Pelitas, areniscas, diamictitas, conglomerados",PALEO_GRANITO,#FFD700,/opt/geoserver/data_dir/styles/icons/fgdc/granito.svg
Proterozoico medio,"Basaltos, tobas",CENOZOICO_ARENA,#00FF00,/opt/geoserver/data_dir/styles/icons/fgdc/arena.svg
Proterozoico medio,"Granitos, granodioritas, tonalitas",MESOZOICO_BASALTO,#FF6347,/opt/geoserver/data_dir/styles/icons/fgdc/basalto.svg
Proterozoico medio,"Limos, arcillas y evaporitas",PALEO_GRANITO,#FFD700,/opt/geoserver/data_dir/styles/icons/fgdc/granito.svg
Proterozoico medio,"Granodioritas, dioritas, tonalitas",CENOZOICO_ARENA,#00FF00,/opt/geoserver/data_dir/styles/icons/fgdc/arena.svg
Proterozoico medio,"Trondjhemitas, tonalitas",MESOZOICO_BASALTO,#FF6347,/opt/geoserver/data_dir/styles/icons/fgdc/basalto.svg
Proterozoico medio,"Areniscas finas a gruesas, conglomerados, tobas, pelitas negras",PALEO_GRANITO,#FFD700,/opt/geoserver/data_dir/styles/icons/fgdc/granito.svg
Proterozoico medio,"Areniscas gruesas y conglomerados, tobas y tufitas, coquinas",CENOZOICO_ARENA,#00FF00,/opt/geoserver/data_dir/styles/icons/fgdc/arena.svg
Proterozoico medio,"Riolitas, basaltos y traquitas",MESOZOICO_BASALTO,#FF6347,/opt/geoserver/data_dir/styles/icons/fgdc/basalto.svg
Proterozoico medio,"Lavas, brechas, ignimbritas y tobas de composición riolítica, dacítica y andesítica",PALEO_GRANITO,#FFD700,/opt/geoserver/data_dir/styles/icons/fgdc/granito.svg
Proterozoico medio,"Leucogranitos de dos micas y monzogranitos biotíticos con tendencia porfídica, al que se asocian pórfidos graníticos y diques micrograníticos. También se reconocen lamprófiros, aplitas y diques graníticos. Sienitas y granitos riebeckíticos y diques",CENOZOICO_ARENA,#00FF00,/opt/geoserver/data_dir/styles/icons/fgdc/arena.svg
Proterozoico medio,Granitoides,MESOZOICO_BASALTO,#FF6347,/opt/geoserver/data_dir/styles/icons/fgdc/basalto.svg
Proterozoico medio,"Basaltos, andesitas, dacitas, tobas, brechas, pelitas",PALEO_GRANITO,#FFD700,/opt/geoserver/data_dir/styles/icons/fgdc/granito.svg
Proterozoico medio,"Depósitos residuales limosos, ferricretes",CENOZOICO_ARENA,#00FF00,/opt/geoserver/data_dir/styles/icons/fgdc/arena.svg
Proterozoico medio,"Granitos y granodioritas, tonalitas",MESOZOICO_BASALTO,#FF6347,/opt/geoserver/data_dir/styles/icons/fgdc/basalto.svg
Proterozoico medio,"Ortocuarcitas, areniscas y pelitas",PALEO_GRANITO,#FFD700,/opt/geoserver/data_dir/styles/icons/fgdc/granito.svg
Proterozoico medio,"Areniscas medianas a finas, conglomerados polimícticos, evaporitas, caliza y yeso; sedimentitas clásticas calcáreas con intercalaciones de dacitas y tobas",CENOZOICO_ARENA,#00FF00,/opt/geoserver/data_dir/styles/icons/fgdc/arena.svg
Proterozoico medio,"Conglomerados, areniscas conglomerádicas, areniscas, pelitas y limolitas y calizas",MESOZOICO_BASALTO,#FF6347,/opt/geoserver/data_dir/styles/icons/fgdc/basalto.svg
Proterozoico medio,"Gabros, granitos, granodioritas, dioritas, sienitas, monzonitas, monzodioritas, monzogranitos, tonalitas",PALEO_GRANITO,#FFD700,/opt/geoserver/data_dir/styles/icons/fgdc/granito.svg
Proterozoico medio,"Areniscas, limolitas, duricostras",CENOZOICO_ARENA,#00FF00,/opt/geoserver/data_dir/styles/icons/fgdc/arena.svg
Proterozoico medio,"Diamictitas, areniscas",MESOZOICO_BASALTO,#FF6347,/opt/geoserver/data_dir/styles/icons/fgdc/basalto.svg
Proterozoico medio,Areniscas y limolitas,PALEO_GRANITO,#FFD700,/opt/geoserver/data_dir/styles/icons/fgdc/granito.svg
Proterozoico medio,Riolitas,CENOZOICO_ARENA,#00FF00,/opt/geoserver/data_dir/styles/icons/fgdc/arena.svg
Proterozoico medio,"Areniscas, cuarcitas",MESOZOICO_BASALTO,#FF6347,/opt/geoserver/data_dir/styles/icons/fgdc/basalto.svg
Proterozoico medio,"Pelitas y areniscas, fosilíferas",PALEO_GRANITO,#FFD700,/opt/geoserver/data_dir/styles/icons/fgdc/granito.svg
Proterozoico medio,"Lutitas, areniscas, conglomerados, tobas",CENOZOICO_ARENA,#00FF00,/opt/geoserver/data_dir/styles/icons/fgdc/arena.svg
Proterozoico medio,"Granitos, granodioritas, microgranitos",MESOZOICO_BASALTO,#FF6347,/opt/geoserver/data_dir/styles/icons/fgdc/basalto.svg
Proterozoico medio,"Filitas, esquistos, cuarcitas",PALEO_GRANITO,#FFD700,/opt/geoserver/data_dir/styles/icons/fgdc/granito.svg
Proterozoico medio,"Conglomerados, areniscas, tobas, andesitas, brechas ignimbríticas",CENOZOICO_ARENA,#00FF00,/opt/geoserver/data_dir/styles/icons/fgdc/arena.svg
Proterozoico medio,"Areniscas, pelitas, conglomerados, calizas, evaporitas",MESOZOICO_BASALTO,#FF6347,/opt/geoserver/data_dir/styles/icons/fgdc/basalto.svg
Proterozoico medio,"Esquistos, gneises, milonitas, anfibolitas y mármoles",PALEO_GRANITO,#FFD700,/opt/geoserver/data_dir/styles/icons/fgdc/granito.svg
Proterozoico medio,"Esquistos, gneises, mármoles, metadiabasas",CENOZOICO_ARENA,#00FF00,/opt/geoserver/data_dir/styles/icons/fgdc/arena.svg
Proterozoico medio,"Andesitas, basandesitas, aglomerados, areniscas, tobas",MESOZOICO_BASALTO,#FF6347,/opt/geoserver/data_dir/styles/icons/fgdc/basalto.svg
Proterozoico medio,"Granitos, aplitas, pegmatitas",PALEO_GRANITO,#FFD700,/opt/geoserver/data_dir/styles/icons/fgdc/granito.svg
Proterozoico medio,"Basaltos y diabasas (estructura almohadillada). Diques y filones diabásicos, gabros y dioritas",CENOZOICO_ARENA,#00FF00,/opt/geoserver/data_dir/styles/icons/fgdc/arena.svg
Proterozoico medio,"Limos, arcillas, sales",MESOZOICO_BASALTO,#FF6347,/opt/geoserver/data_dir/styles/icons/fgdc/basalto.svg
Proterozoico medio,"Areniscas finas a gruesas, conglomerados, pelitas, coquinas.",PALEO_GRANITO,#FFD700,/opt/geoserver/data_dir/styles/icons/fgdc/granito.svg
Proterozoico medio,"Areniscas medias a gruesas, arcilitas, tobas y tufitas",CENOZOICO_ARENA,#00FF00,/opt/geoserver/data_dir/styles/icons/fgdc/arena.svg
Proterozoico medio,"Areniscas feldespáticas, limolitas, lutitas, arcosas",MESOZOICO_BASALTO,#FF6347,/opt/geoserver/data_dir/styles/icons/fgdc/basalto.svg
Proterozoico medio,"Granitos, granodiorítas, pórfidos",PALEO_GRANITO,#FFD700,/opt/geoserver/data_dir/styles/icons/fgdc/granito.svg
Proterozoico medio,"Granodioritas, tonalitas, granitos",CENOZOICO_ARENA,#00FF00,/opt/geoserver/data_dir/styles/icons/fgdc/arena.svg
Proterozoico medio,"Tobas, chonitas, areniscas finas a medias, arcilitas",MESOZOICO_BASALTO,#FF6347,/opt/geoserver/data_dir/styles/icons/fgdc/basalto.svg
Proterozoico medio,"Granófiros, pórfiros riolíticos",PALEO_GRANITO,#FFD700,/opt/geoserver/data_dir/styles/icons/fgdc/granito.svg
Proterozoico medio,"Basaltos olivínicos, basanitas",CENOZOICO_ARENA,#00FF00,/opt/geoserver/data_dir/styles/icons/fgdc/arena.svg
Proterozoico medio,"Tobas, cineritas, arcilitas, bentonitas",MESOZOICO_BASALTO,#FF6347,/opt/geoserver/data_dir/styles/icons/fgdc/basalto.svg
Proterozoico medio,"Dacitas, riolitas, andesitas, basaltos, tobas e ignimbritas",PALEO_GRANITO,#FFD700,/opt/geoserver/data_dir/styles/icons/fgdc/granito.svg
Proterozoico medio,"Tobas, tufitas, conglomerados, calizas y basaltos",CENOZOICO_ARENA,#00FF00,/opt/geoserver/data_dir/styles/icons/fgdc/arena.svg
Proterozoico medio,"Conglomerados, areniscas, arcilitas y calizas",MESOZOICO_BASALTO,#FF6347,/opt/geoserver/data_dir/styles/icons/fgdc/basalto.svg
Proterozoico medio,"Riolitas y andesitas, ignimbritas y tobas ácidas",PALEO_GRANITO,#FFD700,/opt/geoserver/data_dir/styles/icons/fgdc/granito.svg
Proterozoico medio,"Basaltos, andesitas, tobas, ignimbritas y aglomerados volcánicos",CENOZOICO_ARENA,#00FF00,/opt/geoserver/data_dir/styles/icons/fgdc/arena.svg
Proterozoico medio,"Areniscas, pelitas, coquinas, tufitas, tobas",MESOZOICO_BASALTO,#FF6347,/opt/geoserver/data_dir/styles/icons/fgdc/basalto.svg
Proterozoico medio,"Basaltos olivínicos, pórfiros basálticos",PALEO_GRANITO,#FFD700,/opt/geoserver/data_dir/styles/icons/fgdc/granito.svg
Proterozoico medio,"Areniscas, pelitas, conglomerados, tobas.",CENOZOICO_ARENA,#00FF00,/opt/geoserver/data_dir/styles/icons/fgdc/arena.svg
Proterozoico medio,"Granitos y granodioritas, pórfiros",MESOZOICO_BASALTO,#FF6347,/opt/geoserver/data_dir/styles/icons/fgdc/basalto.svg
Proterozoico medio,"Riolitas e ignimbritas, dacitas y tobas",PALEO_GRANITO,#FFD700,/opt/geoserver/data_dir/styles/icons/fgdc/granito.svg
Proterozoico medio,Basaltos y adakitas,CENOZOICO_ARENA,#00FF00,/opt/geoserver/data_dir/styles/icons/fgdc/arena.svg
Proterozoico medio,Arenas finas a medianas,MESOZOICO_BASALTO,#FF6347,/opt/geoserver/data_dir/styles/icons/fgdc/basalto.svg
Jurásico,Areniscas,PALEO_GRANITO,#FFD700,/opt/geoserver/data_dir/styles/icons/fgdc/granito.svg
Jurásico,Diamictitas,CENOZOICO_ARENA,#00FF00,/opt/geoserver/data_dir/styles/icons/fgdc/arena.svg
Jurásico,"Areniscas, pelitas y conglomerados",MESOZOICO_BASALTO,#FF6347,/opt/geoserver/data_dir/styles/icons/fgdc/basalto.svg
Jurásico,"Arenas, gravas y limos",PALEO_GRANITO,#FFD700,/opt/geoserver/data_dir/styles/icons/fgdc/granito.svg
Jurásico,Granitos,CENOZOICO_ARENA,#00FF00,/opt/geoserver/data_dir/styles/icons/fgdc/arena.svg
Jurásico,"Limos, arenas",MESOZOICO_BASALTO,#FF6347,/opt/geoserver/data_dir/styles/icons/fgdc/basalto.svg
Jurásico,"Areniscas, conglomerados, pelitas",PALEO_GRANITO,#FFD700,/opt/geoserver/data_dir/styles/icons/fgdc/granito.svg
Jurásico,"Conglomerados, areniscas conglomerádicas, areniscas, pelitas y limolitas",CENOZOICO_ARENA,#00FF00,/opt/geoserver/data_dir/styles/icons/fgdc/arena.svg
Jurásico,"Gabros, dioritas, ortoanfibolitas, serpentinitas",MESOZOICO_BASALTO,#FF6347,/opt/geoserver/data_dir/styles/icons/fgdc/basalto.svg
Jurásico,Fajas miloníticas. Milonitas y protomilonitas,PALEO_GRANITO,#FFD700,/opt/geoserver/data_dir/styles/icons/fgdc/granito.svg
Jurásico,Loess,CENOZOICO_ARENA,#00FF00,/opt/geoserver/data_dir/styles/icons/fgdc/arena.svg
Jurásico,Sedimentos salinos,MESOZOICO_BASALTO,#FF6347,/opt/geoserver/data_dir/styles/icons/fgdc/basalto.svg
Jurásico,Fanglomerados y conglomerados,PALEO_GRANITO,#FFD700,/opt/geoserver/data_dir/styles/icons/fgdc/granito.svg
Jurásico,Arenas,CENOZOICO_ARENA,#00FF00,/opt/geoserver/data_dir/styles/icons/fgdc/arena.svg
Jurásico,Gravas y arenas,MESOZOICO_BASALTO,#FF6347,/opt/geoserver/data_dir/styles/icons/fgdc/basalto.svg
Jurásico,Riodacitas,PALEO_GRANITO,#FFD700,/opt/geoserver/data_dir/styles/icons/fgdc/granito.svg
Jurásico,"Granodioritas, tonalitas",CENOZOICO_ARENA,#00FF00,/opt/geoserver/data_dir/styles/icons/fgdc/arena.svg
Jurásico,"Granitoides peraluminosos, sienogranitos y monzogranitos pórfidicos, granodioritas",MESOZOICO_BASALTO,#FF6347,/opt/geoserver/data_dir/styles/icons/fgdc/basalto.svg
Jurásico,"Areniscas, conglomerados y arcilitas",PALEO_GRANITO,#FFD700,/opt/geoserver/data_dir/styles/icons/fgdc/granito.svg
Jurásico,Calcretes,CENOZOICO_ARENA,#00FF00,/opt/geoserver/data_dir/styles/icons/fgdc/arena.svg
Jurásico,Calizas,MESOZOICO_BASALTO,#FF6347,/opt/geoserver/data_dir/styles/icons/fgdc/basalto.svg
Jurásico,Areniscas y conglomerados,PALEO_GRANITO,#FFD700,/opt/geoserver/data_dir/styles/icons/fgdc/granito.svg
Jurásico,Arenas y limos,CENOZOICO_ARENA,#00FF00,/opt/geoserver/data_dir/styles/icons/fgdc/arena.svg
Jurásico,Filitas,MESOZOICO_BASALTO,#FF6347,/opt/geoserver/data_dir/styles/icons/fgdc/basalto.svg
Jurásico,Basaltos,PALEO_GRANITO,#FFD700,/opt/geoserver/data_dir/styles/icons/fgdc/granito.svg
Jurásico,Andesitas,CENOZOICO_ARENA,#00FF00,/opt/geoserver/data_dir/styles/icons/fgdc/arena.svg
Jurásico,Gneises y metatexitas,MESOZOICO_BASALTO,#FF6347,/opt/geoserver/data_dir/styles/icons/fgdc/basalto.svg
Jurásico,Arcosas y calcretes,PALEO_GRANITO,#FFD700,/opt/geoserver/data_dir/styles/icons/fgdc/granito.svg
Jurásico,"Monzogranitos, tonalitas",CENOZOICO_ARENA,#00FF00,/opt/geoserver/data_dir/styles/icons/fgdc/arena.svg
Jurásico,Gabros,MESOZOICO_BASALTO,#FF6347,/opt/geoserver/data_dir/styles/icons/fgdc/basalto.svg
Jurásico,Milonitas y protomilonitas,PALEO_GRANITO,#FFD700,/opt/geoserver/data_dir/styles/icons/fgdc/granito.svg
Jurásico,,CENOZOICO_ARENA,#00FF00,/opt/geoserver/data_dir/styles/icons/fgdc/arena.svg
Jurásico,Monzogranitos,MESOZOICO_BASALTO,#FF6347,/opt/geoserver/data_dir/styles/icons/fgdc/basalto.svg
Jurásico,"Arenas, limos y arcillas",PALEO_GRANITO,#FFD700,/opt/geoserver/data_dir/styles/icons/fgdc/granito.svg
Jurásico,Arenas y arcillas con elevado contenido de matería orgánica,CENOZOICO_ARENA,#00FF00,/opt/geoserver/data_dir/styles/icons/fgdc/arena.svg
Jurásico,Arcillas y limos con elevado contenido de materia orgánica,MESOZOICO_BASALTO,#FF6347,/opt/geoserver/data_dir/styles/icons/fgdc/basalto.svg
Jurásico,Limos arenosos a arcillosos,PALEO_GRANITO,#FFD700,/opt/geoserver/data_dir/styles/icons/fgdc/granito.svg
Jurásico,Limos y calcretes,CENOZOICO_ARENA,#00FF00,/opt/geoserver/data_dir/styles/icons/fgdc/arena.svg
Jurásico,"Limos, arenas y arcillas",MESOZOICO_BASALTO,#FF6347,/opt/geoserver/data_dir/styles/icons/fgdc/basalto.svg
Jurásico,Milonitas,PALEO_GRANITO,#FFD700,/opt/geoserver/data_dir/styles/icons/fgdc/granito.svg
Jurásico,Basaltos y andesitas,CENOZOICO_ARENA,#00FF00,/opt/geoserver/data_dir/styles/icons/fgdc/arena.svg
Jurásico,Limos,MESOZOICO_BASALTO,#FF6347,/opt/geoserver/data_dir/styles/icons/fgdc/basalto.svg
Jurásico,Limos y arenas,PALEO_GRANITO,#FFD700,/opt/geoserver/data_dir/styles/icons/fgdc/granito.svg
Jurásico,"Areniscas, cuarcitas, calizas, dolomías, pelitas",CENOZOICO_ARENA,#00FF00,/opt/geoserver/data_dir/styles/icons/fgdc/arena.svg
Jurásico,"Limos, arcillas, evaporitas",MESOZOICO_BASALTO,#FF6347,/opt/geoserver/data_dir/styles/icons/fgdc/basalto.svg
Jurásico,"Granitos, granodioritas, esquistos, gneises, migmatitas",PALEO_GRANITO,#FFD700,/opt/geoserver/data_dir/styles/icons/fgdc/granito.svg
Jurásico,Basaltos a andesitas basálticas,CENOZOICO_ARENA,#00FF00,/opt/geoserver/data_dir/styles/icons/fgdc/arena.svg
Jurásico,Limos arcillosos,MESOZOICO_BASALTO,#FF6347,/opt/geoserver/data_dir/styles/icons/fgdc/basalto.svg
Jurásico,"Limos, arenas, gravas",PALEO_GRANITO,#FFD700,/opt/geoserver/data_dir/styles/icons/fgdc/granito.svg
Jurásico,"Granitos, granodioritas, monzogranitos, tonalitas, leucogranitos",CENOZOICO_ARENA,#00FF00,/opt/geoserver/data_dir/styles/icons/fgdc/arena.svg
Jurásico,"Areniscas, areniscas conglomerádicas, conglomerados, brechas, fangolitas, limolitas y lutitas rojizas con intercalación de volcanitas alcalinas, areniscas calcáreas, pelitas, grauvacas y calizas con niveles estromatolíticos y oolíticos",MESOZOICO_BASALTO,#FF6347,/opt/geoserver/data_dir/styles/icons/fgdc/basalto.svg
Jurásico,"Secuencias turbidíticas integradas por areniscas cuarcíferas, areniscas, grauvacas, pelitas, limolitas y lutitas y, subordinadamente, calizas",PALEO_GRANITO,#FFD700,/opt/geoserver/data_dir/styles/icons/fgdc/granito.svg
Jurásico,"Dacitas, andesitas, basaltos; conos piroclásticos y depósitos de avalancha volcánica",CENOZOICO_ARENA,#00FF00,/opt/geoserver/data_dir/styles/icons/fgdc/arena.svg
Jurásico,"Conglomerados, areniscas, limolitas, arcillolitas comunmente con niveles salinos y yesíferos",MESOZOICO_BASALTO,#FF6347,/opt/geoserver/data_dir/styles/icons/fgdc/basalto.svg
Jurásico,"Tobas, ignimbritas dacíticas-riodacíticas, flujos piroclásticos dacíticos a riodacíticos, depósitos de caída",PALEO_GRANITO,#FFD700,/opt/geoserver/data_dir/styles/icons/fgdc/granito.svg
Jurásico,"Riolitas, dacitas, traquiandesitas, diabasas, andesitas basálticas, lavas basálticas almohadilladas, ignimbritas y tobas",CENOZOICO_ARENA,#00FF00,/opt/geoserver/data_dir/styles/icons/fgdc/arena.svg
Jurásico,"Cuarcitas, areniscas",MESOZOICO_BASALTO,#FF6347,/opt/geoserver/data_dir/styles/icons/fgdc/basalto.svg
Jurásico,"Ignimbritas dacíticas, flujos piroclásticos",PALEO_GRANITO,#FFD700,/opt/geoserver/data_dir/styles/icons/fgdc/granito.svg
Jurásico,"Esquistos cuarzo-feldespáticos-biotíticos-moscovíticos, anfibolitas, gneises, ortogneises, migmatitas, metagranitos",CENOZOICO_ARENA,#00FF00,/opt/geoserver/data_dir/styles/icons/fgdc/arena.svg
Jurásico,Gneises y esquistos,MESOZOICO_BASALTO,#FF6347,/opt/geoserver/data_dir/styles/icons/fgdc/basalto.svg
Jurásico,"Areniscas, areniscas conglomerádicas, diamictitas",PALEO_GRANITO,#FFD700,/opt/geoserver/data_dir/styles/icons/fgdc/granito.svg
Jurásico,"Depósitos detríticos de gravas, arenas, limos",CENOZOICO_ARENA,#00FF00,/opt/geoserver/data_dir/styles/icons/fgdc/arena.svg
Jurásico,"Conglomerados, areniscas y limoarcilitas",MESOZOICO_BASALTO,#FF6347,/opt/geoserver/data_dir/styles/icons/fgdc/basalto.svg
Jurásico,"Cuarcitas, pelitas, areniscas, calizas, grauvacas; con intercalaciones de riolitas, dacitas, traquiandesitas, diabasas, andesitas basálticas, lavas basálticas almohadilladas, ignimbritas y tobas",PALEO_GRANITO,#FFD700,/opt/geoserver/data_dir/styles/icons/fgdc/granito.svg
Jurásico,"Limolitas, diamictitas, grauvacas, lutitas",CENOZOICO_ARENA,#00FF00,/opt/geoserver/data_dir/styles/icons/fgdc/arena.svg
Jurásico,Adakitas,MESOZOICO_BASALTO,#FF6347,/opt/geoserver/data_dir/styles/icons/fgdc/basalto.svg
Jurásico,"Esquistos, gneises, pizarras y filitas",PALEO_GRANITO,#FFD700,/opt/geoserver/data_dir/styles/icons/fgdc/granito.svg
Jurásico,"Gneises, ortogneises, migmatitas, anfibolitas y esquistos",CENOZOICO_ARENA,#00FF00,/opt/geoserver/data_dir/styles/icons/fgdc/arena.svg
Jurásico,"Areniscas, limolitas y arcilitas",MESOZOICO_BASALTO,#FF6347,/opt/geoserver/data_dir/styles/icons/fgdc/basalto.svg
Jurásico,"Areniscas, pelitas, filitas y esquistos",PALEO_GRANITO,#FFD700,/opt/geoserver/data_dir/styles/icons/fgdc/granito.svg
Jurásico,"Areniscas medianas a gruesas, coquinas, pelitas, calizas",CENOZOICO_ARENA,#00FF00,/opt/geoserver/data_dir/styles/icons/fgdc/arena.svg
Jurásico,"Areniscas finas a medianas, coquinas, pelitas, carbón",MESOZOICO_BASALTO,#FF6347,/opt/geoserver/data_dir/styles/icons/fgdc/basalto.svg
Jurásico,"Areniscas, conglomerados,pelitas, carbón",PALEO_GRANITO,#FFD700,/opt/geoserver/data_dir/styles/icons/fgdc/granito.svg
Jurásico,"Andesitas, basaltos, tobas",CENOZOICO_ARENA,#00FF00,/opt/geoserver/data_dir/styles/icons/fgdc/arena.svg
Jurásico,"Basaltos, basanitas, teschenitas, gabros.",MESOZOICO_BASALTO,#FF6347,/opt/geoserver/data_dir/styles/icons/fgdc/basalto.svg
Jurásico,"Ignimbritas y tobas ácidas, riolitas, pelitas y tufitas",PALEO_GRANITO,#FFD700,/opt/geoserver/data_dir/styles/icons/fgdc/granito.svg
Jurásico,Gabros y diques basálticos,CENOZOICO_ARENA,#00FF00,/opt/geoserver/data_dir/styles/icons/fgdc/arena.svg
Jurásico,"Tobas, tufitas, pelitas, areniscas gruesas a conglomerados",MESOZOICO_BASALTO,#FF6347,/opt/geoserver/data_dir/styles/icons/fgdc/basalto.svg
Jurásico,"Tobas, cineritas, tufitas, areniscas medias a gruesas, conglomerados",PALEO_GRANITO,#FFD700,/opt/geoserver/data_dir/styles/icons/fgdc/granito.svg
Jurásico,"Areniscas, arcilitas y limolitas, conglomerados",CENOZOICO_ARENA,#00FF00,/opt/geoserver/data_dir/styles/icons/fgdc/arena.svg
Jurásico,"Areniscas finas a medias, pelitas, calizas, coquinas",MESOZOICO_BASALTO,#FF6347,/opt/geoserver/data_dir/styles/icons/fgdc/basalto.svg
Jurásico,"Gneises, anfibolitas y granitos",PALEO_GRANITO,#FFD700,/opt/geoserver/data_dir/styles/icons/fgdc/granito.svg
Jurásico,"Granitos, granodioritas, dioritas, tonalitas.",CENOZOICO_ARENA,#00FF00,/opt/geoserver/data_dir/styles/icons/fgdc/arena.svg
Jurásico,"Gravas finas a medianas, arenas gruesas",MESOZOICO_BASALTO,#FF6347,/opt/geoserver/data_dir/styles/icons/fgdc/basalto.svg
Jurásico,Basaltos olivínicos,PALEO_GRANITO,#FFD700,/opt/geoserver/data_dir/styles/icons/fgdc/granito.svg
Jurásico,"Esquistos, filitas, ortocuarcitas, migmatitas y granitoides",CENOZOICO_ARENA,#00FF00,/opt/geoserver/data_dir/styles/icons/fgdc/arena.svg
Jurásico,Arenas medianas a gruesas y gravas finas,MESOZOICO_BASALTO,#FF6347,/opt/geoserver/data_dir/styles/icons/fgdc/basalto.svg
Jurásico,"Till, gravas, arenas y pelitas",PALEO_GRANITO,#FFD700,/opt/geoserver/data_dir/styles/icons/fgdc/granito.svg
Jurásico,"Areniscas, conglomerados y pelitas.",CENOZOICO_ARENA,#00FF00,/opt/geoserver/data_dir/styles/icons/fgdc/arena.svg
Jurásico,Metavolcanitas ácidas a mesosilícicas,MESOZOICO_BASALTO,#FF6347,/opt/geoserver/data_dir/styles/icons/fgdc/basalto.svg
Jurásico,Arenas y gravas,PALEO_GRANITO,#FFD700,/opt/geoserver/data_dir/styles/icons/fgdc/granito.svg
Jurásico,Rocas ultramáficas,CENOZOICO_ARENA,#00FF00,/opt/geoserver/data_dir/styles/icons/fgdc/arena.svg
Jurásico,"Arenas, gravas y pelitas",MESOZOICO_BASALTO,#FF6347,/opt/geoserver/data_dir/styles/icons/fgdc/basalto.svg
Jurásico,Limos y arcillas,PALEO_GRANITO,#FFD700,/opt/geoserver/data_dir/styles/icons/fgdc/granito.svg
Jurásico,"Arenas finas a medianas, rodados",CENOZOICO_ARENA,#00FF00,/opt/geoserver/data_dir/styles/icons/fgdc/arena.svg
Jurásico,Bloques,MESOZOICO_BASALTO,#FF6347,/opt/geoserver/data_dir/styles/icons/fgdc/basalto.svg
Jurásico,"Ortocuarcitas, cuarcitas y conglomerados, pelitas",PALEO_GRANITO,#FFD700,/opt/geoserver/data_dir/styles/icons/fgdc/granito.svg
Jurásico,"Basaltos alcalinos, basanitas, nefelinitas",CENOZOICO_ARENA,#00FF00,/opt/geoserver/data_dir/styles/icons/fgdc/arena.svg
Jurásico,"Riolitas y andesitas, tobas, ignimbritas y tufitas",MESOZOICO_BASALTO,#FF6347,/opt/geoserver/data_dir/styles/icons/fgdc/basalto.svg
Jurásico,"Tobas, areniscas, pelitas, tufitas, calizas, lavas e ignimbritas riolíticas y andesíticas",PALEO_GRANITO,#FFD700,/opt/geoserver/data_dir/styles/icons/fgdc/granito.svg
Jurásico,"Gravas medianas a gruesas, arenas gruesas",CENOZOICO_ARENA,#00FF00,/opt/geoserver/data_dir/styles/icons/fgdc/arena.svg
Jurásico,"Arenas, gravas, limos",MESOZOICO_BASALTO,#FF6347,/opt/geoserver/data_dir/styles/icons/fgdc/basalto.svg
Jurásico,"Gravas, arenas",PALEO_GRANITO,#FFD700,/opt/geoserver/data_dir/styles/icons/fgdc/granito.svg
Jurásico,"Conglomerados, areniscas, calizas, pelitas",CENOZOICO_ARENA,#00FF00,/opt/geoserver/data_dir/styles/icons/fgdc/arena.svg
Jurásico,"Limolitas, areniscas, conglomerados, olistolitos",MESOZOICO_BASALTO,#FF6347,/opt/geoserver/data_dir/styles/icons/fgdc/basalto.svg
Jurásico,"Granitos, granodioritas, tonalitas y diques riolíticos",PALEO_GRANITO,#FFD700,/opt/geoserver/data_dir/styles/icons/fgdc/granito.svg
Jurásico,"Areniscas, limolitas y conglomerados",CENOZOICO_ARENA,#00FF00,/opt/geoserver/data_dir/styles/icons/fgdc/arena.svg
Jurásico,"Areniscas, conglomerados, tufitas y tobas",MESOZOICO_BASALTO,#FF6347,/opt/geoserver/data_dir/styles/icons/fgdc/basalto.svg
Jurásico,"Limos, arcillas, arenas",PALEO_GRANITO,#FFD700,/opt/geoserver/data_dir/styles/icons/fgdc/granito.svg
Jurásico,"Andesitas, riolitas, basaltos, tobas, brechas, conglomerados, areniscas",CENOZOICO_ARENA,#00FF00,/opt/geoserver/data_dir/styles/icons/fgdc/arena.svg
Jurásico,"Tobas, tufitas, ignimbritas, areniscas y conglomerados",MESOZOICO_BASALTO,#FF6347,/opt/geoserver/data_dir/styles/icons/fgdc/basalto.svg
Jurásico,"Traquitas y tobas traquíticas, brechas y aglomerados.",PALEO_GRANITO,#FFD700,/opt/geoserver/data_dir/styles/icons/fgdc/granito.svg
Jurásico,"Till, gravas, arenas, arcillas",CENOZOICO_ARENA,#00FF00,/opt/geoserver/data_dir/styles/icons/fgdc/arena.svg
Jurásico,"Areniscas, pelitas, conglomerados, calizas",MESOZOICO_BASALTO,#FF6347,/opt/geoserver/data_dir/styles/icons/fgdc/basalto.svg
Jurásico,"Areniscas, pelitas, calizas, evaporitas",PALEO_GRANITO,#FFD700,/opt/geoserver/data_dir/styles/icons/fgdc/granito.svg
Jurásico,"Riolitas, dacitas, andesitas, ignimbritas, tobas, brechas, conglomerados",CENOZOICO_ARENA,#00FF00,/opt/geoserver/data_dir/styles/icons/fgdc/arena.svg
Jurásico,"Andesitas, ignimbritas",MESOZOICO_BASALTO,#FF6347,/opt/geoserver/data_dir/styles/icons/fgdc/basalto.svg
Jurásico,Metamorfitas y plutonitas metamorfizadas,PALEO_GRANITO,#FFD700,/opt/geoserver/data_dir/styles/icons/fgdc/granito.svg
Jurásico,"Metarenitas, filitas, mármoles, areniscas y pelitas",CENOZOICO_ARENA,#00FF00,/opt/geoserver/data_dir/styles/icons/fgdc/arena.svg
Jurásico,"Conglomerados, areniscas, pelitas, tufitas, tobas, yeso",MESOZOICO_BASALTO,#FF6347,/opt/geoserver/data_dir/styles/icons/fgdc/basalto.svg
Jurásico,"Brechas y areniscas volcánicas, tobas, tufitas, andesitas",PALEO_GRANITO,#FFD700,/opt/geoserver/data_dir/styles/icons/fgdc/granito.svg
Jurásico,"Calizas, margas, dolomias, fangolitas calcáreas",CENOZOICO_ARENA,#00FF00,/opt/geoserver/data_dir/styles/icons/fgdc/arena.svg
Jurásico,"Granitos, granodioritas",MESOZOICO_BASALTO,#FF6347,/opt/geoserver/data_dir/styles/icons/fgdc/basalto.svg
Jurásico,"Andesitas, dacitas, ignimbritas, tobas, pórfiros andesíticos y dacíticos",PALEO_GRANITO,#FFD700,/opt/geoserver/data_dir/styles/icons/fgdc/granito.svg
Jurásico,"Areniscas, arcilitas, calizas silicificadas",CENOZOICO_ARENA,#00FF00,/opt/geoserver/data_dir/styles/icons/fgdc/arena.svg
Jurásico,Areniscas y lutitas,MESOZOICO_BASALTO,#FF6347,/opt/geoserver/data_dir/styles/icons/fgdc/basalto.svg
Jurásico,Granitos muscovítico biotítico parcialmente pegmatíticos,PALEO_GRANITO,#FFD700,/opt/geoserver/data_dir/styles/icons/fgdc/granito.svg
Jurásico,"Limolitas con cemento carbonático, arenas, limos",CENOZOICO_ARENA,#00FF00,/opt/geoserver/data_dir/styles/icons/fgdc/arena.svg
Jurásico,"Andesitas, ignimbritas, tobas",MESOZOICO_BASALTO,#FF6347,/opt/geoserver/data_dir/styles/icons/fgdc/basalto.svg
Jurásico,"Basaltos, andesitas, tobas, tufitas",PALEO_GRANITO,#FFD700,/opt/geoserver/data_dir/styles/icons/fgdc/granito.svg
Jurásico,"Conglomerados, areniscas",CENOZOICO_ARENA,#00FF00,/opt/geoserver/data_dir/styles/icons/fgdc/arena.svg
Jurásico,"Esquistos, cuarcitas, gneises",MESOZOICO_BASALTO,#FF6347,/opt/geoserver/data_dir/styles/icons/fgdc/basalto.svg
Jurásico,Mármoles,PALEO_GRANITO,#FFD700,/opt/geoserver/data_dir/styles/icons/fgdc/granito.svg
Jurásico,"Ignimbritas dacíticas y riolíticas, brechas volcánicas y volcanoclásticas",CENOZOICO_ARENA,#00FF00,/opt/geoserver/data_dir/styles/icons/fgdc/arena.svg
Jurásico,"Lavas dacíticas, andesíticas y basálticas, brechas autoclásticas de composición andesítica y depósitos de bloques y ceniza (block and ash) asociados a estrato volcanes",MESOZOICO_BASALTO,#FF6347,/opt/geoserver/data_dir/styles/icons/fgdc/basalto.svg
Jurásico,"Areniscas, conglomerados, limolitas, arcilitas",PALEO_GRANITO,#FFD700,/opt/geoserver/data_dir/styles/icons/fgdc/granito.svg
Jurásico,"Anfibolitas, esquistos, gneises, calizas y pegmatitas",CENOZOICO_ARENA,#00FF00,/opt/geoserver/data_dir/styles/icons/fgdc/arena.svg
Jurásico,"Basaltos, andesitas, tobas",MESOZOICO_BASALTO,#FF6347,/opt/geoserver/data_dir/styles/icons/fgdc/basalto.svg
Jurásico,"Andesitas, riodacítas, piroclastitas, areniscas líticas",PALEO_GRANITO,#FFD700,/opt/geoserver/data_dir/styles/icons/fgdc/granito.svg
Jurásico,"Depósitos de evaporitas (cloruros, sulfatos y boratos), limos y arcillas, tufitas y travertinos",CENOZOICO_ARENA,#00FF00,/opt/geoserver/data_dir/styles/icons/fgdc/arena.svg
Jurásico,Cuerpos porfídicos hipabisales de composición diorítica a andesítica y dacítica,MESOZOICO_BASALTO,#FF6347,/opt/geoserver/data_dir/styles/icons/fgdc/basalto.svg
Jurásico,Margas arenosas y areniscas arcillosas,PALEO_GRANITO,#FFD700,/opt/geoserver/data_dir/styles/icons/fgdc/granito.svg
Jurásico,Traquiandesitas,CENOZOICO_ARENA,#00FF00,/opt/geoserver/data_dir/styles/icons/fgdc/arena.svg
Jurásico,"Areniscas, pelitas, conglomerados, calizas, evaporitas, tobas",MESOZOICO_BASALTO,#FF6347,/opt/geoserver/data_dir/styles/icons/fgdc/basalto.svg
Jurásico,"Limolitas, areniscas, arcilitas, calcretes",PALEO_GRANITO,#FFD700,/opt/geoserver/data_dir/styles/icons/fgdc/granito.svg
Jurásico,"Pelitas, areniscas, diamictitas, conglomerados",CENOZOICO_ARENA,#00FF00,/opt/geoserver/data_dir/styles/icons/fgdc/arena.svg
Jurásico,"Basaltos, tobas",MESOZOICO_BASALTO,#FF6347,/opt/geoserver/data_dir/styles/icons/fgdc/basalto.svg
Jurásico,"Granitos, granodioritas, tonalitas",PALEO_GRANITO,#FFD700,/opt/geoserver/data_dir/styles/icons/fgdc/granito.svg
Jurásico,"Limos, arcillas y evaporitas",CENOZOICO_ARENA,#00FF00,/opt/geoserver/data_dir/styles/icons/fgdc/arena.svg
Jurásico,"Granodioritas, dioritas, tonalitas",MESOZOICO_BASALTO,#FF6347,/opt/geoserver/data_dir/styles/icons/fgdc/basalto.svg
Jurásico,"Trondjhemitas, tonalitas",PALEO_GRANITO,#FFD700,/opt/geoserver/data_dir/styles/icons/fgdc/granito.svg
Jurásico,"Areniscas finas a gruesas, conglomerados, tobas, pelitas negras",CENOZOICO_ARENA,#00FF00,/opt/geoserver/data_dir/styles/icons/fgdc/arena.svg
Jurásico,"Areniscas gruesas y conglomerados, tobas y tufitas, coquinas",MESOZOICO_BASALTO,#FF6347,/opt/geoserver/data_dir/styles/icons/fgdc/basalto.svg
Jurásico,"Riolitas, basaltos y traquitas",PALEO_GRANITO,#FFD700,/opt/geoserver/data_dir/styles/icons/fgdc/granito.svg
Jurásico,"Lavas, brechas, ignimbritas y tobas de composición riolítica, dacítica y andesítica",CENOZOICO_ARENA,#00FF00,/opt/geoserver/data_dir/styles/icons/fgdc/arena.svg
Jurásico,"Leucogranitos de dos micas y monzogranitos biotíticos con tendencia porfídica, al que se asocian pórfidos graníticos y diques micrograníticos. También se reconocen lamprófiros, aplitas y diques graníticos. Sienitas y granitos riebeckíticos y diques",MESOZOICO_BASALTO,#FF6347,/opt/geoserver/data_dir/styles/icons/fgdc/basalto.svg
Jurásico,Granitoides,PALEO_GRANITO,#FFD700,/opt/geoserver/data_dir/styles/icons/fgdc/granito.svg
Jurásico,"Basaltos, andesitas, dacitas, tobas, brechas, pelitas",CENOZOICO_ARENA,#00FF00,/opt/geoserver/data_dir/styles/icons/fgdc/arena.svg
Jurásico,"Depósitos residuales limosos, ferricretes",MESOZOICO_BASALTO,#FF6347,/opt/geoserver/data_dir/styles/icons/fgdc/basalto.svg
Jurásico,"Granitos y granodioritas, tonalitas",PALEO_GRANITO,#FFD700,/opt/geoserver/data_dir/styles/icons/fgdc/granito.svg
Jurásico,"Ortocuarcitas, areniscas y pelitas",CENOZOICO_ARENA,#00FF00,/opt/geoserver/data_dir/styles/icons/fgdc/arena.svg
Jurásico,"Areniscas medianas a finas, conglomerados polimícticos, evaporitas, caliza y yeso; sedimentitas clásticas calcáreas con intercalaciones de dacitas y tobas",MESOZOICO_BASALTO,#FF6347,/opt/geoserver/data_dir/styles/icons/fgdc/basalto.svg
Jurásico,"Conglomerados, areniscas conglomerádicas, areniscas, pelitas y limolitas y calizas",PALEO_GRANITO,#FFD700,/opt/geoserver/data_dir/styles/icons/fgdc/granito.svg
Jurásico,"Gabros, granitos, granodioritas, dioritas, sienitas, monzonitas, monzodioritas, monzogranitos, tonalitas",CENOZOICO_ARENA,#00FF00,/opt/geoserver/data_dir/styles/icons/fgdc/arena.svg
Jurásico,"Areniscas, limolitas, duricostras",MESOZOICO_BASALTO,#FF6347,/opt/geoserver/data_dir/styles/icons/fgdc/basalto.svg
Jurásico,"Diamictitas, areniscas",PALEO_GRANITO,#FFD700,/opt/geoserver/data_dir/styles/icons/fgdc/granito.svg
Jurásico,Areniscas y limolitas,CENOZOICO_ARENA,#00FF00,/opt/geoserver/data_dir/styles/icons/fgdc/arena.svg
Jurásico,Riolitas,MESOZOICO_BASALTO,#FF6347,/opt/geoserver/data_dir/styles/icons/fgdc/basalto.svg
Jurásico,"Areniscas, cuarcitas",PALEO_GRANITO,#FFD700,/opt/geoserver/data_dir/styles/icons/fgdc/granito.svg
Jurásico,"Pelitas y areniscas, fosilíferas",CENOZOICO_ARENA,#00FF00,/opt/geoserver/data_dir/styles/icons/fgdc/arena.svg
Jurásico,"Lutitas, areniscas, conglomerados, tobas",MESOZOICO_BASALTO,#FF6347,/opt/geoserver/data_dir/styles/icons/fgdc/basalto.svg
Jurásico,"Granitos, granodioritas, microgranitos",PALEO_GRANITO,#FFD700,/opt/geoserver/data_dir/styles/icons/fgdc/granito.svg
Jurásico,"Filitas, esquistos, cuarcitas",CENOZOICO_ARENA,#00FF00,/opt/geoserver/data_dir/styles/icons/fgdc/arena.svg
Jurásico,"Conglomerados, areniscas, tobas, andesitas, brechas ignimbríticas",MESOZOICO_BASALTO,#FF6347,/opt/geoserver/data_dir/styles/icons/fgdc/basalto.svg
Jurásico,"Areniscas, pelitas, conglomerados, calizas, evaporitas",PALEO_GRANITO,#FFD700,/opt/geoserver/data_dir/styles/icons/fgdc/granito.svg
Jurásico,"Esquistos, gneises, milonitas, anfibolitas y mármoles",CENOZOICO_ARENA,#00FF00,/opt/geoserver/data_dir/styles/icons/fgdc/arena.svg
Jurásico,"Esquistos, gneises, mármoles, metadiabasas",MESOZOICO_BASALTO,#FF6347,/opt/geoserver/data_dir/styles/icons/fgdc/basalto.svg
Jurásico,"Andesitas, basandesitas, aglomerados, areniscas, tobas",PALEO_GRANITO,#FFD700,/opt/geoserver/data_dir/styles/icons/fgdc/granito.svg
Jurásico,"Granitos, aplitas, pegmatitas",CENOZOICO_ARENA,#00FF00,/opt/geoserver/data_dir/styles/icons/fgdc/arena.svg
Jurásico,"Basaltos y diabasas (estructura almohadillada). Diques y filones diabásicos, gabros y dioritas",MESOZOICO_BASALTO,#FF6347,/opt/geoserver/data_dir/styles/icons/fgdc/basalto.svg
Jurásico,"Limos, arcillas, sales",PALEO_GRANITO,#FFD700,/opt/geoserver/data_dir/styles/icons/fgdc/granito.svg
Jurásico,"Areniscas finas a gruesas, conglomerados, pelitas, coquinas.",CENOZOICO_ARENA,#00FF00,/opt/geoserver/data_dir/styles/icons/fgdc/arena.svg
Jurásico,"Areniscas medias a gruesas, arcilitas, tobas y tufitas",MESOZOICO_BASALTO,#FF6347,/opt/geoserver/data_dir/styles/icons/fgdc/basalto.svg
Jurásico,"Areniscas feldespáticas, limolitas, lutitas, arcosas",PALEO_GRANITO,#FFD700,/opt/geoserver/data_dir/styles/icons/fgdc/granito.svg
Jurásico,"Granitos, granodiorítas, pórfidos",CENOZOICO_ARENA,#00FF00,/opt/geoserver/data_dir/styles/icons/fgdc/arena.svg
Jurásico,"Granodioritas, tonalitas, granitos",MESOZOICO_BASALTO,#FF6347,/opt/geoserver/data_dir/styles/icons/fgdc/basalto.svg
Jurásico,"Tobas, chonitas, areniscas finas a medias, arcilitas",PALEO_GRANITO,#FFD700,/opt/geoserver/data_dir/styles/icons/fgdc/granito.svg
Jurásico,"Granófiros, pórfiros riolíticos",CENOZOICO_ARENA,#00FF00,/opt/geoserver/data_dir/styles/icons/fgdc/arena.svg
Jurásico,"Basaltos olivínicos, basanitas",MESOZOICO_BASALTO,#FF6347,/opt/geoserver/data_dir/styles/icons/fgdc/basalto.svg
Jurásico,"Tobas, cineritas, arcilitas, bentonitas",PALEO_GRANITO,#FFD700,/opt/geoserver/data_dir/styles/icons/fgdc/granito.svg
Jurásico,"Dacitas, riolitas, andesitas, basaltos, tobas e ignimbritas",CENOZOICO_ARENA,#00FF00,/opt/geoserver/data_dir/styles/icons/fgdc/arena.svg
Jurásico,"Tobas, tufitas, conglomerados, calizas y basaltos",MESOZOICO_BASALTO,#FF6347,/opt/geoserver/data_dir/styles/icons/fgdc/basalto.svg
Jurásico,"Conglomerados, areniscas, arcilitas y calizas",PALEO_GRANITO,#FFD700,/opt/geoserver/data_dir/styles/icons/fgdc/granito.svg
Jurásico,"Riolitas y andesitas, ignimbritas y tobas ácidas",CENOZOICO_ARENA,#00FF00,/opt/geoserver/data_dir/styles/icons/fgdc/arena.svg
Jurásico,"Basaltos, andesitas, tobas, ignimbritas y aglomerados volcánicos",MESOZOICO_BASALTO,#FF6347,/opt/geoserver/data_dir/styles/icons/fgdc/basalto.svg
Jurásico,"Areniscas, pelitas, coquinas, tufitas, tobas",PALEO_GRANITO,#FFD700,/opt/geoserver/data_dir/styles/icons/fgdc/granito.svg
Jurásico,"Basaltos olivínicos, pórfiros basálticos",CENOZOICO_ARENA,#00FF00,/opt/geoserver/data_dir/styles/icons/fgdc/arena.svg
Jurásico,"Areniscas, pelitas, conglomerados, tobas.",MESOZOICO_BASALTO,#FF6347,/opt/geoserver/data_dir/styles/icons/fgdc/basalto.svg
Jurásico,"Granitos y granodioritas, pórfiros",PALEO_GRANITO,#FFD700,/opt/geoserver/data_dir/styles/icons/fgdc/granito.svg
Jurásico,"Riolitas e ignimbritas, dacitas y tobas",CENOZOICO_ARENA,#00FF00,/opt/geoserver/data_dir/styles/icons/fgdc/arena.svg
Jurásico,Basaltos y adakitas,MESOZOICO_BASALTO,#FF6347,/opt/geoserver/data_dir/styles/icons/fgdc/basalto.svg
Jurásico,Arenas finas a medianas,PALEO_GRANITO,#FFD700,/opt/geoserver/data_dir/styles/icons/fgdc/granito.svg
Silúrico,Areniscas,CENOZOICO_ARENA,#00FF00,/opt/geoserver/data_dir/styles/icons/fgdc/arena.svg
Silúrico,Diamictitas,MESOZOICO_BASALTO,#FF6347,/opt/geoserver/data_dir/styles/icons/fgdc/basalto.svg
Silúrico,"Areniscas, pelitas y conglomerados",PALEO_GRANITO,#FFD700,/opt/geoserver/data_dir/styles/icons/fgdc/granito.svg
Silúrico,"Arenas, gravas y limos",CENOZOICO_ARENA,#00FF00,/opt/geoserver/data_dir/styles/icons/fgdc/arena.svg
Silúrico,Granitos,MESOZOICO_BASALTO,#FF6347,/opt/geoserver/data_dir/styles/icons/fgdc/basalto.svg
Silúrico,"Limos, arenas",PALEO_GRANITO,#FFD700,/opt/geoserver/data_dir/styles/icons/fgdc/granito.svg
Silúrico,"Areniscas, conglomerados, pelitas",CENOZOICO_ARENA,#00FF00,/opt/geoserver/data_dir/styles/icons/fgdc/arena.svg
Silúrico,"Conglomerados, areniscas conglomerádicas, areniscas, pelitas y limolitas",MESOZOICO_BASALTO,#FF6347,/opt/geoserver/data_dir/styles/icons/fgdc/basalto.svg
Silúrico,"Gabros, dioritas, ortoanfibolitas, serpentinitas",PALEO_GRANITO,#FFD700,/opt/geoserver/data_dir/styles/icons/fgdc/granito.svg
Silúrico,Fajas miloníticas. Milonitas y protomilonitas,CENOZOICO_ARENA,#00FF00,/opt/geoserver/data_dir/styles/icons/fgdc/arena.svg
Silúrico,Loess,MESOZOICO_BASALTO,#FF6347,/opt/geoserver/data_dir/styles/icons/fgdc/basalto.svg
Silúrico,Sedimentos salinos,PALEO_GRANITO,#FFD700,/opt/geoserver/data_dir/styles/icons/fgdc/granito.svg
Silúrico,Fanglomerados y conglomerados,CENOZOICO_ARENA,#00FF00,/opt/geoserver/data_dir/styles/icons/fgdc/arena.svg
Silúrico,Arenas,MESOZOICO_BASALTO,#FF6347,/opt/geoserver/data_dir/styles/icons/fgdc/basalto.svg
Silúrico,Gravas y arenas,PALEO_GRANITO,#FFD700,/opt/geoserver/data_dir/styles/icons/fgdc/granito.svg
Silúrico,Riodacitas,CENOZOICO_ARENA,#00FF00,/opt/geoserver/data_dir/styles/icons/fgdc/arena.svg
Silúrico,"Granodioritas, tonalitas",MESOZOICO_BASALTO,#FF6347,/opt/geoserver/data_dir/styles/icons/fgdc/basalto.svg
Silúrico,"Granitoides peraluminosos, sienogranitos y monzogranitos pórfidicos, granodioritas",PALEO_GRANITO,#FFD700,/opt/geoserver/data_dir/styles/icons/fgdc/granito.svg
Silúrico,"Areniscas, conglomerados y arcilitas",CENOZOICO_ARENA,#00FF00,/opt/geoserver/data_dir/styles/icons/fgdc/arena.svg
Silúrico,Calcretes,MESOZOICO_BASALTO,#FF6347,/opt/geoserver/data_dir/styles/icons/fgdc/basalto.svg
Silúrico,Calizas,PALEO_GRANITO,#FFD700,/opt/geoserver/data_dir/styles/icons/fgdc/granito.svg
Silúrico,Areniscas y conglomerados,CENOZOICO_ARENA,#00FF00,/opt/geoserver/data_dir/styles/icons/fgdc/arena.svg
Silúrico,Arenas y limos,MESOZOICO_BASALTO,#FF6347,/opt/geoserver/data_dir/styles/icons/fgdc/basalto.svg
Silúrico,Filitas,PALEO_GRANITO,#FFD700,/opt/geoserver/data_dir/styles/icons/fgdc/granito.svg
Silúrico,Basaltos,CENOZOICO_ARENA,#00FF00,/opt/geoserver/data_dir/styles/icons/fgdc/arena.svg
Silúrico,Andesitas,MESOZOICO_BASALTO,#FF6347,/opt/geoserver/data_dir/styles/icons/fgdc/basalto.svg
Silúrico,Gneises y metatexitas,PALEO_GRANITO,#FFD700,/opt/geoserver/data_dir/styles/icons/fgdc/granito.svg
Silúrico,Arcosas y calcretes,CENOZOICO_ARENA,#00FF00,/opt/geoserver/data_dir/styles/icons/fgdc/arena.svg
Silúrico,"Monzogranitos, tonalitas",MESOZOICO_BASALTO,#FF6347,/opt/geoserver/data_dir/styles/icons/fgdc/basalto.svg
Silúrico,Gabros,PALEO_GRANITO,#FFD700,/opt/geoserver/data_dir/styles/icons/fgdc/granito.svg
Silúrico,Milonitas y protomilonitas,CENOZOICO_ARENA,#00FF00,/opt/geoserver/data_dir/styles/icons/fgdc/arena.svg
Silúrico,,MESOZOICO_BASALTO,#FF6347,/opt/geoserver/data_dir/styles/icons/fgdc/basalto.svg
Silúrico,Monzogranitos,PALEO_GRANITO,#FFD700,/opt/geoserver/data_dir/styles/icons/fgdc/granito.svg
Silúrico,"Arenas, limos y arcillas",CENOZOICO_ARENA,#00FF00,/opt/geoserver/data_dir/styles/icons/fgdc/arena.svg
Silúrico,Arenas y arcillas con elevado contenido de matería orgánica,MESOZOICO_BASALTO,#FF6347,/opt/geoserver/data_dir/styles/icons/fgdc/basalto.svg
Silúrico,Arcillas y limos con elevado contenido de materia orgánica,PALEO_GRANITO,#FFD700,/opt/geoserver/data_dir/styles/icons/fgdc/granito.svg
Silúrico,Limos arenosos a arcillosos,CENOZOICO_ARENA,#00FF00,/opt/geoserver/data_dir/styles/icons/fgdc/arena.svg
Silúrico,Limos y calcretes,MESOZOICO_BASALTO,#FF6347,/opt/geoserver/data_dir/styles/icons/fgdc/basalto.svg
Silúrico,"Limos, arenas y arcillas",PALEO_GRANITO,#FFD700,/opt/geoserver/data_dir/styles/icons/fgdc/granito.svg
Silúrico,Milonitas,CENOZOICO_ARENA,#00FF00,/opt/geoserver/data_dir/styles/icons/fgdc/arena.svg
Silúrico,Basaltos y andesitas,MESOZOICO_BASALTO,#FF6347,/opt/geoserver/data_dir/styles/icons/fgdc/basalto.svg
Silúrico,Limos,PALEO_GRANITO,#FFD700,/opt/geoserver/data_dir/styles/icons/fgdc/granito.svg
Silúrico,Limos y arenas,CENOZOICO_ARENA,#00FF00,/opt/geoserver/data_dir/styles/icons/fgdc/arena.svg
Silúrico,"Areniscas, cuarcitas, calizas, dolomías, pelitas",MESOZOICO_BASALTO,#FF6347,/opt/geoserver/data_dir/styles/icons/fgdc/basalto.svg
Silúrico,"Limos, arcillas, evaporitas",PALEO_GRANITO,#FFD700,/opt/geoserver/data_dir/styles/icons/fgdc/granito.svg
Silúrico,"Granitos, granodioritas, esquistos, gneises, migmatitas",CENOZOICO_ARENA,#00FF00,/opt/geoserver/data_dir/styles/icons/fgdc/arena.svg
Silúrico,Basaltos a andesitas basálticas,MESOZOICO_BASALTO,#FF6347,/opt/geoserver/data_dir/styles/icons/fgdc/basalto.svg
Silúrico,Limos arcillosos,PALEO_GRANITO,#FFD700,/opt/geoserver/data_dir/styles/icons/fgdc/granito.svg
Silúrico,"Limos, arenas, gravas",CENOZOICO_ARENA,#00FF00,/opt/geoserver/data_dir/styles/icons/fgdc/arena.svg
Silúrico,"Granitos, granodioritas, monzogranitos, tonalitas, leucogranitos",MESOZOICO_BASALTO,#FF6347,/opt/geoserver/data_dir/styles/icons/fgdc/basalto.svg
Silúrico,"Areniscas, areniscas conglomerádicas, conglomerados, brechas, fangolitas, limolitas y lutitas rojizas con intercalación de volcanitas alcalinas, areniscas calcáreas, pelitas, grauvacas y calizas con niveles estromatolíticos y oolíticos",PALEO_GRANITO,#FFD700,/opt/geoserver/data_dir/styles/icons/fgdc/granito.svg
Silúrico,"Secuencias turbidíticas integradas por areniscas cuarcíferas, areniscas, grauvacas, pelitas, limolitas y lutitas y, subordinadamente, calizas",CENOZOICO_ARENA,#00FF00,/opt/geoserver/data_dir/styles/icons/fgdc/arena.svg
Silúrico,"Dacitas, andesitas, basaltos; conos piroclásticos y depósitos de avalancha volcánica",MESOZOICO_BASALTO,#FF6347,/opt/geoserver/data_dir/styles/icons/fgdc/basalto.svg
Silúrico,"Conglomerados, areniscas, limolitas, arcillolitas comunmente con niveles salinos y yesíferos",PALEO_GRANITO,#FFD700,/opt/geoserver/data_dir/styles/icons/fgdc/granito.svg
Silúrico,"Tobas, ignimbritas dacíticas-riodacíticas, flujos piroclásticos dacíticos a riodacíticos, depósitos de caída",CENOZOICO_ARENA,#00FF00,/opt/geoserver/data_dir/styles/icons/fgdc/arena.svg
Silúrico,"Riolitas, dacitas, traquiandesitas, diabasas, andesitas basálticas, lavas basálticas almohadilladas, ignimbritas y tobas",MESOZOICO_BASALTO,#FF6347,/opt/geoserver/data_dir/styles/icons/fgdc/basalto.svg
Silúrico,"Cuarcitas, areniscas",PALEO_GRANITO,#FFD700,/opt/geoserver/data_dir/styles/icons/fgdc/granito.svg
Silúrico,"Ignimbritas dacíticas, flujos piroclásticos",CENOZOICO_ARENA,#00FF00,/opt/geoserver/data_dir/styles/icons/fgdc/arena.svg
Silúrico,"Esquistos cuarzo-feldespáticos-biotíticos-moscovíticos, anfibolitas, gneises, ortogneises, migmatitas, metagranitos",MESOZOICO_BASALTO,#FF6347,/opt/geoserver/data_dir/styles/icons/fgdc/basalto.svg
Silúrico,Gneises y esquistos,PALEO_GRANITO,#FFD700,/opt/geoserver/data_dir/styles/icons/fgdc/granito.svg
Silúrico,"Areniscas, areniscas conglomerádicas, diamictitas",CENOZOICO_ARENA,#00FF00,/opt/geoserver/data_dir/styles/icons/fgdc/arena.svg
Silúrico,"Depósitos detríticos de gravas, arenas, limos",MESOZOICO_BASALTO,#FF6347,/opt/geoserver/data_dir/styles/icons/fgdc/basalto.svg
Silúrico,"Conglomerados, areniscas y limoarcilitas",PALEO_GRANITO,#FFD700,/opt/geoserver/data_dir/styles/icons/fgdc/granito.svg
Silúrico,"Cuarcitas, pelitas, areniscas, calizas, grauvacas; con intercalaciones de riolitas, dacitas, traquiandesitas, diabasas, andesitas basálticas, lavas basálticas almohadilladas, ignimbritas y tobas",CENOZOICO_ARENA,#00FF00,/opt/geoserver/data_dir/styles/icons/fgdc/arena.svg
Silúrico,"Limolitas, diamictitas, grauvacas, lutitas",MESOZOICO_BASALTO,#FF6347,/opt/geoserver/data_dir/styles/icons/fgdc/basalto.svg
Silúrico,Adakitas,PALEO_GRANITO,#FFD700,/opt/geoserver/data_dir/styles/icons/fgdc/granito.svg
Silúrico,"Esquistos, gneises, pizarras y filitas",CENOZOICO_ARENA,#00FF00,/opt/geoserver/data_dir/styles/icons/fgdc/arena.svg
Silúrico,"Gneises, ortogneises, migmatitas, anfibolitas y esquistos",MESOZOICO_BASALTO,#FF6347,/opt/geoserver/data_dir/styles/icons/fgdc/basalto.svg
Silúrico,"Areniscas, limolitas y arcilitas",PALEO_GRANITO,#FFD700,/opt/geoserver/data_dir/styles/icons/fgdc/granito.svg
Silúrico,"Areniscas, pelitas, filitas y esquistos",CENOZOICO_ARENA,#00FF00,/opt/geoserver/data_dir/styles/icons/fgdc/arena.svg
Silúrico,"Areniscas medianas a gruesas, coquinas, pelitas, calizas",MESOZOICO_BASALTO,#FF6347,/opt/geoserver/data_dir/styles/icons/fgdc/basalto.svg
Silúrico,"Areniscas finas a medianas, coquinas, pelitas, carbón",PALEO_GRANITO,#FFD700,/opt/geoserver/data_dir/styles/icons/fgdc/granito.svg
Silúrico,"Areniscas, conglomerados,pelitas, carbón",CENOZOICO_ARENA,#00FF00,/opt/geoserver/data_dir/styles/icons/fgdc/arena.svg
Silúrico,"Andesitas, basaltos, tobas",MESOZOICO_BASALTO,#FF6347,/opt/geoserver/data_dir/styles/icons/fgdc/basalto.svg
Silúrico,"Basaltos, basanitas, teschenitas, gabros.",PALEO_GRANITO,#FFD700,/opt/geoserver/data_dir/styles/icons/fgdc/granito.svg
Silúrico,"Ignimbritas y tobas ácidas, riolitas, pelitas y tufitas",CENOZOICO_ARENA,#00FF00,/opt/geoserver/data_dir/styles/icons/fgdc/arena.svg
Silúrico,Gabros y diques basálticos,MESOZOICO_BASALTO,#FF6347,/opt/geoserver/data_dir/styles/icons/fgdc/basalto.svg
Silúrico,"Tobas, tufitas, pelitas, areniscas gruesas a conglomerados",PALEO_GRANITO,#FFD700,/opt/geoserver/data_dir/styles/icons/fgdc/granito.svg
Silúrico,"Tobas, cineritas, tufitas, areniscas medias a gruesas, conglomerados",CENOZOICO_ARENA,#00FF00,/opt/geoserver/data_dir/styles/icons/fgdc/arena.svg
Silúrico,"Areniscas, arcilitas y limolitas, conglomerados",MESOZOICO_BASALTO,#FF6347,/opt/geoserver/data_dir/styles/icons/fgdc/basalto.svg
Silúrico,"Areniscas finas a medias, pelitas, calizas, coquinas",PALEO_GRANITO,#FFD700,/opt/geoserver/data_dir/styles/icons/fgdc/granito.svg
Silúrico,"Gneises, anfibolitas y granitos",CENOZOICO_ARENA,#00FF00,/opt/geoserver/data_dir/styles/icons/fgdc/arena.svg
Silúrico,"Granitos, granodioritas, dioritas, tonalitas.",MESOZOICO_BASALTO,#FF6347,/opt/geoserver/data_dir/styles/icons/fgdc/basalto.svg
Silúrico,"Gravas finas a medianas, arenas gruesas",PALEO_GRANITO,#FFD700,/opt/geoserver/data_dir/styles/icons/fgdc/granito.svg
Silúrico,Basaltos olivínicos,CENOZOICO_ARENA,#00FF00,/opt/geoserver/data_dir/styles/icons/fgdc/arena.svg
Silúrico,"Esquistos, filitas, ortocuarcitas, migmatitas y granitoides",MESOZOICO_BASALTO,#FF6347,/opt/geoserver/data_dir/styles/icons/fgdc/basalto.svg
Silúrico,Arenas medianas a gruesas y gravas finas,PALEO_GRANITO,#FFD700,/opt/geoserver/data_dir/styles/icons/fgdc/granito.svg
Silúrico,"Till, gravas, arenas y pelitas",CENOZOICO_ARENA,#00FF00,/opt/geoserver/data_dir/styles/icons/fgdc/arena.svg
Silúrico,"Areniscas, conglomerados y pelitas.",MESOZOICO_BASALTO,#FF6347,/opt/geoserver/data_dir/styles/icons/fgdc/basalto.svg
Silúrico,Metavolcanitas ácidas a mesosilícicas,PALEO_GRANITO,#FFD700,/opt/geoserver/data_dir/styles/icons/fgdc/granito.svg
Silúrico,Arenas y gravas,CENOZOICO_ARENA,#00FF00,/opt/geoserver/data_dir/styles/icons/fgdc/arena.svg
Silúrico,Rocas ultramáficas,MESOZOICO_BASALTO,#FF6347,/opt/geoserver/data_dir/styles/icons/fgdc/basalto.svg
Silúrico,"Arenas, gravas y pelitas",PALEO_GRANITO,#FFD700,/opt/geoserver/data_dir/styles/icons/fgdc/granito.svg
Silúrico,Limos y arcillas,CENOZOICO_ARENA,#00FF00,/opt/geoserver/data_dir/styles/icons/fgdc/arena.svg
Silúrico,"Arenas finas a medianas, rodados",MESOZOICO_BASALTO,#FF6347,/opt/geoserver/data_dir/styles/icons/fgdc/basalto.svg
Silúrico,Bloques,PALEO_GRANITO,#FFD700,/opt/geoserver/data_dir/styles/icons/fgdc/granito.svg
Silúrico,"Ortocuarcitas, cuarcitas y conglomerados, pelitas",CENOZOICO_ARENA,#00FF00,/opt/geoserver/data_dir/styles/icons/fgdc/arena.svg
Silúrico,"Basaltos alcalinos, basanitas, nefelinitas",MESOZOICO_BASALTO,#FF6347,/opt/geoserver/data_dir/styles/icons/fgdc/basalto.svg
Silúrico,"Riolitas y andesitas, tobas, ignimbritas y tufitas",PALEO_GRANITO,#FFD700,/opt/geoserver/data_dir/styles/icons/fgdc/granito.svg
Silúrico,"Tobas, areniscas, pelitas, tufitas, calizas, lavas e ignimbritas riolíticas y andesíticas",CENOZOICO_ARENA,#00FF00,/opt/geoserver/data_dir/styles/icons/fgdc/arena.svg
Silúrico,"Gravas medianas a gruesas, arenas gruesas",MESOZOICO_BASALTO,#FF6347,/opt/geoserver/data_dir/styles/icons/fgdc/basalto.svg
Silúrico,"Arenas, gravas, limos",PALEO_GRANITO,#FFD700,/opt/geoserver/data_dir/styles/icons/fgdc/granito.svg
Silúrico,"Gravas, arenas",CENOZOICO_ARENA,#00FF00,/opt/geoserver/data_dir/styles/icons/fgdc/arena.svg
Silúrico,"Conglomerados, areniscas, calizas, pelitas",MESOZOICO_BASALTO,#FF6347,/opt/geoserver/data_dir/styles/icons/fgdc/basalto.svg
Silúrico,"Limolitas, areniscas, conglomerados, olistolitos",PALEO_GRANITO,#FFD700,/opt/geoserver/data_dir/styles/icons/fgdc/granito.svg
Silúrico,"Granitos, granodioritas, tonalitas y diques riolíticos",CENOZOICO_ARENA,#00FF00,/opt/geoserver/data_dir/styles/icons/fgdc/arena.svg
Silúrico,"Areniscas, limolitas y conglomerados",MESOZOICO_BASALTO,#FF6347,/opt/geoserver/data_dir/styles/icons/fgdc/basalto.svg
Silúrico,"Areniscas, conglomerados, tufitas y tobas",PALEO_GRANITO,#FFD700,/opt/geoserver/data_dir/styles/icons/fgdc/granito.svg
Silúrico,"Limos, arcillas, arenas",CENOZOICO_ARENA,#00FF00,/opt/geoserver/data_dir/styles/icons/fgdc/arena.svg
Silúrico,"Andesitas, riolitas, basaltos, tobas, brechas, conglomerados, areniscas",MESOZOICO_BASALTO,#FF6347,/opt/geoserver/data_dir/styles/icons/fgdc/basalto.svg
Silúrico,"Tobas, tufitas, ignimbritas, areniscas y conglomerados",PALEO_GRANITO,#FFD700,/opt/geoserver/data_dir/styles/icons/fgdc/granito.svg
Silúrico,"Traquitas y tobas traquíticas, brechas y aglomerados.",CENOZOICO_ARENA,#00FF00,/opt/geoserver/data_dir/styles/icons/fgdc/arena.svg
Silúrico,"Till, gravas, arenas, arcillas",MESOZOICO_BASALTO,#FF6347,/opt/geoserver/data_dir/styles/icons/fgdc/basalto.svg
Silúrico,"Areniscas, pelitas, conglomerados, calizas",PALEO_GRANITO,#FFD700,/opt/geoserver/data_dir/styles/icons/fgdc/granito.svg
Silúrico,"Areniscas, pelitas, calizas, evaporitas",CENOZOICO_ARENA,#00FF00,/opt/geoserver/data_dir/styles/icons/fgdc/arena.svg
Silúrico,"Riolitas, dacitas, andesitas, ignimbritas, tobas, brechas, conglomerados",MESOZOICO_BASALTO,#FF6347,/opt/geoserver/data_dir/styles/icons/fgdc/basalto.svg
Silúrico,"Andesitas, ignimbritas",PALEO_GRANITO,#FFD700,/opt/geoserver/data_dir/styles/icons/fgdc/granito.svg
Silúrico,Metamorfitas y plutonitas metamorfizadas,CENOZOICO_ARENA,#00FF00,/opt/geoserver/data_dir/styles/icons/fgdc/arena.svg
Silúrico,"Metarenitas, filitas, mármoles, areniscas y pelitas",MESOZOICO_BASALTO,#FF6347,/opt/geoserver/data_dir/styles/icons/fgdc/basalto.svg
Silúrico,"Conglomerados, areniscas, pelitas, tufitas, tobas, yeso",PALEO_GRANITO,#FFD700,/opt/geoserver/data_dir/styles/icons/fgdc/granito.svg
Silúrico,"Brechas y areniscas volcánicas, tobas, tufitas, andesitas",CENOZOICO_ARENA,#00FF00,/opt/geoserver/data_dir/styles/icons/fgdc/arena.svg
Silúrico,"Calizas, margas, dolomias, fangolitas calcáreas",MESOZOICO_BASALTO,#FF6347,/opt/geoserver/data_dir/styles/icons/fgdc/basalto.svg
Silúrico,"Granitos, granodioritas",PALEO_GRANITO,#FFD700,/opt/geoserver/data_dir/styles/icons/fgdc/granito.svg
Silúrico,"Andesitas, dacitas, ignimbritas, tobas, pórfiros andesíticos y dacíticos",CENOZOICO_ARENA,#00FF00,/opt/geoserver/data_dir/styles/icons/fgdc/arena.svg
Silúrico,"Areniscas, arcilitas, calizas silicificadas",MESOZOICO_BASALTO,#FF6347,/opt/geoserver/data_dir/styles/icons/fgdc/basalto.svg
Silúrico,Areniscas y lutitas,PALEO_GRANITO,#FFD700,/opt/geoserver/data_dir/styles/icons/fgdc/granito.svg
Silúrico,Granitos muscovítico biotítico parcialmente pegmatíticos,CENOZOICO_ARENA,#00FF00,/opt/geoserver/data_dir/styles/icons/fgdc/arena.svg
Silúrico,"Limolitas con cemento carbonático, arenas, limos",MESOZOICO_BASALTO,#FF6347,/opt/geoserver/data_dir/styles/icons/fgdc/basalto.svg
Silúrico,"Andesitas, ignimbritas, tobas",PALEO_GRANITO,#FFD700,/opt/geoserver/data_dir/styles/icons/fgdc/granito.svg
Silúrico,"Basaltos, andesitas, tobas, tufitas",CENOZOICO_ARENA,#00FF00,/opt/geoserver/data_dir/styles/icons/fgdc/arena.svg
Silúrico,"Conglomerados, areniscas",MESOZOICO_BASALTO,#FF6347,/opt/geoserver/data_dir/styles/icons/fgdc/basalto.svg
Silúrico,"Esquistos, cuarcitas, gneises",PALEO_GRANITO,#FFD700,/opt/geoserver/data_dir/styles/icons/fgdc/granito.svg
Silúrico,Mármoles,CENOZOICO_ARENA,#00FF00,/opt/geoserver/data_dir/styles/icons/fgdc/arena.svg
Silúrico,"Ignimbritas dacíticas y riolíticas, brechas volcánicas y volcanoclásticas",MESOZOICO_BASALTO,#FF6347,/opt/geoserver/data_dir/styles/icons/fgdc/basalto.svg
Silúrico,"Lavas dacíticas, andesíticas y basálticas, brechas autoclásticas de composición andesítica y depósitos de bloques y ceniza (block and ash) asociados a estrato volcanes",PALEO_GRANITO,#FFD700,/opt/geoserver/data_dir/styles/icons/fgdc/granito.svg
Silúrico,"Areniscas, conglomerados, limolitas, arcilitas",CENOZOICO_ARENA,#00FF00,/opt/geoserver/data_dir/styles/icons/fgdc/arena.svg
Silúrico,"Anfibolitas, esquistos, gneises, calizas y pegmatitas",MESOZOICO_BASALTO,#FF6347,/opt/geoserver/data_dir/styles/icons/fgdc/basalto.svg
Silúrico,"Basaltos, andesitas, tobas",PALEO_GRANITO,#FFD700,/opt/geoserver/data_dir/styles/icons/fgdc/granito.svg
Silúrico,"Andesitas, riodacítas, piroclastitas, areniscas líticas",CENOZOICO_ARENA,#00FF00,/opt/geoserver/data_dir/styles/icons/fgdc/arena.svg
Silúrico,"Depósitos de evaporitas (cloruros, sulfatos y boratos), limos y arcillas, tufitas y travertinos",MESOZOICO_BASALTO,#FF6347,/opt/geoserver/data_dir/styles/icons/fgdc/basalto.svg
Silúrico,Cuerpos porfídicos hipabisales de composición diorítica a andesítica y dacítica,PALEO_GRANITO,#FFD700,/opt/geoserver/data_dir/styles/icons/fgdc/granito.svg
Silúrico,Margas arenosas y areniscas arcillosas,CENOZOICO_ARENA,#00FF00,/opt/geoserver/data_dir/styles/icons/fgdc/arena.svg
Silúrico,Traquiandesitas,MESOZOICO_BASALTO,#FF6347,/opt/geoserver/data_dir/styles/icons/fgdc/basalto.svg
Silúrico,"Areniscas, pelitas, conglomerados, calizas, evaporitas, tobas",PALEO_GRANITO,#FFD700,/opt/geoserver/data_dir/styles/icons/fgdc/granito.svg
Silúrico,"Limolitas, areniscas, arcilitas, calcretes",CENOZOICO_ARENA,#00FF00,/opt/geoserver/data_dir/styles/icons/fgdc/arena.svg
Silúrico,"Pelitas, areniscas, diamictitas, conglomerados",MESOZOICO_BASALTO,#FF6347,/opt/geoserver/data_dir/styles/icons/fgdc/basalto.svg
Silúrico,"Basaltos, tobas",PALEO_GRANITO,#FFD700,/opt/geoserver/data_dir/styles/icons/fgdc/granito.svg
Silúrico,"Granitos, granodioritas, tonalitas",CENOZOICO_ARENA,#00FF00,/opt/geoserver/data_dir/styles/icons/fgdc/arena.svg
Silúrico,"Limos, arcillas y evaporitas",MESOZOICO_BASALTO,#FF6347,/opt/geoserver/data_dir/styles/icons/fgdc/basalto.svg
Silúrico,"Granodioritas, dioritas, tonalitas",PALEO_GRANITO,#FFD700,/opt/geoserver/data_dir/styles/icons/fgdc/granito.svg
Silúrico,"Trondjhemitas, tonalitas",CENOZOICO_ARENA,#00FF00,/opt/geoserver/data_dir/styles/icons/fgdc/arena.svg
Silúrico,"Areniscas finas a gruesas, conglomerados, tobas, pelitas negras",MESOZOICO_BASALTO,#FF6347,/opt/geoserver/data_dir/styles/icons/fgdc/basalto.svg
Silúrico,"Areniscas gruesas y conglomerados, tobas y tufitas, coquinas",PALEO_GRANITO,#FFD700,/opt/geoserver/data_dir/styles/icons/fgdc/granito.svg
Silúrico,"Riolitas, basaltos y traquitas",CENOZOICO_ARENA,#00FF00,/opt/geoserver/data_dir/styles/icons/fgdc/arena.svg
Silúrico,"Lavas, brechas, ignimbritas y tobas de composición riolítica, dacítica y andesítica",MESOZOICO_BASALTO,#FF6347,/opt/geoserver/data_dir/styles/icons/fgdc/basalto.svg
Silúrico,"Leucogranitos de dos micas y monzogranitos biotíticos con tendencia porfídica, al que se asocian pórfidos graníticos y diques micrograníticos. También se reconocen lamprófiros, aplitas y diques graníticos. Sienitas y granitos riebeckíticos y diques",PALEO_GRANITO,#FFD700,/opt/geoserver/data_dir/styles/icons/fgdc/granito.svg
Silúrico,Granitoides,CENOZOICO_ARENA,#00FF00,/opt/geoserver/data_dir/styles/icons/fgdc/arena.svg
Silúrico,"Basaltos, andesitas, dacitas, tobas, brechas, pelitas",MESOZOICO_BASALTO,#FF6347,/opt/geoserver/data_dir/styles/icons/fgdc/basalto.svg
Silúrico,"Depósitos residuales limosos, ferricretes",PALEO_GRANITO,#FFD700,/opt/geoserver/data_dir/styles/icons/fgdc/granito.svg
Silúrico,"Granitos y granodioritas, tonalitas",CENOZOICO_ARENA,#00FF00,/opt/geoserver/data_dir/styles/icons/fgdc/arena.svg
Silúrico,"Ortocuarcitas, areniscas y pelitas",MESOZOICO_BASALTO,#FF6347,/opt/geoserver/data_dir/styles/icons/fgdc/basalto.svg
Silúrico,"Areniscas medianas a finas, conglomerados polimícticos, evaporitas, caliza y yeso; sedimentitas clásticas calcáreas con intercalaciones de dacitas y tobas",PALEO_GRANITO,#FFD700,/opt/geoserver/data_dir/styles/icons/fgdc/granito.svg
Silúrico,"Conglomerados, areniscas conglomerádicas, areniscas, pelitas y limolitas y calizas",CENOZOICO_ARENA,#00FF00,/opt/geoserver/data_dir/styles/icons/fgdc/arena.svg
Silúrico,"Gabros, granitos, granodioritas, dioritas, sienitas, monzonitas, monzodioritas, monzogranitos, tonalitas",MESOZOICO_BASALTO,#FF6347,/opt/geoserver/data_dir/styles/icons/fgdc/basalto.svg
Silúrico,"Areniscas, limolitas, duricostras",PALEO_GRANITO,#FFD700,/opt/geoserver/data_dir/styles/icons/fgdc/granito.svg
Silúrico,"Diamictitas, areniscas",CENOZOICO_ARENA,#00FF00,/opt/geoserver/data_dir/styles/icons/fgdc/arena.svg
Silúrico,Areniscas y limolitas,MESOZOICO_BASALTO,#FF6347,/opt/geoserver/data_dir/styles/icons/fgdc/basalto.svg
Silúrico,Riolitas,PALEO_GRANITO,#FFD700,/opt/geoserver/data_dir/styles/icons/fgdc/granito.svg
Silúrico,"Areniscas, cuarcitas",CENOZOICO_ARENA,#00FF00,/opt/geoserver/data_dir/styles/icons/fgdc/arena.svg
Silúrico,"Pelitas y areniscas, fosilíferas",MESOZOICO_BASALTO,#FF6347,/opt/geoserver/data_dir/styles/icons/fgdc/basalto.svg
Silúrico,"Lutitas, areniscas, conglomerados, tobas",PALEO_GRANITO,#FFD700,/opt/geoserver/data_dir/styles/icons/fgdc/granito.svg
Silúrico,"Granitos, granodioritas, microgranitos",CENOZOICO_ARENA,#00FF00,/opt/geoserver/data_dir/styles/icons/fgdc/arena.svg
Silúrico,"Filitas, esquistos, cuarcitas",MESOZOICO_BASALTO,#FF6347,/opt/geoserver/data_dir/styles/icons/fgdc/basalto.svg
Silúrico,"Conglomerados, areniscas, tobas, andesitas, brechas ignimbríticas",PALEO_GRANITO,#FFD700,/opt/geoserver/data_dir/styles/icons/fgdc/granito.svg
Silúrico,"Areniscas, pelitas, conglomerados, calizas, evaporitas",CENOZOICO_ARENA,#00FF00,/opt/geoserver/data_dir/styles/icons/fgdc/arena.svg
Silúrico,"Esquistos, gneises, milonitas, anfibolitas y mármoles",MESOZOICO_BASALTO,#FF6347,/opt/geoserver/data_dir/styles/icons/fgdc/basalto.svg
Silúrico,"Esquistos, gneises, mármoles, metadiabasas",PALEO_GRANITO,#FFD700,/opt/geoserver/data_dir/styles/icons/fgdc/granito.svg
Silúrico,"Andesitas, basandesitas, aglomerados, areniscas, tobas",CENOZOICO_ARENA,#00FF00,/opt/geoserver/data_dir/styles/icons/fgdc/arena.svg
Silúrico,"Granitos, aplitas, pegmatitas",MESOZOICO_BASALTO,#FF6347,/opt/geoserver/data_dir/styles/icons/fgdc/basalto.svg
Silúrico,"Basaltos y diabasas (estructura almohadillada). Diques y filones diabásicos, gabros y dioritas",PALEO_GRANITO,#FFD700,/opt/geoserver/data_dir/styles/icons/fgdc/granito.svg
Silúrico,"Limos, arcillas, sales",CENOZOICO_ARENA,#00FF00,/opt/geoserver/data_dir/styles/icons/fgdc/arena.svg
Silúrico,"Areniscas finas a gruesas, conglomerados, pelitas, coquinas.",MESOZOICO_BASALTO,#FF6347,/opt/geoserver/data_dir/styles/icons/fgdc/basalto.svg
Silúrico,"Areniscas medias a gruesas, arcilitas, tobas y tufitas",PALEO_GRANITO,#FFD700,/opt/geoserver/data_dir/styles/icons/fgdc/granito.svg
Silúrico,"Areniscas feldespáticas, limolitas, lutitas, arcosas",CENOZOICO_ARENA,#00FF00,/opt/geoserver/data_dir/styles/icons/fgdc/arena.svg
Silúrico,"Granitos, granodiorítas, pórfidos",MESOZOICO_BASALTO,#FF6347,/opt/geoserver/data_dir/styles/icons/fgdc/basalto.svg
Silúrico,"Granodioritas, tonalitas, granitos",PALEO_GRANITO,#FFD700,/opt/geoserver/data_dir/styles/icons/fgdc/granito.svg
Silúrico,"Tobas, chonitas, areniscas finas a medias, arcilitas",CENOZOICO_ARENA,#00FF00,/opt/geoserver/data_dir/styles/icons/fgdc/arena.svg
Silúrico,"Granófiros, pórfiros riolíticos",MESOZOICO_BASALTO,#FF6347,/opt/geoserver/data_dir/styles/icons/fgdc/basalto.svg
Silúrico,"Basaltos olivínicos, basanitas",PALEO_GRANITO,#FFD700,/opt/geoserver/data_dir/styles/icons/fgdc/granito.svg
Silúrico,"Tobas, cineritas, arcilitas, bentonitas",CENOZOICO_ARENA,#00FF00,/opt/geoserver/data_dir/styles/icons/fgdc/arena.svg
Silúrico,"Dacitas, riolitas, andesitas, basaltos, tobas e ignimbritas",MESOZOICO_BASALTO,#FF6347,/opt/geoserver/data_dir/styles/icons/fgdc/basalto.svg
Silúrico,"Tobas, tufitas, conglomerados, calizas y basaltos",PALEO_GRANITO,#FFD700,/opt/geoserver/data_dir/styles/icons/fgdc/granito.svg
Silúrico,"Conglomerados, areniscas, arcilitas y calizas",CENOZOICO_ARENA,#00FF00,/opt/geoserver/data_dir/styles/icons/fgdc/arena.svg
Silúrico,"Riolitas y andesitas, ignimbritas y tobas ácidas",MESOZOICO_BASALTO,#FF6347,/opt/geoserver/data_dir/styles/icons/fgdc/basalto.svg
Silúrico,"Basaltos, andesitas, tobas, ignimbritas y aglomerados volcánicos",PALEO_GRANITO,#FFD700,/opt/geoserver/data_dir/styles/icons/fgdc/granito.svg
Silúrico,"Areniscas, pelitas, coquinas, tufitas, tobas",CENOZOICO_ARENA,#00FF00,/opt/geoserver/data_dir/styles/icons/fgdc/arena.svg
Silúrico,"Basaltos olivínicos, pórfiros basálticos",MESOZOICO_BASALTO,#FF6347,/opt/geoserver/data_dir/styles/icons/fgdc/basalto.svg
Silúrico,"Areniscas, pelitas, conglomerados, tobas.",PALEO_GRANITO,#FFD700,/opt/geoserver/data_dir/styles/icons/fgdc/granito.svg
Silúrico,"Granitos y granodioritas, pórfiros",CENOZOICO_ARENA,#00FF00,/opt/geoserver/data_dir/styles/icons/fgdc/arena.svg
Silúrico,"Riolitas e ignimbritas, dacitas y tobas",MESOZOICO_BASALTO,#FF6347,/opt/geoserver/data_dir/styles/icons/fgdc/basalto.svg
Silúrico,Basaltos y adakitas,PALEO_GRANITO,#FFD700,/opt/geoserver/data_dir/styles/icons/fgdc/granito.svg
Silúrico,Arenas finas a medianas,CENOZOICO_ARENA,#00FF00,/opt/geoserver/data_dir/styles/icons/fgdc/arena.svg
