"id","processed","name_wd","name_rdl","name_pae","units_wd_id","units_rdl_id","value_min_PAE","value_max_PAE","value_min_RDL","value_max_RDL","value_null","asociado_id","group_id","group_sensor_id","import","required_rdl","required_pae","create_date"
"1347","PROCESSED","DATETIME"," ","","1","1","0","0","0","0","-999.25","0","1","14","SI","NO","NO","27/4/2021 16:45:16"
"1348","PROCESSED","Accum_Trip_In"," ","","16","16","0","0","0","0","-999.25","0","1","14","NO","NO","NO","27/4/2021 16:45:16"
"1349","PROCESSED","Accum_Trip_Out"," ","","16","16","0","0","0","0","-999.25","0","1","14","NO","NO","NO","27/4/2021 16:45:16"
"1350","PROCESSED","Acetylene"," ","","23","23","0","0","0","0","-999.25","0","1","14","NO","NO","NO","27/4/2021 16:45:16"
"1351","PROCESSED","AD_ROP"," ","","41","41","0","0","0","0","-999.25","0","1","14","NO","NO","NO","27/4/2021 16:45:16"
"1352","PROCESSED","Air_Pressure"," ","","6","6","0","0","0","0","-999.25","0","1","14","NO","NO","NO","27/4/2021 16:45:16"
"1353","PROCESSED","Alarm_Horn"," ","","18","18","0","0","0","0","-999.25","0","1","14","NO","NO","NO","27/4/2021 16:45:16"
"1354","PROCESSED","Altura_del_Bloque","BHT","Altura Bloque","2","2","0","27000","0","0","-999.25","0","1","14","SI","SI","SI","22/4/2022 14:05:56"
"1355","PROCESSED","Annular_Velocity"," ","","24","24","0","0","0","0","-999.25","0","1","14","NO","NO","NO","27/4/2021 16:45:16"
"1356","PROCESSED","Back_Pressure"," ","","6","6","0","0","0","0","-999.25","0","1","14","NO","NO","NO","27/4/2021 16:45:16"
"1357","PROCESSED","BHA_Length"," ","","26","26","0","0","0","0","-999.25","0","1","14","NO","NO","NO","27/4/2021 16:45:16"
"1358","PROCESSED","Bit_Position","profundidades","Posicion Trepano","10","10","0","7000","0","0","-999.25","0","1","14","SI","SI","SI","27/4/2021 16:45:16"
"1359","PROCESSED","Bit_Size"," ","","39","39","0","0","0","0","-999.25","0","1","14","NO","NO","NO","27/4/2021 16:45:16"
"1360","PROCESSED","Bit_Status"," ","","25","25","0","0","0","0","-999.25","0","1","14","NO","NO","NO","27/4/2021 16:45:16"
"1361","PROCESSED","Bit_Time"," ","","31","31","0","0","0","0","-999.25","0","1","14","NO","NO","NO","27/4/2021 16:45:16"
"1362","PROCESSED","Bit_TVD","profundidades","","26","10","0","7000","0","0","-999.25","0","1","14","NO","NO","NO","30/4/2021 10:24:05"
"1363","PROCESSED","Bit_TVD_-_WITS"," ","","26","26","0","0","0","0","-999.25","0","1","14","NO","NO","NO","27/4/2021 16:45:16"
"1364","PROCESSED","Bit_Weight","pesos","Peso sobre Trepano","7","4","0","30","0","0","-999.25","0","1","14","SI","NO","SI","30/4/2021 10:35:12"
"1365","PROCESSED","Bttm_Ann_Press"," ","","6","6","0","0","0","0","-999.25","0","1","14","NO","NO","NO","27/4/2021 16:45:16"
"1366","PROCESSED","Bttm_Ann_Temp"," ","","27","27","0","0","0","0","-999.25","0","1","14","NO","NO","NO","27/4/2021 16:45:16"
"1367","PROCESSED","Bttm_Pipe_Temp"," ","","27","27","0","0","0","0","-999.25","0","1","14","NO","NO","NO","27/4/2021 16:45:16"
"1368","PROCESSED","Carbon_Dioxide"," ","","23","23","0","0","0","0","-999.25","0","1","14","NO","NO","NO","27/4/2021 16:45:16"
"1369","PROCESSED","Choke_Position_1"," ","","56","56","0","0","0","0","-999.25","0","1","14","NO","NO","NO","27/4/2021 16:45:16"
"1370","PROCESSED","Choke_Position_2"," ","","56","56","0","0","0","0","-999.25","0","1","14","NO","NO","NO","27/4/2021 16:45:16"
"1371","PROCESSED","Chromo_Methane"," ","","56","56","0","0","0","0","-999.25","0","1","14","NO","NO","NO","27/4/2021 16:45:16"
"1372","PROCESSED","Chromo_Propane"," ","","56","56","0","0","0","0","-999.25","0","1","14","NO","NO","NO","27/4/2021 16:45:16"
"1373","PROCESSED","Circulating_Hrs"," ","","50","50","0","0","0","0","-999.25","0","1","14","NO","NO","NO","27/4/2021 16:45:16"
"1374","PROCESSED","Co._Man_G/L"," ","","16","16","0","0","0","0","-999.25","0","1","14","NO","NO","NO","27/4/2021 16:45:16"
"1375","PROCESSED","Co._Man_Total_Strokes"," ","","13","13","0","0","0","0","-999.25","0","1","14","NO","NO","NO","27/4/2021 16:45:16"
"1376","PROCESSED","Counter_A"," ","","48","48","0","0","0","0","-999.25","0","1","14","NO","NO","NO","27/4/2021 16:45:16"
"1377","PROCESSED","Counter_B"," ","","48","48","0","0","0","0","-999.25","0","1","14","NO","NO","NO","27/4/2021 16:45:16"
"1378","PROCESSED","Depth_Average_Out"," ","","41","41","0","0","0","0","-999.25","0","1","14","NO","NO","NO","27/4/2021 16:45:16"
"1379","PROCESSED","Diff_Press"," ","","6","6","0","0","0","0","-999.25","0","1","14","NO","NO","NO","27/4/2021 16:45:16"
"1380","PROCESSED","Dog_Leg_Severity_"," ","","29","29","0","0","0","0","-999.25","0","1","14","NO","NO","NO","27/4/2021 16:45:16"
"1381","PROCESSED","Dog_Leg_Severity_-_WITS"," ","","29","29","0","0","0","0","-999.25","0","1","14","NO","NO","NO","27/4/2021 16:45:16"
"1382","PROCESSED","DSI_SPM_Trigger"," ","","12","12","0","0","0","0","-999.25","0","1","14","NO","NO","NO","27/4/2021 16:45:16"
"1383","PROCESSED","DSI_Tank_Number"," ","","19","19","0","0","0","0","-999.25","0","1","14","NO","NO","NO","27/4/2021 16:45:16"
"1384","PROCESSED","DSI_Tank_Volume"," ","","16","16","0","0","0","0","-999.25","0","1","14","NO","NO","NO","27/4/2021 16:45:16"
"1385","PROCESSED","EDMS_Counts","EDMS_COUNTS","Conteo EDMS","3","3","-1000000","1000000","0","0","-999.25","0","1","14","SI","SI","NO","9/9/2021 11:14:13"
"1386","PROCESSED","Ethane"," ","","23","23","0","0","0","0","-999.25","0","1","14","NO","NO","NO","27/4/2021 16:45:16"
"1387","PROCESSED","FD_Heartbeat"," ","","19","19","0","0","0","0","-999.25","0","1","14","NO","NO","NO","27/4/2021 16:45:16"
"1388","PROCESSED","FD_Pump_Stability"," ","","56","56","0","0","0","0","-999.25","0","1","14","NO","NO","NO","27/4/2021 16:45:16"
"1389","PROCESSED","FD_Svy_Azimuth"," ","","30","30","0","0","0","0","-999.25","0","1","14","NO","NO","NO","27/4/2021 16:45:16"
"1390","PROCESSED","FD_Svy_Date"," ","","19","19","0","0","0","0","-999.25","0","1","14","NO","NO","NO","27/4/2021 16:45:16"
"1391","PROCESSED","FD_Svy_Depth"," ","","26","26","0","0","0","0","-999.25","0","1","14","NO","NO","NO","27/4/2021 16:45:16"
"1392","PROCESSED","FD_Svy_Inclination"," ","","30","30","0","0","0","0","-999.25","0","1","14","NO","NO","NO","27/4/2021 16:45:16"
"1393","PROCESSED","FD_Svy_Quality"," ","","56","56","0","0","0","0","-999.25","0","1","14","NO","NO","NO","27/4/2021 16:45:16"
"1394","PROCESSED","FD_Svy_Time"," ","","31","31","0","0","0","0","-999.25","0","1","14","NO","NO","NO","27/4/2021 16:45:16"
"1395","PROCESSED","Flow_Deviation"," ","","56","56","0","0","0","0","-999.25","0","1","14","NO","NO","NO","27/4/2021 16:45:16"
"1396","PROCESSED","Flow_In_Rate","bombas","Flujo de Entrada","36","36","0","500","0","0","-999.25","0","1","14","SI","NO","SI","27/4/2021 16:45:16"
"1397","PROCESSED","Flow_Out_%_to_Rate_Cal"," ","","32","32","0","0","0","0","-999.25","0","1","14","NO","NO","NO","27/4/2021 16:51:04"
"1398","PROCESSED","Flow_Out_Percent","caudales","Caudal de Retorno (%)","56","56","0","100","0","0","-999.25","0","1","14","SI","NO","SI","30/4/2021 10:23:46"
"1399","PROCESSED","Flow_Out_Rate","caudales","","36","36","0","500","0","0","-999.25","0","1","14","SI","NO","SI","30/4/2021 10:42:42"
"1400","PROCESSED","Flow_Pressure","bombas","","6","6","0","5000","0","0","-999.25","0","1","14","NO","NO","NO","30/4/2021 10:24:32"
"1401","PROCESSED","Flow_Temp"," ","","27","27","0","0","0","0","-999.25","0","1","14","NO","NO","NO","27/4/2021 16:51:04"
"1402","PROCESSED","Gain_Loss"," ","","16","16","0","0","0","0","-999.25","0","1","14","NO","NO","NO","27/4/2021 16:51:04"
"1403","PROCESSED","Gain_Loss_-_Spare"," ","","16","16","0","0","0","0","-999.25","0","1","14","NO","NO","NO","27/4/2021 16:51:04"
"1404","PROCESSED","Gamma_Depth"," ","","26","26","0","0","0","0","-999.25","0","1","14","NO","NO","NO","27/4/2021 16:51:04"
"1405","PROCESSED","Gamma_Ray"," ","","34","34","0","0","0","0","-999.25","0","1","14","NO","NO","NO","27/4/2021 16:51:04"
"1406","PROCESSED","Gas_Fault"," ","","18","18","0","0","0","0","-999.25","0","1","14","NO","NO","NO","27/4/2021 16:51:04"
"1407","PROCESSED","Gas_Flow_Rate"," ","","35","35","0","0","0","0","-999.25","0","1","14","NO","NO","NO","27/4/2021 16:51:04"
"1408","PROCESSED","Gas_Injection"," ","","36","36","0","0","0","0","-999.25","0","1","14","NO","NO","NO","27/4/2021 16:51:04"
"1409","PROCESSED","Gear_In_Use"," ","","19","19","0","0","0","0","-999.25","0","1","14","NO","NO","NO","27/4/2021 16:51:04"
"1410","PROCESSED","GW_Air_Flow"," ","","19","19","0","0","0","0","-999.25","0","1","14","NO","NO","NO","27/4/2021 16:51:04"
"1411","PROCESSED","GW_Balance_Ratio"," ","","19","19","0","0","0","0","-999.25","0","1","14","NO","NO","NO","27/4/2021 16:51:04"
"1412","PROCESSED","GW_Char_Ratio"," ","","19","19","0","0","0","0","-999.25","0","1","14","NO","NO","NO","27/4/2021 16:51:04"
"1413","PROCESSED","GW_Ethane_(C2)"," ","","56","56","0","0","0","0","-999.25","0","1","14","NO","NO","NO","27/4/2021 16:51:04"
"1414","PROCESSED","GW_ISO-Butane_(IC4)"," ","","56","56","0","0","0","0","-999.25","0","1","14","NO","NO","NO","27/4/2021 16:51:04"
"1415","PROCESSED","GW_ISO-Pentane_(IC5)"," ","","56","56","0","0","0","0","-999.25","0","1","14","NO","NO","NO","27/4/2021 16:51:04"
"1416","PROCESSED","GW_Methane_(C1)_"," ","","56","56","0","0","0","0","-999.25","0","1","14","NO","NO","NO","27/4/2021 16:51:04"
"1417","PROCESSED","GW_NOR-Butane_(NC4)"," ","","56","56","0","0","0","0","-999.25","0","1","14","NO","NO","NO","27/4/2021 16:51:04"
"1418","PROCESSED","GW_NOR-Pentane_(NC5)"," ","","56","56","0","0","0","0","-999.25","0","1","14","NO","NO","NO","27/4/2021 16:51:04"
"1419","PROCESSED","GW_Propane_(C3)_"," ","","56","56","0","0","0","0","-999.25","0","1","14","NO","NO","NO","27/4/2021 16:51:04"
"1420","PROCESSED","GW_Pump_Shutdown"," ","","19","19","0","0","0","0","-999.25","0","1","14","NO","NO","NO","27/4/2021 16:51:04"
"1421","PROCESSED","GW_Status"," ","","18","18","0","0","0","0","-999.25","0","1","14","NO","NO","NO","27/4/2021 16:51:04"
"1422","PROCESSED","GW_Total_Gas_"," ","","56","56","0","0","0","0","-999.25","0","1","14","NO","NO","NO","27/4/2021 16:51:04"
"1423","PROCESSED","GW_Vacuum"," ","","37","37","0","0","0","0","-999.25","0","1","14","NO","NO","NO","27/4/2021 16:51:04"
"1424","PROCESSED","GW_Vacuum_Max"," ","","37","37","0","0","0","0","-999.25","0","1","14","NO","NO","NO","27/4/2021 16:51:04"
"1425","PROCESSED","GW_Wet_Ratio"," ","","19","19","0","0","0","0","-999.25","0","1","14","NO","NO","NO","27/4/2021 16:51:04"
"1426","PROCESSED","GWEX_AgitatorFlow"," ","","36","36","0","0","0","0","-999.25","0","1","14","NO","NO","NO","27/4/2021 16:51:04"
"1427","PROCESSED","GWEX_AgitatorFlowSetpoint"," ","","36","36","0","0","0","0","-999.25","0","1","14","NO","NO","NO","27/4/2021 16:51:04"
"1428","PROCESSED","GWEX_AgitatorPressure"," ","","6","6","0","0","0","0","-999.25","0","1","14","NO","NO","NO","27/4/2021 16:51:04"
"1429","PROCESSED","GWEX_AgitatorRate"," ","","8","8","0","0","0","0","-999.25","0","1","14","NO","NO","NO","27/4/2021 16:51:04"
"1430","PROCESSED","GWEX_BlowbackSetpoint"," ","","6","6","0","0","0","0","-999.25","0","1","14","NO","NO","NO","27/4/2021 16:51:04"
"1431","PROCESSED","GWEX_FaultMode"," ","","19","19","0","0","0","0","-999.25","0","1","14","NO","NO","NO","27/4/2021 16:51:04"
"1432","PROCESSED","GWEX_H2S"," ","","56","56","0","0","0","0","-999.25","0","1","14","NO","NO","NO","27/4/2021 16:51:04"
"1433","PROCESSED","GWEX_H2SAlarm"," ","","18","18","0","0","0","0","-999.25","0","1","14","NO","NO","NO","27/4/2021 16:51:04"
"1434","PROCESSED","GWEX_Methane"," ","","56","56","0","0","0","0","-999.25","0","1","14","NO","NO","NO","27/4/2021 16:51:04"
"1435","PROCESSED","GWEX_Propane"," ","","56","56","0","0","0","0","-999.25","0","1","14","NO","NO","NO","27/4/2021 16:51:04"
"1436","PROCESSED","GWEX_RigAirPressure"," ","","6","6","0","0","0","0","-999.25","0","1","14","NO","NO","NO","27/4/2021 16:51:04"
"1437","PROCESSED","GWEX_SampleFlow"," ","","36","36","0","0","0","0","-999.25","0","1","14","NO","NO","NO","27/4/2021 16:51:04"
"1438","PROCESSED","GWEX_SampleFlowSetpoint"," ","","36","36","0","0","0","0","-999.25","0","1","14","NO","NO","NO","27/4/2021 16:51:04"
"1439","PROCESSED","GWEX_SampleVacuum"," ","","6","6","0","0","0","0","-999.25","0","1","14","NO","NO","NO","27/4/2021 16:51:04"
"1440","PROCESSED","GWEX_SystemMode"," ","","19","19","0","0","0","0","-999.25","0","1","14","NO","NO","NO","27/4/2021 16:51:04"
"1441","PROCESSED","GWEX_Temperature"," ","","27","27","0","0","0","0","-999.25","0","1","14","NO","NO","NO","27/4/2021 16:51:04"
"1442","PROCESSED","GWEX_TotalGas"," ","","56","56","0","0","0","0","-999.25","0","1","14","NO","NO","NO","27/4/2021 16:51:04"
"1443","PROCESSED","H2S_Gas"," ","","23","23","0","0","0","0","-999.25","0","1","14","NO","NO","NO","27/4/2021 16:51:04"
"1444","PROCESSED","Hole_Depth","DEPT","Profundidad Pozo","10","10","0","7000","0","0","-999.25","0","1","14","SI","NO","SI","17/11/2021 13:12:15"
"1445","PROCESSED","Hook_Load","pesos","Peso en el Gancho","81","4","0","60000","0","0","-999.25","0","1","14","SI","NO","SI","30/4/2021 10:35:12"
"1446","PROCESSED","Horn_Alarm_State"," ","","19","19","0","0","0","0","-999.25","0","1","14","NO","NO","NO","27/4/2021 16:51:04"
"1447","PROCESSED","Iso-Butane"," ","","23","23","0","0","0","0","-999.25","0","1","14","NO","NO","NO","27/4/2021 16:54:11"
"1448","PROCESSED","Iso-Hexane"," ","","23","23","0","0","0","0","-999.25","0","1","14","NO","NO","NO","27/4/2021 16:54:11"
"1449","PROCESSED","Iso-Pentane"," ","","23","23","0","0","0","0","-999.25","0","1","14","NO","NO","NO","27/4/2021 16:54:11"
"1450","PROCESSED","Kelly_Down"," ","","26","26","0","0","0","0","-999.25","0","1","14","NO","NO","NO","27/4/2021 16:54:11"
"1451","PROCESSED","KZ_Base_MSE"," ","","38","38","0","0","0","0","-999.25","0","1","14","NO","NO","NO","27/4/2021 16:54:11"
"1452","PROCESSED","KZ_Bit_Bounce"," ","","19","19","0","0","0","0","-999.25","0","1","14","NO","NO","NO","27/4/2021 16:54:11"
"1453","PROCESSED","KZ_Bit_MSE"," ","","38","38","0","0","0","0","-999.25","0","1","14","NO","NO","NO","27/4/2021 16:54:11"
"1454","PROCESSED","KZ_Command_Delta_P"," ","","6","6","0","0","0","0","-999.25","0","1","14","NO","NO","NO","27/4/2021 16:54:11"
"1455","PROCESSED","KZ_Command_RPM"," ","","8","8","0","0","0","0","-999.25","0","1","14","NO","NO","NO","27/4/2021 16:54:11"
"1456","PROCESSED","KZ_Command_SWOB"," ","","7","7","0","0","0","0","-999.25","0","1","14","NO","NO","NO","27/4/2021 16:54:11"
"1457","PROCESSED","KZ_Command_Toolface_Grav"," ","","30","30","0","0","0","0","-999.25","0","1","14","NO","NO","NO","27/4/2021 16:54:11"
"1458","PROCESSED","KZ_Command_Toolface_Mag"," ","","30","30","0","0","0","0","-999.25","0","1","14","NO","NO","NO","27/4/2021 16:54:11"
"1459","PROCESSED","KZ_Communication_Resets"," ","","19","19","0","0","0","0","-999.25","0","1","14","NO","NO","NO","27/4/2021 16:54:11"
"1460","PROCESSED","KZ_Corrected_Delta_P"," ","","6","6","0","0","0","0","-999.25","0","1","14","NO","NO","NO","27/4/2021 16:54:11"
"1461","PROCESSED","KZ_CPU_Overload_Count"," ","","19","19","0","0","0","0","-999.25","0","1","14","NO","NO","NO","27/4/2021 16:54:11"
"1462","PROCESSED","KZ_Delta_P_Correction_Status"," ","","18","18","0","0","0","0","-999.25","0","1","14","NO","NO","NO","27/4/2021 16:54:11"
"1463","PROCESSED","KZ_Delta_P/SWOB_Focus"," ","","19","19","0","0","0","0","-999.25","0","1","14","NO","NO","NO","27/4/2021 16:54:11"
"1464","PROCESSED","KZ_Depth_of_Cut"," ","","39","39","0","0","0","0","-999.25","0","1","14","NO","NO","NO","27/4/2021 16:54:11"
"1465","PROCESSED","KZ_Distance_to_Plan"," ","","26","26","0","0","0","0","-999.25","0","1","14","NO","NO","NO","27/4/2021 16:54:11"
"1466","PROCESSED","KZ_Downhole_Model_Status"," ","","18","18","0","0","0","0","-999.25","0","1","14","NO","NO","NO","27/4/2021 16:54:11"
"1467","PROCESSED","KZ_Dynamic_Window"," ","","19","19","0","0","0","0","-999.25","0","1","14","NO","NO","NO","27/4/2021 16:54:11"
"1468","PROCESSED","KZ_Dysfunction_Indicator"," ","","18","18","0","0","0","0","-999.25","0","1","14","NO","NO","NO","27/4/2021 16:54:11"
"1469","PROCESSED","KZ_Engine_In_Control"," ","","18","18","0","0","0","0","-999.25","0","1","14","NO","NO","NO","27/4/2021 16:54:11"
"1470","PROCESSED","KZ_Engine_Status"," ","","18","18","0","0","0","0","-999.25","0","1","14","NO","NO","NO","27/4/2021 16:54:11"
"1471","PROCESSED","KZ_Execution_Timer"," ","","40","40","0","0","0","0","-999.25","0","1","14","NO","NO","NO","27/4/2021 16:54:11"
"1472","PROCESSED","KZ_Exploration_Percent"," ","","56","56","0","0","0","0","-999.25","0","1","14","NO","NO","NO","27/4/2021 16:54:11"
"1473","PROCESSED","KZ_Exploration_Progress"," ","","56","56","0","0","0","0","-999.25","0","1","14","NO","NO","NO","27/4/2021 16:54:11"
"1474","PROCESSED","KZ_Max_Delta_P"," ","","6","6","0","0","0","0","-999.25","0","1","14","NO","NO","NO","27/4/2021 16:54:11"
"1475","PROCESSED","KZ_Max_Delta_P_Step"," ","","6","6","0","0","0","0","-999.25","0","1","14","NO","NO","NO","27/4/2021 16:54:11"
"1476","PROCESSED","KZ_Max_DWOB"," ","","7","7","0","0","0","0","-999.25","0","1","14","NO","NO","NO","27/4/2021 16:54:11"
"1477","PROCESSED","KZ_Max_ROP"," ","","41","41","0","0","0","0","-999.25","0","1","14","NO","NO","NO","27/4/2021 16:54:11"
"1478","PROCESSED","KZ_Max_RPM"," ","","8","8","0","0","0","0","-999.25","0","1","14","NO","NO","NO","27/4/2021 16:54:11"
"1479","PROCESSED","KZ_Max_RPM_Step"," ","","8","8","0","0","0","0","-999.25","0","1","14","NO","NO","NO","27/4/2021 16:54:11"
"1480","PROCESSED","KZ_Max_SWOB"," ","","7","7","0","0","0","0","-999.25","0","1","14","NO","NO","NO","27/4/2021 16:54:11"
"1481","PROCESSED","KZ_Max_SWOB_Based_on_Stress"," ","","7","7","0","0","0","0","-999.25","0","1","14","NO","NO","NO","27/4/2021 16:54:11"
"1482","PROCESSED","KZ_Max_SWOB_Step"," ","","7","7","0","0","0","0","-999.25","0","1","14","NO","NO","NO","27/4/2021 16:54:11"
"1483","PROCESSED","KZ_Max_Torque"," ","","9","9","0","0","0","0","-999.25","0","1","14","NO","NO","NO","27/4/2021 16:54:11"
"1484","PROCESSED","KZ_Min_Delta_P"," ","","6","6","0","0","0","0","-999.25","0","1","14","NO","NO","NO","27/4/2021 16:54:11"
"1485","PROCESSED","KZ_Min_RPM"," ","","8","8","0","0","0","0","-999.25","0","1","14","NO","NO","NO","27/4/2021 16:54:11"
"1486","PROCESSED","KZ_Min_SWOB"," ","","7","7","0","0","0","0","-999.25","0","1","14","NO","NO","NO","27/4/2021 16:54:11"
"1487","PROCESSED","KZ_MSE_Scatter"," ","","38","38","0","0","0","0","-999.25","0","1","14","NO","NO","NO","27/4/2021 16:54:11"
"1488","PROCESSED","KZ_Optimum_Delta_P"," ","","6","6","0","0","0","0","-999.25","0","1","14","NO","NO","NO","27/4/2021 16:54:11"
"1489","PROCESSED","KZ_Optimum_RPM"," ","","8","8","0","0","0","0","-999.25","0","1","14","NO","NO","NO","27/4/2021 16:54:11"
"1490","PROCESSED","KZ_Optimum_SWOB"," ","","7","7","0","0","0","0","-999.25","0","1","14","NO","NO","NO","27/4/2021 16:54:11"
"1491","PROCESSED","KZ_Response_Tuning"," ","","19","19","0","0","0","0","-999.25","0","1","14","NO","NO","NO","27/4/2021 16:54:11"
"1492","PROCESSED","KZ_Soft_Speed_Status"," ","","18","18","0","0","0","0","-999.25","0","1","14","NO","NO","NO","27/4/2021 16:54:11"
"1493","PROCESSED","KZ_Static_Data_Health"," ","","19","19","0","0","0","0","-999.25","0","1","14","NO","NO","NO","27/4/2021 16:54:11"
"1494","PROCESSED","KZ_Stick_Slip_Level"," ","","19","19","0","0","0","0","-999.25","0","1","14","NO","NO","NO","27/4/2021 16:54:11"
"1495","PROCESSED","KZ_Surface_Axial_OSC"," ","","19","19","0","0","0","0","-999.25","0","1","14","NO","NO","NO","27/4/2021 16:54:11"
"1496","PROCESSED","KZ_Surface_Torsional_OSC"," ","","19","19","0","0","0","0","-999.25","0","1","14","NO","NO","NO","27/4/2021 16:54:11"
"1497","PROCESSED","KZ_Timer_Delta"," ","","40","40","0","0","0","0","-999.25","0","1","14","NO","NO","NO","27/4/2021 16:58:45"
"1498","PROCESSED","KZ_Twister_Status"," ","","18","18","0","0","0","0","-999.25","0","1","14","NO","NO","NO","27/4/2021 16:58:45"
"1499","PROCESSED","KZ_Whirl_Level"," ","","19","19","0","0","0","0","-999.25","0","1","14","NO","NO","NO","27/4/2021 16:58:45"
"1500","PROCESSED","KZ_Whirl_Magnitude"," ","","19","19","0","0","0","0","-999.25","0","1","14","NO","NO","NO","27/4/2021 16:58:45"
"1501","PROCESSED","KZ_Whirl_Velocity"," ","","19","19","0","0","0","0","-999.25","0","1","14","NO","NO","NO","27/4/2021 16:58:45"
"1502","PROCESSED","Lag_Depth"," ","","26","26","0","0","0","0","-999.25","0","1","14","NO","NO","NO","27/4/2021 16:58:45"
"1503","PROCESSED","Lines_Strung"," ","","52","52","0","0","0","0","-999.25","0","1","14","NO","NO","NO","27/4/2021 16:58:45"
"1504","PROCESSED","Liquid_Flow_Rate"," ","","42","42","0","0","0","0","-999.25","0","1","14","NO","NO","NO","27/4/2021 16:58:45"
"1505","PROCESSED","Liquid_Injection"," ","","6","6","0","0","0","0","-999.25","0","1","14","NO","NO","NO","27/4/2021 16:58:45"
"1506","PROCESSED","Loop_In_Control"," ","","18","18","0","0","0","0","-999.25","0","1","14","NO","NO","NO","27/4/2021 16:58:45"
"1507","PROCESSED","Lst_Jnt_Time"," ","","40","40","0","0","0","0","-999.25","0","1","14","NO","NO","NO","27/4/2021 16:58:45"
"1508","PROCESSED","Methane_(GW)"," ","","56","56","0","0","0","0","-999.25","0","1","14","NO","NO","NO","27/4/2021 16:58:45"
"1509","PROCESSED","MPD_Choke_Pressure"," ","","6","6","0","0","0","0","-999.25","0","1","14","NO","NO","NO","27/4/2021 16:58:45"
"1510","PROCESSED","MPD_Flow_Out"," ","","43","43","0","0","0","0","-999.25","0","1","14","NO","NO","NO","27/4/2021 16:58:45"
"1511","PROCESSED","MPD_Gas_Flow"," ","","43","43","0","0","0","0","-999.25","0","1","14","NO","NO","NO","27/4/2021 16:58:45"
"1512","PROCESSED","MPD_RCD_Pressure"," ","","6","6","0","0","0","0","-999.25","0","1","14","NO","NO","NO","27/4/2021 16:58:45"
"1513","PROCESSED","Mud_Conductivity_In"," ","","44","44","0","0","0","0","-999.25","0","1","14","NO","NO","NO","27/4/2021 16:58:45"
"1514","PROCESSED","Mud_Conductivity_Out"," ","","44","44","0","0","0","0","-999.25","0","1","14","NO","NO","NO","27/4/2021 16:58:45"
"1515","PROCESSED","Mud_Temp_In"," ","","27","27","0","0","0","0","-999.25","0","1","14","NO","NO","NO","27/4/2021 16:58:45"
"1516","PROCESSED","Mud_Temp_Out"," ","","27","27","0","0","0","0","-999.25","0","1","14","NO","NO","NO","27/4/2021 16:58:45"
"1517","PROCESSED","Mud_Volume"," ","","16","16","0","0","0","0","-999.25","0","1","14","NO","NO","NO","27/4/2021 16:58:45"
"1518","PROCESSED","Mud_Weight_In"," ","","15","15","0","0","0","0","-999.25","0","1","14","NO","NO","NO","27/4/2021 16:58:45"
"1519","PROCESSED","Mud_Weight_Out"," ","","15","15","0","0","0","0","-999.25","0","1","14","NO","NO","NO","27/4/2021 16:58:45"
"1520","PROCESSED","N2_Out"," ","","36","36","0","0","0","0","-999.25","0","1","14","NO","NO","NO","27/4/2021 16:58:45"
"1521","PROCESSED","N2_Pressure_In"," ","","6","6","0","0","0","0","-999.25","0","1","14","NO","NO","NO","27/4/2021 16:58:45"
"1522","PROCESSED","Neo-Pentane"," ","","23","23","0","0","0","0","-999.25","0","1","14","NO","NO","NO","27/4/2021 16:58:45"
"1523","PROCESSED","Nor-Butane"," ","","23","23","0","0","0","0","-999.25","0","1","14","NO","NO","NO","27/4/2021 16:58:45"
"1524","PROCESSED","Nor-Hexane"," ","","23","23","0","0","0","0","-999.25","0","1","14","NO","NO","NO","27/4/2021 16:58:45"
"1525","PROCESSED","Nor-Pentane"," ","","23","23","0","0","0","0","-999.25","0","1","14","NO","NO","NO","27/4/2021 16:58:45"
"1526","PROCESSED","Off_Bottom_Press"," ","","6","6","0","0","0","0","-999.25","0","1","14","NO","NO","NO","27/4/2021 16:58:45"
"1527","PROCESSED","Overpull"," ","Overpull","7","4","0","30000","0","0","-999.25","0","1","14","SI","NO","SI","30/4/2021 10:35:12"
"1528","PROCESSED","Oxygen"," ","","23","23","0","0","0","0","-999.25","0","1","14","NO","NO","NO","27/4/2021 16:58:45"
"1529","PROCESSED","Pipe_ID"," ","","39","39","0","0","0","0","-999.25","0","1","14","NO","NO","NO","27/4/2021 16:58:45"
"1530","PROCESSED","Pipe_Length"," ","","26","26","0","0","0","0","-999.25","0","1","14","NO","NO","NO","27/4/2021 16:58:45"
"1531","PROCESSED","Pipe_OD"," ","","39","39","0","0","0","0","-999.25","0","1","14","NO","NO","NO","27/4/2021 16:58:45"
"1532","PROCESSED","Pipe_RPM"," ","","8","8","0","0","0","0","-999.25","0","1","14","NO","NO","NO","27/4/2021 16:58:45"
"1533","PROCESSED","Pipe_Torque"," ","","9","9","0","0","0","0","-999.25","0","1","14","NO","NO","NO","27/4/2021 16:58:45"
"1534","PROCESSED","Pit_Volume_1"," ","","14","14","0","0","0","0","-999.25","0","1","14","NO","NO","NO","27/4/2021 16:58:45"
"1535","PROCESSED","Pit_Volume_10"," ","","16","16","0","0","0","0","-999.25","0","1","14","NO","NO","NO","27/4/2021 16:58:45"
"1536","PROCESSED","Pit_Volume_11"," ","","16","16","0","0","0","0","-999.25","0","1","14","NO","NO","NO","27/4/2021 16:58:45"
"1537","PROCESSED","Pit_Volume_12"," ","","16","16","0","0","0","0","-999.25","0","1","14","NO","NO","NO","27/4/2021 16:58:45"
"1538","PROCESSED","Pit_Volume_13"," ","","16","16","0","0","0","0","-999.25","0","1","14","NO","NO","NO","27/4/2021 16:58:45"
"1539","PROCESSED","Pit_Volume_14"," ","","16","16","0","0","0","0","-999.25","0","1","14","NO","NO","NO","27/4/2021 16:58:45"
"1540","PROCESSED","Pit_Volume_2"," ","","54","54","0","0","0","0","-999.25","0","1","14","NO","NO","NO","27/4/2021 16:58:45"
"1541","PROCESSED","Pit_Volume_3"," ","","54","54","0","0","0","0","-999.25","0","1","14","NO","NO","NO","27/4/2021 16:58:45"
"1542","PROCESSED","Pit_Volume_4"," ","","54","54","0","0","0","0","-999.25","0","1","14","NO","NO","NO","27/4/2021 16:58:45"
"1543","PROCESSED","Pit_Volume_5"," ","","16","16","0","0","0","0","-999.25","0","1","14","NO","NO","NO","27/4/2021 16:58:45"
"1544","PROCESSED","Pit_Volume_6"," ","","16","16","0","0","0","0","-999.25","0","1","14","NO","NO","NO","27/4/2021 16:58:45"
"1545","PROCESSED","Pit_Volume_7"," ","","16","16","0","0","0","0","-999.25","0","1","14","NO","NO","NO","27/4/2021 16:58:45"
"1546","PROCESSED","Pit_Volume_8"," ","","16","16","0","0","0","0","-999.25","0","1","14","NO","NO","NO","27/4/2021 16:58:45"
"1547","PROCESSED","Pit_Volume_9"," ","","16","16","0","0","0","0","-999.25","0","1","14","NO","NO","NO","27/4/2021 17:05:56"
"1548","PROCESSED","Presion_de_Prueba","BOP_TEST","Presion de Prueba","6","6","0","3000","0","0","-999.25","0","1","14","SI","SI","SI","22/6/2022 10:36:26"
"1549","PROCESSED","Presion_de_Sunchado"," ","Presion de Zunchado","6","6","0","2500","0","0","-999.25","0","1","14","SI","SI","SI","11/7/2024 13:20:35"
"1550","PROCESSED","Propane_(GW)"," ","","56","56","0","0","0","0","-999.25","0","1","14","NO","NO","NO","27/4/2021 17:05:56"
"1551","PROCESSED","Pump_SPM_-_Total"," ","","12","12","0","0","0","0","-999.25","0","1","14","NO","NO","NO","27/4/2021 17:05:56"
"1552","PROCESSED","Pump_SPM_1","bombas","EPM Bomba 1","12","12","0","120","0","0","-999.25","0","1","14","SI","NO","SI","27/4/2021 17:05:56"
"1553","PROCESSED","Pump_SPM_2"," ","","12","12","0","0","0","0","-999.25","0","1","14","NO","NO","NO","27/4/2021 17:05:56"
"1554","PROCESSED","Pump_SPM_3"," ","","12","12","0","0","0","0","-999.25","0","1","14","NO","NO","NO","27/4/2021 17:05:56"
"1555","PROCESSED","R/T_Gear"," ","","19","19","0","0","0","0","-999.25","0","1","14","NO","NO","NO","27/4/2021 17:05:56"
"1556","PROCESSED","R/T_High_Ratio"," ","","45","45","0","0","0","0","-999.25","0","1","14","NO","NO","NO","27/4/2021 17:05:56"
"1557","PROCESSED","R/T_Low_Ratio"," ","","45","45","0","0","0","0","-999.25","0","1","14","NO","NO","NO","27/4/2021 17:05:56"
"1558","PROCESSED","RAW_Presion"," ","Presion de Bomba","19","19","0","0","0","0","-999.25","0","1","14","SI","NO","SI","30/4/2021 10:28:03"
"1559","PROCESSED","RAW_Torque"," ","","19","19","0","0","0","0","-999.25","0","1","14","NO","NO","NO","27/4/2021 17:05:56"
"1560","PROCESSED","Remote_Gain_Loss_Alarm"," ","","18","18","0","0","0","0","-999.25","0","1","14","NO","NO","NO","27/4/2021 17:05:56"
"1561","PROCESSED","Remote_Gain_Loss_Hi"," ","","19","19","0","0","0","0","-999.25","0","1","14","NO","NO","NO","27/4/2021 17:05:56"
"1562","PROCESSED","Remote_Gain_Loss_Lo"," ","","19","19","0","0","0","0","-999.25","0","1","14","NO","NO","NO","27/4/2021 17:05:56"
"1563","PROCESSED","Returns_Depth_-_Realtime"," ","","26","26","0","0","0","0","-999.25","0","1","14","NO","NO","NO","27/4/2021 17:05:56"
"1564","PROCESSED","Rig_Activity_Code"," ","","19","19","0","0","0","0","-999.25","0","1","14","NO","NO","NO","27/4/2021 17:05:56"
"1565","PROCESSED","Rig_Activity_Engine"," ","","19","19","0","0","0","0","-999.25","0","1","14","NO","NO","NO","27/4/2021 17:05:56"
"1566","PROCESSED","Rig_Activity_SubCode"," ","","19","19","0","0","0","0","-999.25","0","1","14","NO","NO","NO","27/4/2021 17:05:56"
"1567","PROCESSED","Rig_Activity_Time_Zone"," ","","19","19","0","0","0","0","-999.25","0","1","14","NO","NO","NO","27/4/2021 17:05:56"
"1568","PROCESSED","Rig_Activity_Version"," ","","19","19","0","0","0","0","-999.25","0","1","14","NO","NO","NO","27/4/2021 17:05:56"
"1569","PROCESSED","Rig_Air_Press"," ","","6","6","0","0","0","0","-999.25","0","1","14","NO","NO","NO","27/4/2021 17:05:56"
"1570","PROCESSED","ROP_-_Average"," ","","41","41","0","0","0","0","-999.25","0","1","14","NO","NO","NO","27/4/2021 17:05:56"
"1571","PROCESSED","ROP_-_Cut_Unit"," ","","41","41","0","0","0","0","-999.25","0","1","14","NO","NO","NO","27/4/2021 17:05:56"
"1572","PROCESSED","ROP_-_Fast"," ","","41","41","0","0","0","0","-999.25","0","1","14","NO","NO","NO","27/4/2021 17:05:56"
"1573","PROCESSED","Rotary_RPM","RPM","RPM Mesa Rotary","8","8","0","200","0","0","-999.25","0","1","14","SI","NO","SI","27/4/2021 17:05:56"
"1574","PROCESSED","Rotary_Torque","torque","Torque Mesa Rotary","5","5","0","500","0","0","-999.25","0","1","14","SI","NO","SI","27/4/2021 17:05:56"
"1575","PROCESSED","Run_Jnt_Time"," ","","40","40","0","0","0","0","-999.25","0","1","14","NO","NO","NO","27/4/2021 17:05:56"
"1576","PROCESSED","SDAQ_Status"," ","","18","18","0","0","0","0","-999.25","0","1","14","NO","NO","NO","27/4/2021 17:05:56"
"1577","PROCESSED","Skim_Flow"," ","","56","56","0","0","0","0","-999.25","0","1","14","NO","NO","NO","27/4/2021 17:05:56"
"1578","PROCESSED","Slip_Status","STATUS_CUNIA","","18","18","0","0","0","0","-999.25","0","1","14","SI","SI","NO","9/9/2021 10:17:17"
"1579","PROCESSED","Spare_Average_Out"," ","","7","7","0","0","0","0","-999.25","0","1","14","NO","NO","NO","27/4/2021 17:05:56"
"1580","PROCESSED","Standpipe_Pressure_1"," ","","6","6","0","0","0","0","-999.25","0","1","14","NO","NO","NO","27/4/2021 17:05:56"
"1581","PROCESSED","Standpipe_Pressure_2"," ","","6","6","0","0","0","0","-999.25","0","1","14","NO","NO","NO","27/4/2021 17:05:56"
"1582","PROCESSED","String_Displacement"," ","","28","28","0","0","0","0","-999.25","0","1","14","NO","NO","NO","27/4/2021 17:05:56"
"1583","PROCESSED","String_Length"," ","","26","26","0","0","0","0","-999.25","0","1","14","NO","NO","NO","27/4/2021 17:05:56"
"1584","PROCESSED","String_Speed"," ","","51","51","0","0","0","0","-999.25","0","1","14","NO","NO","NO","27/4/2021 17:05:56"
"1585","PROCESSED","String_Torque"," ","","9","9","0","0","0","0","-999.25","0","1","14","NO","NO","NO","27/4/2021 17:05:56"
"1586","PROCESSED","String_Weight"," ","","7","7","0","0","0","0","-999.25","0","1","14","NO","NO","NO","27/4/2021 17:05:56"
"1587","PROCESSED","Strks_-_Acc_Drill"," ","","13","13","0","0","0","0","-999.25","0","1","14","NO","NO","NO","27/4/2021 17:05:56"
"1588","PROCESSED","Strks_-_Acc_Fill"," ","","13","13","0","0","0","0","-999.25","0","1","14","NO","NO","NO","27/4/2021 17:05:56"
"1589","PROCESSED","Strks_-_Fill"," ","","13","13","0","0","0","0","-999.25","0","1","14","NO","NO","NO","27/4/2021 17:05:56"
"1590","PROCESSED","Strks_-_Pump_1"," ","","13","13","0","0","0","0","-999.25","0","1","14","NO","NO","NO","27/4/2021 17:05:56"
"1591","PROCESSED","Strks_-_Pump_2"," ","","13","13","0","0","0","0","-999.25","0","1","14","NO","NO","NO","27/4/2021 17:05:56"
"1592","PROCESSED","Strks_-_Pump_3"," ","","13","13","0","0","0","0","-999.25","0","1","14","NO","NO","NO","27/4/2021 17:05:56"
"1593","PROCESSED","Strks_-_Total"," ","","13","13","0","0","0","0","-999.25","0","1","14","NO","NO","NO","27/4/2021 17:05:56"
"1594","PROCESSED","Strks_-_Total_Spare"," ","","13","13","0","0","0","0","-999.25","0","1","14","NO","NO","NO","27/4/2021 17:05:56"
"1595","PROCESSED","Strokes_1A"," ","","13","13","0","0","0","0","-999.25","0","1","14","NO","NO","NO","27/4/2021 17:05:56"
"1596","PROCESSED","Strokes_1B"," ","","13","13","0","0","0","0","-999.25","0","1","14","NO","NO","NO","27/4/2021 17:05:56"
"1597","PROCESSED","Strokes_2A"," ","","13","13","0","0","0","0","-999.25","0","1","14","NO","NO","NO","27/4/2021 17:10:16"
"1598","PROCESSED","Strokes_2B"," ","","13","13","0","0","0","0","-999.25","0","1","14","NO","NO","NO","27/4/2021 17:10:16"
"1599","PROCESSED","Strokes_3A"," ","","13","13","0","0","0","0","-999.25","0","1","14","NO","NO","NO","27/4/2021 17:10:16"
"1600","PROCESSED","Strokes_3B"," ","","13","13","0","0","0","0","-999.25","0","1","14","NO","NO","NO","27/4/2021 17:10:16"
"1601","PROCESSED","Subsea_TVD"," ","","26","26","0","0","0","0","-999.25","0","1","14","NO","NO","NO","27/4/2021 17:10:16"
"1602","PROCESSED","Svy_Azimuth"," ","","30","30","0","0","0","0","-999.25","0","1","14","NO","NO","NO","27/4/2021 17:10:16"
"1603","PROCESSED","Svy_Depth"," ","","26","26","0","0","0","0","-999.25","0","1","14","NO","NO","NO","27/4/2021 17:10:16"
"1604","PROCESSED","Svy_Inclination"," ","","30","30","0","0","0","0","-999.25","0","1","14","NO","NO","NO","27/4/2021 17:10:16"
"1605","PROCESSED","Svy_Number"," ","","19","19","0","0","0","0","-999.25","0","1","14","NO","NO","NO","27/4/2021 17:10:16"
"1606","PROCESSED","SVY_E_W_POSITION"," ","","26","26","0","0","0","0","-999.25","0","1","14","NO","NO","NO","27/4/2021 17:10:16"
"1607","PROCESSED","SVY_N_S_POSITION"," ","","26","26","0","0","0","0","-999.25","0","1","14","NO","NO","NO","27/4/2021 17:10:16"
"1608","PROCESSED","SVY_WALK_RATE"," ","","29","29","0","0","0","0","-999.25","0","1","14","NO","NO","NO","27/4/2021 17:10:16"
"1609","PROCESSED","T/D_Gear"," ","","19","19","0","0","0","0","-999.25","0","1","14","NO","NO","NO","27/4/2021 17:10:16"
"1610","PROCESSED","TD_High_Gear_Ratio"," ","","45","45","0","0","0","0","-999.25","0","1","14","NO","NO","NO","27/4/2021 17:10:16"
"1611","PROCESSED","TD_Low_Gear_Ratio"," ","","45","45","0","0","0","0","-999.25","0","1","14","NO","NO","NO","27/4/2021 17:10:16"
"1612","PROCESSED","TD/RT_Sel_Flag"," ","","18","18","0","0","0","0","-999.25","0","1","14","NO","NO","NO","27/4/2021 17:10:16"
"1613","PROCESSED","Time_Average_Output"," ","","41","41","0","0","0","0","-999.25","0","1","14","NO","NO","NO","27/4/2021 17:10:16"
"1614","PROCESSED","Time_On_Slip"," ","","40","40","0","0","0","0","-999.25","0","1","14","NO","NO","NO","27/4/2021 17:10:16"
"1615","PROCESSED","Tong_Length"," ","","39","39","0","0","0","0","-999.25","0","1","14","NO","NO","NO","27/4/2021 17:10:16"
"1616","PROCESSED","Tong_Torque"," ","","9","9","0","0","0","0","-999.25","0","1","14","NO","NO","NO","27/4/2021 17:10:16"
"1617","PROCESSED","Tong_Torque_LP"," ","","22","22","0","0","0","0","-999.25","0","1","14","NO","NO","NO","27/4/2021 17:10:16"
"1618","PROCESSED","Toolface_Grav"," ","","30","30","0","0","0","0","-999.25","0","1","14","NO","NO","NO","27/4/2021 17:10:16"
"1619","PROCESSED","Toolface_Mag"," ","","30","30","0","0","0","0","-999.25","0","1","14","NO","NO","NO","27/4/2021 17:10:16"
"1620","PROCESSED","Toolface_Thresh"," ","","30","30","0","0","0","0","-999.25","0","1","14","NO","NO","NO","27/4/2021 17:10:16"
"1621","PROCESSED","Top_Drive_RPM"," ","","8","8","0","0","0","0","-999.25","0","1","14","NO","NO","NO","27/4/2021 17:10:16"
"1622","PROCESSED","Torque_de_Llave"," ","Torque Llave","6","6","0","3000","0","0","-999.25","0","1","14","SI","NO","SI","30/4/2021 09:47:44"
"1623","PROCESSED","Total_Gas_(GW)"," ","","57","57","0","0","0","0","-999.25","0","1","14","NO","NO","NO","27/4/2021 17:10:16"
"1624","PROCESSED","Total_Gas_(ML)"," ","","57","57","0","0","0","0","-999.25","0","1","14","NO","NO","NO","27/4/2021 17:10:16"
"1625","PROCESSED","Total_Gas_Normalized"," ","","57","57","0","0","0","0","-999.25","0","1","14","NO","NO","NO","27/4/2021 17:10:16"
"1626","PROCESSED","Total_Gas_Out"," ","","35","35","0","0","0","0","-999.25","0","1","14","NO","NO","NO","27/4/2021 17:10:16"
"1627","PROCESSED","Total_Trip_Volume"," ","","16","16","0","0","0","0","-999.25","0","1","14","NO","NO","NO","27/4/2021 17:10:16"
"1628","PROCESSED","Trip_Tank_1"," ","","14","14","0","0","0","0","-999.25","0","1","14","NO","NO","NO","27/4/2021 17:10:16"
"1629","PROCESSED","Trip_Tank_2"," ","","16","16","0","0","0","0","-999.25","0","1","14","NO","NO","NO","27/4/2021 17:10:16"
"1630","PROCESSED","Trip_Tank_GL"," ","","14","14","0","0","0","0","-999.25","0","1","14","NO","NO","NO","27/4/2021 17:10:16"
"1631","PROCESSED","TVD"," ","","26","26","0","0","0","0","-999.25","0","1","14","NO","NO","NO","27/4/2021 17:10:16"
"1632","PROCESSED","TVD_-_WITS"," ","","26","26","0","0","0","0","-999.25","0","1","14","NO","NO","NO","27/4/2021 17:10:16"
"1633","PROCESSED","Velocidad_Viento","WINDSP","Velocidad Viento","21","21","0","200","0","0","-999.25","0","1","14","SI","SI","SI","22/4/2022 14:29:09"
"1634","PROCESSED","Velocidad_viento_promedio","WINDSPAVG","","21","21","0","150","0","0","-999.25","0","1","14","SI","SI","NO","21/9/2021 12:46:09"
"1635","PROCESSED","Washout_Factor"," ","","19","19","0","0","0","0","-999.25","0","1","14","NO","NO","NO","27/4/2021 17:10:16"
"1636","PROCESSED","Water_Out"," ","","42","42","0","0","0","0","-999.25","0","1","14","NO","NO","NO","27/4/2021 17:10:16"
"1637","PROCESSED","Water_Pit"," ","","16","16","0","0","0","0","-999.25","0","1","14","NO","NO","NO","27/4/2021 17:10:16"
"1638","PROCESSED","WC_A/D_Status"," ","","18","18","0","0","0","0","-999.25","0","1","14","NO","NO","NO","27/4/2021 17:10:16"
"1639","PROCESSED","WC_Auto/Time_Drill"," ","","19","19","0","0","0","0","-999.25","0","1","14","NO","NO","NO","27/4/2021 17:10:16"
"1640","PROCESSED","WC_Bit_Weight"," ","","7","7","0","0","0","0","-999.25","0","1","14","NO","NO","NO","27/4/2021 17:10:16"
"1641","PROCESSED","WC_Diff_P_Enable"," ","","19","19","0","0","0","0","-999.25","0","1","14","NO","NO","NO","27/4/2021 17:10:16"
"1642","PROCESSED","WC_Drum_Engaged"," ","","19","19","0","0","0","0","-999.25","0","1","14","NO","NO","NO","27/4/2021 17:10:16"
"1643","PROCESSED","WC_EADS_Enable"," ","","19","19","0","0","0","0","-999.25","0","1","14","NO","NO","NO","27/4/2021 17:10:16"
"1644","PROCESSED","WC_Freq_Cmd"," ","","47","47","0","0","0","0","-999.25","0","1","14","NO","NO","NO","27/4/2021 17:10:16"
"1645","PROCESSED","WC_Loop_In_Control_"," ","","19","19","0","0","0","0","-999.25","0","1","14","NO","NO","NO","27/4/2021 17:10:16"
"1646","PROCESSED","WC_Motor_Enable"," ","","19","19","0","0","0","0","-999.25","0","1","14","NO","NO","NO","27/4/2021 17:10:16"
"1647","PROCESSED","WC_ROP"," ","","41","41","0","0","0","0","-999.25","0","1","14","NO","NO","NO","27/4/2021 17:12:15"
"1648","PROCESSED","WC_Target_Bit_Weight"," ","","7","7","0","0","0","0","-999.25","0","1","14","NO","NO","NO","27/4/2021 17:12:15"
"1649","PROCESSED","WC_Target_Diff_Press"," ","","6","6","0","0","0","0","-999.25","0","1","14","NO","NO","NO","27/4/2021 17:12:15"
"1650","PROCESSED","WC_Target_ROP"," ","","41","41","0","0","0","0","-999.25","0","1","14","NO","NO","NO","27/4/2021 17:12:15"
"1651","PROCESSED","WC_Target_Torque"," ","","9","9","0","0","0","0","-999.25","0","1","14","NO","NO","NO","27/4/2021 17:12:15"
"1652","PROCESSED","WC_Time_Tick"," ","","48","48","0","0","0","0","-999.25","0","1","14","NO","NO","NO","27/4/2021 17:12:15"
"1653","PROCESSED","WC_Torque"," ","","9","9","0","0","0","0","-999.25","0","1","14","NO","NO","NO","27/4/2021 17:12:15"
"1654","PROCESSED","WC_Torque_Enable"," ","","19","19","0","0","0","0","-999.25","0","1","14","NO","NO","NO","27/4/2021 17:12:15"
"1655","PROCESSED","WPDA_-_Avg_MSE"," ","","38","38","0","0","0","0","-999.25","0","1","14","NO","NO","NO","27/4/2021 17:12:15"
"1656","PROCESSED","WPDA_-_Bit_HHP"," ","","49","49","0","0","0","0","-999.25","0","1","14","NO","NO","NO","27/4/2021 17:12:15"
"1657","PROCESSED","WPDA_-_Bit_RPM"," ","","8","8","0","0","0","0","-999.25","0","1","14","NO","NO","NO","27/4/2021 17:12:15"
"1658","PROCESSED","WPDA_-_d_Exponent_"," ","","19","19","0","0","0","0","-999.25","0","1","14","NO","NO","NO","27/4/2021 17:12:15"
"1659","PROCESSED","WPDA_-_Dim_Torque"," ","","19","19","0","0","0","0","-999.25","0","1","14","NO","NO","NO","27/4/2021 17:12:15"
"1660","PROCESSED","WPDA_-_HCA_Heartbeat"," ","","19","19","0","0","0","0","-999.25","0","1","14","NO","NO","NO","27/4/2021 17:12:15"
"1661","PROCESSED","WPDA_-_HeartBeat"," ","","19","19","0","0","0","0","-999.25","0","1","14","NO","NO","NO","27/4/2021 17:12:15"
"1662","PROCESSED","WPDA_-_MSE"," ","","38","38","0","0","0","0","-999.25","0","1","14","NO","NO","NO","27/4/2021 17:12:15"
"1663","PROCESSED","WPDA_-_Mud_Motor_RPM"," ","","8","8","0","0","0","0","-999.25","0","1","14","NO","NO","NO","27/4/2021 17:12:15"
"1664","PROCESSED","WPDA_-_Mud_Motor_Torque"," ","","9","9","0","0","0","0","-999.25","0","1","14","NO","NO","NO","27/4/2021 17:12:15"
"1665","PROCESSED","WPDA_-_Pipe_Torq_Engr"," ","","9","9","0","0","0","0","-999.25","0","1","14","NO","NO","NO","27/4/2021 17:12:15"
"1666","PROCESSED","WPDA_-_Pseudo-MSE"," ","","19","19","0","0","0","0","-999.25","0","1","14","NO","NO","NO","27/4/2021 17:12:15"
"1667","PROCESSED","WPDA_-_Ref_CCS"," ","","38","38","0","0","0","0","-999.25","0","1","14","NO","NO","NO","27/4/2021 17:12:15"
"1668","PROCESSED","WPDA_-_Ref_Gamma"," ","","19","19","0","0","0","0","-999.25","0","1","14","NO","NO","NO","27/4/2021 17:12:15"
"1669","PROCESSED","WPDA_-_Ref_MSE"," ","","38","38","0","0","0","0","-999.25","0","1","14","NO","NO","NO","27/4/2021 17:12:15"
"1670","PROCESSED","WPDA_-_Status"," ","","18","18","0","0","0","0","-999.25","0","1","14","NO","NO","NO","27/4/2021 17:12:15"
"1671","PROCESSED","WSGD_Airflow"," ","","19","19","0","0","0","0","-999.25","0","1","14","NO","NO","NO","27/4/2021 17:12:15"
"1672","PROCESSED","WSGD_GCIB_Bd1_Chnl1_Te"," ","","19","19","0","0","0","0","-999.25","0","1","14","NO","NO","NO","27/4/2021 17:12:15"
"1673","PROCESSED","WSGD_GCIB_Bd2_Chnl1_Te"," ","","19","19","0","0","0","0","-999.25","0","1","14","NO","NO","NO","27/4/2021 17:12:15"
"1674","PROCESSED","WSGD_Methane"," ","","56","56","0","0","0","0","-999.25","0","1","14","NO","NO","NO","27/4/2021 17:12:15"
"1675","PROCESSED","WSGD_Propane"," ","","56","56","0","0","0","0","-999.25","0","1","14","NO","NO","NO","27/4/2021 17:12:15"
"1676","PROCESSED","WSGD_Pump_Shutdown"," ","","19","19","0","0","0","0","-999.25","0","1","14","NO","NO","NO","27/4/2021 17:12:15"
"1677","PROCESSED","WSGD_Total_Gas"," ","","57","57","0","0","0","0","-999.25","0","1","14","NO","NO","NO","27/4/2021 17:14:34"
"1678","PROCESSED","RAW_Presion"," ","","18","18","0","0","0","0","-999.25","0","1","14","NO","NO","NO","25/5/2021 09:45:01"
"1679","PROCESSED","Altura_del_Bloque","BHT","Altura Bloque","10","2","0","0","0","0","-999.25","1354","1","14","SI","SI","SI","9/9/2021 10:08:41"
"1680","PROCESSED","Circulating_Hrs"," ","","31","31","0","0","0","0","-999.25","0","1","14","NO","NO","NO","8/7/2021 18:16:04"
"1681","PROCESSED","Hook_Load","HL","Peso en el Gancho","7","4","0","0","0","0","-999.25","1445","1","14","SI","SI","SI","9/9/2021 10:08:41"
"1682","PROCESSED","Pit_Volume_1"," ","","16","14","0","0","0","0","-999.25","1534","1","14","NO","NO","NO","8/7/2021 18:16:04"
"1683","PROCESSED","Pit_Volume_2"," ","","16","14","0","0","0","0","-999.25","1540","1","14","NO","NO","NO","8/7/2021 18:16:04"
"1684","PROCESSED","Pit_Volume_3","piletas","","16","14","0","0","0","0","-999.25","0","1","14","NO","NO","NO","8/7/2021 18:16:04"
"1685","PROCESSED","Pit_Volume_4"," ","","16","14","0","0","0","0","-999.25","0","1","14","NO","NO","NO","8/7/2021 18:16:04"
"1686","PROCESSED","ROP_-_Average"," ","","17","17","0","0","0","0","-999.25","0","1","14","NO","NO","NO","8/7/2021 18:16:15"
"1687","PROCESSED","String_Speed"," ","","24","24","0","0","0","0","-999.25","0","1","14","NO","NO","NO","8/7/2021 18:16:15"
"1688","PROCESSED","Trip_Tank_1","piletas","Pileta Trip Tank 1","16","14","0","0","0","0","-999.25","1628","1","14","SI","SI","SI","8/7/2021 18:16:04"
"1689","PROCESSED","Trip_Tank_GL"," ","","16","16","0","0","0","0","-999.25","0","1","14","NO","NO","NO","8/7/2021 18:16:15"
"1690","PROCESSED","Peso_en_el_Gancho","HL","Peso en el Gancho","7","4","0","88964","0","0","-999.25","0","1","14","SI","SI","SI","4/5/2022 09:23:17"
"1691","PROCESSED","Altura_Bloque","BHT","Altura Bloque","26","2","0","0","0","0","-999.25","1354","1","14","SI","SI","SI","22/4/2022 14:09:35"
"1692","PROCESSED","Presion_Estado_de_Cunia","SL_PRESS","Presion estado cuña","6","6","0","2500","0","0","-999.25","0","1","14","SI","SI","SI","22/4/2022 14:34:04"
"1693","PROCESSED","Presion_Circulacion_Hidraulica","TOR_KEY","Presion Circulacion Hidraulica","6","6","0","2500","0","0","-999.25","0","1","14","SI","SI","SI","22/4/2022 14:37:40"
"1694","PROCESSED","Bit_Weight"," ","","4","4","0","0","0","0","-999.25","0","1","14","SI","SI","NO","21/9/2021 12:44:01"
"1695","PROCESSED","Bttm_Ann_Temp"," ","","121","118","0","0","0","0","-999.25","0","1","14","NO","NO","NO","21/9/2021 12:44:01"
"1696","PROCESSED","Bttm_Pipe_Temp"," ","","121","118","0","0","0","0","-999.25","0","1","14","NO","NO","NO","21/9/2021 12:44:01"
"1697","PROCESSED","Flow_In_Rate"," ","","33","33","0","0","0","0","-999.25","0","1","14","NO","NO","NO","21/9/2021 12:44:01"
"1698","PROCESSED","Flow_Temp                      F"," ","","19","19","0","0","0","0","-999.25","0","1","14","NO","NO","NO","21/9/2021 12:44:01"
"1699","PROCESSED","Gain_Loss"," ","","14","14","0","0","0","0","-999.25","0","1","14","NO","NO","NO","21/9/2021 12:44:01"
"1700","PROCESSED","GWEX_Temperature"," ","","121","118","0","0","0","0","-999.25","0","1","14","NO","NO","NO","21/9/2021 12:44:01"
"1701","PROCESSED","H2S_Pileta"," ","H2S Pileta","23","23","0","10","0","0","-999.25","0","1","14","SI","NO","SI","11/7/2024 12:49:21"
"1702","PROCESSED","H2S_Piso"," ","H2S Piso","23","23","0","10","0","0","-999.25","0","1","14","SI","NO","SI","11/7/2024 12:49:21"
"1703","PROCESSED","mA_H2S_Pileta"," ","","133","133","0","0","0","0","-999.25","0","1","14","NO","NO","NO","21/9/2021 12:44:01"
"1704","PROCESSED","mA_H2S_Piso"," ","","133","133","0","0","0","0","-999.25","0","1","14","NO","NO","NO","21/9/2021 12:44:01"
"1705","PROCESSED","Mud_Temp_In"," ","","121","121","0","0","0","0","-999.25","0","1","14","NO","NO","NO","21/9/2021 12:44:01"
"1706","PROCESSED","Mud_Temp_Out"," ","","121","121","0","0","0","0","-999.25","0","1","14","NO","NO","NO","21/9/2021 12:44:01"
"1707","PROCESSED","Mud_Volume"," ","","14","14","0","0","0","0","-999.25","0","1","14","NO","NO","NO","21/9/2021 12:44:01"
"1708","PROCESSED","Overpull","pesos","Overpull","4","4","0","0","0","0","-999.25","0","1","14","SI","SI","SI","21/9/2021 12:44:01"
"1709","PROCESSED","Peso_en_el_Gancho","HL","Peso en el Gancho","4","4","0","88964","0","0","-999.25","1690","1","14","SI","SI","SI","22/4/2022 14:14:17"
"1710","PROCESSED","Pit_Volume_10"," ","","14","14","0","0","0","0","-999.25","0","1","14","NO","NO","NO","21/9/2021 12:44:01"
"1711","PROCESSED","Pit_Volume_11"," ","","14","14","0","0","0","0","-999.25","0","1","14","NO","NO","NO","21/9/2021 12:44:01"
"1712","PROCESSED","Pit_Volume_12"," ","","14","14","0","0","0","0","-999.25","0","1","14","NO","NO","NO","21/9/2021 12:44:01"
"1713","PROCESSED","Pit_Volume_13"," ","","14","14","0","0","0","0","-999.25","0","1","14","NO","NO","NO","21/9/2021 12:44:01"
"1714","PROCESSED","Pit_Volume_14"," ","","14","14","0","0","0","0","-999.25","0","1","14","NO","NO","NO","21/9/2021 12:44:01"
"1715","PROCESSED","Pit_Volume_2"," ","","14","14","0","0","0","0","-999.25","0","1","14","NO","NO","NO","21/9/2021 12:44:01"
"1716","PROCESSED","Pit_Volume_3"," ","","14","14","0","0","0","0","-999.25","0","1","14","NO","NO","NO","21/9/2021 12:44:01"
"1717","PROCESSED","Pit_Volume_4"," ","","14","14","0","0","0","0","-999.25","0","1","14","NO","NO","NO","21/9/2021 12:44:01"
"1718","PROCESSED","Pit_Volume_5"," ","","14","14","0","0","0","0","-999.25","0","1","14","NO","NO","NO","21/9/2021 12:44:01"
"1719","PROCESSED","Pit_Volume_6"," ","","14","14","0","0","0","0","-999.25","0","1","14","NO","NO","NO","21/9/2021 12:44:01"
"1720","PROCESSED","Pit_Volume_7"," ","","14","14","0","0","0","0","-999.25","0","1","14","NO","NO","NO","21/9/2021 12:44:01"
"1721","PROCESSED","Pit_Volume_8"," ","","14","14","0","0","0","0","-999.25","0","1","14","NO","NO","NO","21/9/2021 12:44:01"
"1722","PROCESSED","Pit_Volume_9"," ","","14","14","0","0","0","0","-999.25","0","1","14","NO","NO","NO","21/9/2021 12:44:01"
"1723","PROCESSED","Presion_Estado_de_cuña","SL_PRESS","Presion estado cuña","6","6","0","2500","0","0","-999.25","1692","1","14","SI","SI","SI","22/4/2022 14:34:04"
"1724","PROCESSED","RAW_Peso"," ","","19","19","0","0","0","0","-999.25","0","1","14","NO","NO","NO","21/9/2021 12:44:01"
"1725","PROCESSED","RAW_Presion_Cuña"," ","","19","19","0","0","0","0","-999.25","0","1","14","NO","NO","NO","21/9/2021 12:44:01"
"1726","PROCESSED","RAW_Presion_Hidraulica"," ","","19","19","0","0","0","0","-999.25","0","1","14","NO","NO","NO","21/9/2021 12:44:01"
"1727","PROCESSED","RAW_Presion_Prueba"," ","","19","19","0","3000","0","0","-999.25","0","1","14","NO","NO","NO","22/4/2022 14:15:12"
"1728","PROCESSED","RAW_Sunchado"," ","","19","19","0","0","0","0","-999.25","0","1","14","NO","NO","NO","21/9/2021 12:44:01"
"1729","PROCESSED","ROP_-_Cut_Unit"," ","","17","17","0","0","0","0","-999.25","0","1","14","NO","NO","NO","21/9/2021 12:44:01"
"1730","PROCESSED","ROP_-_Fast"," ","","17","17","0","0","0","0","-999.25","0","1","14","NO","NO","NO","21/9/2021 12:44:01"
"1731","PROCESSED","Svy_Depth"," ","","10","10","0","0","0","0","-999.25","0","1","14","NO","NO","NO","21/9/2021 12:44:01"
"1732","PROCESSED","Trip_Tank_2","piletas","Pileta Trip Tank 2","14","14","0","0","0","0","-999.25","0","1","14","SI","NO","SI","21/9/2021 12:44:01"
"1733","PROCESSED","Water_Pit","piletas","Pileta Agua","14","14","0","0","0","0","-999.25","1637","1","14","SI","NO","SI","21/9/2021 12:44:01"
"1734","PROCESSED","Flow_Temp"," ","","121","121","0","0","0","0","-999.25","0","1","14","NO","NO","NO","21/9/2021 12:56:32"
"1735","PROCESSED","Kelly_Down"," ","","10","10","0","0","0","0","-999.25","0","1","14","NO","NO","NO","21/9/2021 15:48:50"
"1736","PROCESSED","Mud_Volume"," ","","54","54","0","0","0","0","-999.25","0","1","14","NO","NO","NO","21/9/2021 15:48:50"
"1737","PROCESSED","Pipe_Length"," ","","10","10","0","0","0","0","-999.25","0","1","14","NO","NO","NO","21/9/2021 15:49:02"
"1738","PROCESSED","RAW_BOP"," ","","19","19","0","0","0","0","-999.25","0","1","14","NO","NO","NO","1/11/2021 11:01:45"
"1739","PROCESSED","RAW_Hidraulica"," ","","19","19","0","0","0","0","-999.25","0","1","14","NO","NO","NO","1/11/2021 11:01:45"
"1740","PROCESSED","RAW_Slip"," ","","19","19","0","0","0","0","-999.25","0","1","14","NO","NO","NO","1/11/2021 11:01:45"
"1741","PROCESSED","RAW_Viento"," ","","19","19","0","0","0","0","-999.25","0","1","14","NO","NO","NO","1/11/2021 11:01:45"
"1742","PROCESSED","RAW_Zunchado"," ","","19","19","0","0","0","0","-999.25","0","1","14","NO","NO","NO","1/11/2021 11:01:53"
"1743","PROCESSED","Bttm_Ann_Temp"," ","","134","134","0","0","0","0","-999.25","0","1","14","NO","NO","NO","2/11/2021 15:33:18"
"1744","PROCESSED","Bttm_Pipe_Temp"," ","","134","134","0","0","0","0","-999.25","0","1","14","NO","NO","NO","2/11/2021 15:33:18"
"1745","PROCESSED","Flow_Temp"," ","","134","134","0","0","0","0","-999.25","0","1","14","NO","NO","NO","2/11/2021 15:33:18"
"1746","PROCESSED","GWEX_Temperature"," ","","134","134","0","0","0","0","-999.25","0","1","14","NO","NO","NO","2/11/2021 15:33:18"
"1747","PROCESSED","Mud_Temp_In"," ","","134","134","0","0","0","0","-999.25","0","1","14","NO","NO","NO","2/11/2021 15:33:18"
"1748","PROCESSED","Mud_Temp_Out"," ","","134","134","0","0","0","0","-999.25","0","1","14","NO","NO","NO","2/11/2021 15:33:18"
"1749","PROCESSED","Altura_del_Bloque","BHT","Altura Bloque","26","2","0","0","0","0","-999.25","1354","1","14","SI","SI","SI","22/4/2022 14:09:35"
"1750","PROCESSED","Bit_Position","BDEP","","26","10","0","0","0","0","-999.25","1358","1","14","SI","SI","NO","2/11/2021 15:33:18"
"1751","PROCESSED","Hole_Depth","DEPT","Profundidad Pozo","26","10","0","0","0","0","-999.25","1444","1","14","SI","SI","NO","25/3/2022 09:26:42"
"1752","PROCESSED","Alimentacion_Central_de_Gas"," ","","19","19","0","0","0","0","-999.25","0","1","14","NO","NO","NO","24/11/2021 10:45:47"
"1753","PROCESSED","Bateria_H2S_Bodega"," ","","56","56","0","0","0","0","-999.25","0","1","14","NO","NO","NO","24/11/2021 10:45:47"
"1754","PROCESSED","Bateria_H2S_Pileta"," ","","56","56","0","0","0","0","-999.25","0","1","14","NO","NO","NO","24/11/2021 10:45:47"
"1755","PROCESSED","Bateria_H2S_Piso"," ","","56","56","0","0","0","0","-999.25","0","1","14","NO","NO","NO","24/11/2021 10:45:47"
"1756","PROCESSED","Bateria_H2S_Zaranda"," ","","56","56","0","0","0","0","-999.25","0","1","14","NO","NO","NO","24/11/2021 10:45:47"
"1757","PROCESSED","Cantidad_de_sensores_Central_de_Gas"," ","","19","19","0","0","0","0","-999.25","0","1","14","NO","NO","NO","24/11/2021 10:45:47"
"1758","PROCESSED","GPS_Latitude"," ","","129","129","0","0","0","0","-999.25","0","1","14","NO","NO","NO","24/11/2021 10:45:47"
"1759","PROCESSED","GPS_Longitude"," ","","130","130","0","0","0","0","-999.25","0","1","14","NO","NO","NO","24/11/2021 10:45:47"
"1760","PROCESSED","GPS_Time"," ","","19","19","0","0","0","0","-999.25","0","1","14","NO","NO","NO","24/11/2021 10:45:47"
"1761","PROCESSED","H2S_Zaranda"," ","","23","23","0","0","0","0","-999.25","0","1","14","NO","NO","NO","24/11/2021 10:45:47"
"1762","PROCESSED","Presion_Circulacion_Hidraulica","TOR_KEY","Presion Circulacion Hidraulica","9","9","0","2500","0","0","-999.25","0","1","14","SI","SI","SI","22/4/2022 14:37:17"
"1763","PROCESSED","AD_Comando_de_Velocidad_de_Salida"," ","","53","53","0","0","0","0","-999.25","0","1","14","NO","NO","NO","29/11/2021 10:26:43"
"1764","PROCESSED","AD_DeltaP_Constante_Integral"," ","","19","19","0","0","0","0","-999.25","0","1","14","NO","NO","NO","29/11/2021 10:26:43"
"1765","PROCESSED","AD_DeltaP_Constante_Proporcional"," ","","19","19","0","0","0","0","-999.25","0","1","14","NO","NO","NO","29/11/2021 10:26:43"
"1766","PROCESSED","AD_DeltaP_Ganancia_Derivativa"," ","","19","19","0","0","0","0","-999.25","0","1","14","NO","NO","NO","29/11/2021 10:26:43"
"1767","PROCESSED","AD_DeltaP_Ganancia_Integral"," ","","19","19","0","0","0","0","-999.25","0","1","14","NO","NO","NO","29/11/2021 10:26:43"
"1768","PROCESSED","AD_DeltaP_Ganancia_Proporcional"," ","","19","19","0","0","0","0","-999.25","0","1","14","NO","NO","NO","29/11/2021 10:26:43"
"1769","PROCESSED","AD_Lazo_en_Control"," ","","19","19","0","0","0","0","-999.25","0","1","14","NO","NO","NO","29/11/2021 10:26:43"
"1770","PROCESSED","AD_Pres_Dif_-_Constante_de_Tiempo"," ","","19","19","0","0","0","0","-999.25","0","1","14","NO","NO","NO","29/11/2021 10:26:43"
"1771","PROCESSED","AD_Pres_Dif_-_Factor_de_Estabilidad"," ","","19","19","0","0","0","0","-999.25","0","1","14","NO","NO","NO","29/11/2021 10:26:43"
"1772","PROCESSED","AD_Pres_Dif_-_Izaje_Permitido"," ","","6","6","0","0","0","0","-999.25","0","1","14","NO","NO","NO","29/11/2021 10:26:43"
"1773","PROCESSED","AD_Pres_Dif_-_Limite_de_Parada"," ","","6","6","0","0","0","0","-999.25","0","1","14","SI","NO","NO","29/11/2021 10:26:53"
"1774","PROCESSED","AD_Pres_Dif_-_Salida_PID"," ","","17","17","0","0","0","0","-999.25","0","1","14","SI","NO","NO","29/11/2021 10:26:53"
"1775","PROCESSED","AD_Pres_Dif_-_Setpoint_de_Ganancia"," ","","6","6","0","0","0","0","-999.25","0","1","14","SI","NO","NO","29/11/2021 10:26:53"
"1776","PROCESSED","AD_Pres_Dif_-_Setpoint_de_Ganancia_Base"," ","","6","6","0","0","0","0","-999.25","0","1","14","SI","NO","NO","29/11/2021 10:26:53"
"1777","PROCESSED","AD_Pres_Dif_-_Setpoint_de_Relac_de_Realimentacion"," ","","6","6","0","0","0","0","-999.25","0","1","14","SI","NO","NO","29/11/2021 10:26:53"
"1778","PROCESSED","AD_Pres_Dif_-_Setpoint_Objetivo"," ","","6","6","0","0","0","0","-999.25","0","1","14","SI","NO","NO","29/11/2021 10:26:53"
"1779","PROCESSED","AD_Pres_Dif_-_Temporizador_de_Parada"," ","","40","40","0","0","0","0","-999.25","0","1","14","SI","NO","NO","29/11/2021 10:26:53"
"1780","PROCESSED","AD_Presion_de_Stand_Pipe_de_Referencia"," ","","6","6","0","0","0","0","-999.25","0","1","14","SI","NO","NO","29/11/2021 10:26:53"
"1781","PROCESSED","AD_Presion_de_Stand_Pipe_Filtrada"," ","","6","6","0","0","0","0","-999.25","0","1","14","SI","NO","NO","29/11/2021 10:26:53"
"1782","PROCESSED","AD_Presion_de_Stand_Pipe_Sin_Filtro"," ","","6","6","0","0","0","0","-999.25","0","1","14","SI","NO","NO","29/11/2021 10:26:53"
"1783","PROCESSED","AD_ROP"," ","","17","17","0","0","0","0","-999.25","0","1","14","SI","NO","NO","29/11/2021 10:27:01"
"1784","PROCESSED","AD_ROP_-_Motor_de_Fondo"," ","","17","17","0","0","0","0","-999.25","0","1","14","SI","NO","NO","29/11/2021 10:27:01"
"1785","PROCESSED","AD_ROP_-_Setpoint_Objetivo"," ","","17","17","0","0","0","0","-999.25","0","1","14","SI","NO","NO","29/11/2021 10:27:01"
"1786","PROCESSED","AD_Torque_-_Factor_de_Estabilidad"," ","","19","19","0","0","0","0","-999.25","0","1","14","SI","NO","NO","29/11/2021 10:27:01"
"1787","PROCESSED","AD_Torque_-_Izaje_Permitido"," ","","9","9","0","0","0","0","-999.25","0","1","14","SI","NO","NO","29/11/2021 10:27:01"
"1788","PROCESSED","AD_Torque_-_Limite_de_Parada"," ","","9","9","0","0","0","0","-999.25","0","1","14","SI","NO","NO","29/11/2021 10:27:01"
"1789","PROCESSED","AD_Torque_-_Realimentacion_PID"," ","","19","19","0","0","0","0","-999.25","0","1","14","SI","NO","NO","29/11/2021 10:27:01"
"1790","PROCESSED","AD_Torque_-_Salida_PID"," ","","17","17","0","0","0","0","-999.25","0","1","14","SI","NO","NO","29/11/2021 10:27:01"
"1791","PROCESSED","AD_Torque_-_Setpoint_de_Ganancia"," ","","19","19","0","0","0","0","-999.25","0","1","14","SI","NO","NO","29/11/2021 10:27:01"
"1792","PROCESSED","AD_Torque_-_Setpoint_de_Ganancia_Base"," ","","19","19","0","0","0","0","-999.25","0","1","14","SI","NO","NO","29/11/2021 10:27:01"
"1793","PROCESSED","AD_Torque_-_Setpoint_de_Relac_de_Realimentacion"," ","","19","19","0","0","0","0","-999.25","0","1","14","SI","NO","NO","29/11/2021 10:27:13"
"1794","PROCESSED","AD_Torque_-_Setpoint_Objetivo"," ","","9","9","0","0","0","0","-999.25","0","1","14","SI","NO","NO","29/11/2021 10:27:13"
"1795","PROCESSED","AD_Torque_-_Setpoint_PID"," ","","19","19","0","0","0","0","-999.25","0","1","14","SI","NO","NO","29/11/2021 10:27:13"
"1796","PROCESSED","AD_WOB"," ","","7","7","0","0","0","0","-999.25","0","1","14","SI","NO","NO","29/11/2021 10:27:13"
"1797","PROCESSED","AD_WOB_-_Constante_de_Tiempo"," ","","19","19","0","0","0","0","-999.25","0","1","14","SI","NO","NO","29/11/2021 10:27:13"
"1798","PROCESSED","AD_WOB_-_Constante_Integral"," ","","19","19","0","0","0","0","-999.25","0","1","14","SI","NO","NO","29/11/2021 10:27:13"
"1799","PROCESSED","AD_WOB_-_Constante_Proporcional"," ","","19","19","0","0","0","0","-999.25","0","1","14","SI","NO","NO","29/11/2021 10:27:13"
"1800","PROCESSED","AD_WOB_-_Factor_de_Estabilidad"," ","","19","19","0","0","0","0","-999.25","0","1","14","SI","NO","NO","29/11/2021 10:27:13"
"1801","PROCESSED","AD_WOB_-_Ganancia_Derivativa"," ","","19","19","0","0","0","0","-999.25","0","1","14","SI","NO","NO","29/11/2021 10:27:13"
"1802","PROCESSED","AD_WOB_-_Ganancia_Integral"," ","","19","19","0","0","0","0","-999.25","0","1","14","SI","NO","NO","29/11/2021 10:27:13"
"1803","PROCESSED","AD_WOB_-_Ganancia_Proporcional"," ","","19","19","0","0","0","0","-999.25","0","1","14","NO","NO","NO","29/11/2021 10:28:23"
"1804","PROCESSED","AD_WOB_-_Limite_de_Parada"," ","","7","7","0","0","0","0","-999.25","0","1","14","NO","NO","NO","29/11/2021 10:28:23"
"1805","PROCESSED","AD_WOB_-_Realimentacion_PID"," ","","19","19","0","0","0","0","-999.25","0","1","14","NO","NO","NO","29/11/2021 10:28:23"
"1806","PROCESSED","AD_WOB_-_Salida_PID"," ","","17","17","0","0","0","0","-999.25","0","1","14","NO","NO","NO","29/11/2021 10:28:23"
"1807","PROCESSED","AD_WOB_-_Setpoint_de_Ganancia"," ","","19","19","0","0","0","0","-999.25","0","1","14","NO","NO","NO","29/11/2021 10:28:23"
"1808","PROCESSED","AD_WOB_-_Setpoint_de_Ganancia_Base"," ","","19","19","0","0","0","0","-999.25","0","1","14","NO","NO","NO","29/11/2021 10:28:23"
"1809","PROCESSED","AD_WOB_-_Setpoint_de_Relac_de_Retroaliment"," ","","19","19","0","0","0","0","-999.25","0","1","14","NO","NO","NO","29/11/2021 10:28:23"
"1810","PROCESSED","AD_WOB_-_Setpoint_Objetivo"," ","","7","7","0","0","0","0","-999.25","0","1","14","NO","NO","NO","29/11/2021 10:28:23"
"1811","PROCESSED","AD_WOB_-_Setpoint_PID"," ","","19","19","0","0","0","0","-999.25","0","1","14","NO","NO","NO","29/11/2021 10:28:23"
"1812","PROCESSED","Alarma_H2S"," ","","19","19","0","0","0","0","-999.25","0","1","14","NO","NO","NO","29/11/2021 10:28:23"
"1813","PROCESSED","Alarma_Nivel"," ","","19","19","0","0","0","0","-999.25","0","1","14","NO","NO","NO","29/11/2021 10:28:23"
"1814","PROCESSED","Average_Joint_Length"," ","","26","26","0","0","0","0","-999.25","0","1","14","NO","NO","NO","29/11/2021 10:28:23"
"1815","PROCESSED","Basic_MSE"," ","","38","38","0","0","0","0","-999.25","0","1","14","NO","NO","NO","29/11/2021 10:28:23"
"1816","PROCESSED","Basic_MSE_-_AMP/FT_LBS"," ","","45","45","0","0","0","0","-999.25","0","1","14","NO","NO","NO","29/11/2021 10:28:23"
"1817","PROCESSED","Basic_MSE_-_MMTorq_Factor"," ","","32","32","0","0","0","0","-999.25","0","1","14","NO","NO","NO","29/11/2021 10:28:23"
"1818","PROCESSED","Basic_MSE_-_RPM/GPM"," ","","45","45","0","0","0","0","-999.25","0","1","14","NO","NO","NO","29/11/2021 10:28:23"
"1819","PROCESSED","Bit_Bounce"," ","","26","26","0","0","0","0","-999.25","0","1","14","NO","NO","NO","29/11/2021 10:28:23"
"1820","PROCESSED","Bit_Wt_0_Off_Bottom"," ","","19","19","0","0","0","0","-999.25","0","1","14","NO","NO","NO","29/11/2021 10:28:23"
"1821","PROCESSED","Calculated_Delta_Displacement"," ","","16","16","0","0","0","0","-999.25","0","1","14","NO","NO","NO","29/11/2021 10:28:23"
"1822","PROCESSED","Calculated_Pipe_Displacement"," ","","16","16","0","0","0","0","-999.25","0","1","14","NO","NO","NO","29/11/2021 10:28:23"
"1823","PROCESSED","Calibrating_EDMS"," ","","19","19","0","0","0","0","-999.25","0","1","14","NO","NO","NO","29/11/2021 10:28:23"
"1824","PROCESSED","CEM_-_Caudal_Bombeo"," ","","20","20","0","0","0","0","-999.25","0","1","14","NO","NO","NO","29/11/2021 10:28:23"
"1825","PROCESSED","CEM_-_Densidad_Fluido"," ","","15","15","0","0","0","0","-999.25","0","1","14","NO","NO","NO","29/11/2021 10:28:23"
"1826","PROCESSED","CEM_-_Presion_Directa"," ","","6","6","0","0","0","0","-999.25","0","1","14","NO","NO","NO","29/11/2021 10:28:23"
"1827","PROCESSED","CEM_-_Tiempo"," ","","50","50","0","0","0","0","-999.25","0","1","14","NO","NO","NO","29/11/2021 10:28:23"
"1828","PROCESSED","CEM_-_Vol_por_Etapas"," ","","16","16","0","0","0","0","-999.25","0","1","14","NO","NO","NO","29/11/2021 10:28:23"
"1829","PROCESSED","CEM_-_Vol_Total_Acumulado"," ","","16","16","0","0","0","0","-999.25","0","1","14","NO","NO","NO","29/11/2021 10:28:23"
"1830","PROCESSED","chris"," ","","19","19","0","0","0","0","-999.25","0","1","14","NO","NO","NO","29/11/2021 10:28:23"
"1831","PROCESSED","CRT_RPM"," ","","8","8","0","0","0","0","-999.25","0","1","14","NO","NO","NO","29/11/2021 10:28:23"
"1832","PROCESSED","CRT_Torque"," ","","9","9","0","0","0","0","-999.25","0","1","14","NO","NO","NO","29/11/2021 10:28:23"
"1833","PROCESSED","CRT_Turns"," ","","48","48","0","0","0","0","-999.25","0","1","14","NO","NO","NO","29/11/2021 10:28:23"
"1834","PROCESSED","Cumulative_Delta_Displacement"," ","","16","16","0","0","0","0","-999.25","0","1","14","NO","NO","NO","29/11/2021 10:28:23"
"1835","PROCESSED","Cumulative_Fluid_Displacement"," ","","16","16","0","0","0","0","-999.25","0","1","14","NO","NO","NO","29/11/2021 10:28:23"
"1836","PROCESSED","Cumulative_Pipe_Displacement"," ","","16","16","0","0","0","0","-999.25","0","1","14","NO","NO","NO","29/11/2021 10:28:23"
"1837","PROCESSED","Cut_and_Slip"," ","","92","92","0","0","0","0","-999.25","0","1","14","NO","NO","NO","29/11/2021 10:28:23"
"1838","PROCESSED","Cut_and_Slip_Ref"," ","","19","19","0","0","0","0","-999.25","0","1","14","NO","NO","NO","29/11/2021 10:28:23"
"1839","PROCESSED","Daily_Accum_Wear"," ","","92","92","0","0","0","0","-999.25","0","1","14","NO","NO","NO","29/11/2021 10:28:23"
"1840","PROCESSED","Daily_Line_Wear_Ref"," ","","19","19","0","0","0","0","-999.25","0","1","14","NO","NO","NO","29/11/2021 10:28:23"
"1841","PROCESSED","Derrick_Cert_Ref"," ","","19","19","0","0","0","0","-999.25","0","1","14","NO","NO","NO","29/11/2021 10:28:23"
"1842","PROCESSED","Derrick_Certified"," ","","92","92","0","0","0","0","-999.25","0","1","14","NO","NO","NO","29/11/2021 10:28:23"
"1843","PROCESSED","DIR-Area_total_flujo_Trep"," ","","69","69","0","0","0","0","-999.25","0","1","14","NO","NO","NO","29/11/2021 10:28:23"
"1844","PROCESSED","DIR-Azi_Svy_(Correg)"," ","","30","30","0","0","0","0","-999.25","0","1","14","NO","NO","NO","29/11/2021 10:28:23"
"1845","PROCESSED","DIR-Azi_Svy_(No_correg)"," ","","30","30","0","0","0","0","-999.25","0","1","14","NO","NO","NO","29/11/2021 10:28:23"
"1846","PROCESSED","DIR-Azi_Contin"," ","","30","30","0","0","0","0","-999.25","0","1","14","NO","NO","NO","29/11/2021 10:28:23"
"1847","PROCESSED","DIR-BIT_RPM_Calc"," ","","8","8","0","0","0","0","-999.25","0","1","14","NO","NO","NO","29/11/2021 10:28:23"
"1848","PROCESSED","DIR-Build_rate"," ","","70","70","0","0","0","0","-999.25","0","1","14","NO","NO","NO","29/11/2021 10:28:23"
"1849","PROCESSED","DIR-Caliper"," ","","39","39","0","0","0","0","-999.25","0","1","14","NO","NO","NO","29/11/2021 10:28:23"
"1850","PROCESSED","DIR-Codigo_Actividad"," ","","19","19","0","0","0","0","-999.25","0","1","14","NO","NO","NO","29/11/2021 10:28:23"
"1851","PROCESSED","DIR-Codigo_IADC_Trep"," ","","19","19","0","0","0","0","-999.25","0","1","14","NO","NO","NO","29/11/2021 10:28:23"
"1852","PROCESSED","DIR-Cond_entrada_Trep"," ","","19","19","0","0","0","0","-999.25","0","1","14","NO","NO","NO","29/11/2021 10:28:23"
"1853","PROCESSED","DIR-Cond_salida_Trep"," ","","19","19","0","0","0","0","-999.25","0","1","14","NO","NO","NO","29/11/2021 10:28:58"
"1854","PROCESSED","DIR-Densidad_Lodo_(Prom)"," ","","15","15","0","0","0","0","-999.25","0","1","14","NO","NO","NO","29/11/2021 10:28:58"
"1855","PROCESSED","DIR-Diam_Boq_Central"," ","","39","39","0","0","0","0","-999.25","0","1","14","NO","NO","NO","29/11/2021 10:28:58"
"1856","PROCESSED","DIR-Diametro_Boq_1"," ","","39","39","0","0","0","0","-999.25","0","1","14","NO","NO","NO","29/11/2021 10:28:58"
"1857","PROCESSED","DIR-Diametro_Boq_2"," ","","39","39","0","0","0","0","-999.25","0","1","14","NO","NO","NO","29/11/2021 10:28:58"
"1858","PROCESSED","DIR-Diametro_Boq_3"," ","","39","39","0","0","0","0","-999.25","0","1","14","NO","NO","NO","29/11/2021 10:28:58"
"1859","PROCESSED","DIR-Diametro_Boq_4"," ","","39","39","0","0","0","0","-999.25","0","1","14","NO","NO","NO","29/11/2021 10:28:58"
"1860","PROCESSED","DIR-Diametro_Trepano"," ","","39","39","0","0","0","0","-999.25","0","1","14","NO","NO","NO","29/11/2021 10:28:58"
"1861","PROCESSED","DIR-Dist_al_plan"," ","","10","10","0","0","0","0","-999.25","0","1","14","NO","NO","NO","29/11/2021 10:28:58"
"1862","PROCESSED","DIR-DLS_Contin_Calc"," ","","70","70","0","0","0","0","-999.25","0","1","14","NO","NO","NO","29/11/2021 10:28:58"
"1863","PROCESSED","DIR-Dogleg_Sev"," ","","70","70","0","0","0","0","-999.25","0","1","14","NO","NO","NO","29/11/2021 10:28:58"
"1864","PROCESSED","DIR-ECD_en_Trepano"," ","","15","15","0","0","0","0","-999.25","0","1","14","NO","NO","NO","29/11/2021 10:28:58"
"1865","PROCESSED","DIR-ECD_Prof_Total"," ","","15","15","0","0","0","0","-999.25","0","1","14","NO","NO","NO","29/11/2021 10:28:58"
"1866","PROCESSED","DIR-ESD_mat"," ","","15","15","0","0","0","0","-999.25","0","1","14","NO","NO","NO","29/11/2021 10:28:58"
"1867","PROCESSED","DIR-ESD_max"," ","","15","15","0","0","0","0","-999.25","0","1","14","NO","NO","NO","29/11/2021 10:28:58"
"1868","PROCESSED","DIR-ESD_min"," ","","15","15","0","0","0","0","-999.25","0","1","14","NO","NO","NO","29/11/2021 10:28:58"
"1869","PROCESSED","DIR-Fabricante_Trepano"," ","","19","19","0","0","0","0","-999.25","0","1","14","NO","NO","NO","29/11/2021 10:28:58"
"1870","PROCESSED","DIR-Fecha"," ","","19","19","0","0","0","0","-999.25","0","1","14","NO","NO","NO","29/11/2021 10:28:58"
"1871","PROCESSED","DIR-G_Ray_Azim_(Correg)"," ","","34","34","0","0","0","0","-999.25","0","1","14","NO","NO","NO","29/11/2021 10:28:58"
"1872","PROCESSED","DIR-Gamma_Ray_(Correg)"," ","","34","34","0","0","0","0","-999.25","0","1","14","NO","NO","NO","29/11/2021 10:28:58"
"1873","PROCESSED","DIR-Gravity_Total_[Gauss]"," ","","19","19","0","0","0","0","-999.25","0","1","14","NO","NO","NO","29/11/2021 10:28:58"
"1874","PROCESSED","DIR-GTF_Contin"," ","","30","30","0","0","0","0","-999.25","0","1","14","NO","NO","NO","29/11/2021 10:28:58"
"1875","PROCESSED","DIR-Hora_"," ","","19","19","0","0","0","0","-999.25","0","1","14","NO","NO","NO","29/11/2021 10:28:58"
"1876","PROCESSED","DIR-Horas_Circulacion"," ","","31","31","0","0","0","0","-999.25","0","1","14","NO","NO","NO","29/11/2021 10:28:58"
"1877","PROCESSED","DIR-Ident_pozo"," ","","19","19","0","0","0","0","-999.25","0","1","14","NO","NO","NO","29/11/2021 10:28:58"
"1878","PROCESSED","DIR-Inc_Contin"," ","","30","30","0","0","0","0","-999.25","0","1","14","NO","NO","NO","29/11/2021 10:28:58"
"1879","PROCESSED","DIR-Inclinacion_Svy"," ","","30","30","0","0","0","0","-999.25","0","1","14","NO","NO","NO","29/11/2021 10:28:58"
"1880","PROCESSED","DIR-Int_Magnetica_X_[Gauss]"," ","","19","19","0","0","0","0","-999.25","0","1","14","NO","NO","NO","29/11/2021 10:28:58"
"1881","PROCESSED","DIR-Int_Magnetica_Y_[Gauss]"," ","","19","19","0","0","0","0","-999.25","0","1","14","NO","NO","NO","29/11/2021 10:28:58"
"1882","PROCESSED","DIR-Int_Magnetica_Z_[Gauss]"," ","","19","19","0","0","0","0","-999.25","0","1","14","NO","NO","NO","29/11/2021 10:28:58"
"1883","PROCESSED","DIR-Long_Perf_Trep"," ","","10","10","0","0","0","0","-999.25","0","1","14","NO","NO","NO","29/11/2021 10:28:58"
"1884","PROCESSED","DIR-Magnetic_Total_[Gauss]"," ","","19","19","0","0","0","0","-999.25","0","1","14","NO","NO","NO","29/11/2021 10:28:58"
"1885","PROCESSED","DIR-MTF_Contin"," ","","30","30","0","0","0","0","-999.25","0","1","14","NO","NO","NO","29/11/2021 10:28:58"
"1886","PROCESSED","DIR-Nivel_Stick_Slip"," ","","19","19","0","0","0","0","-999.25","0","1","14","NO","NO","NO","29/11/2021 10:28:58"
"1887","PROCESSED","DIR-Nivel_Vibracion"," ","","19","19","0","0","0","0","-999.25","0","1","14","NO","NO","NO","29/11/2021 10:28:58"
"1888","PROCESSED","DIR-Nombre_Trepano"," ","","19","19","0","0","0","0","-999.25","0","1","14","NO","NO","NO","29/11/2021 10:28:58"
"1889","PROCESSED","DIR-Numero_Serie_Trep"," ","","19","19","0","0","0","0","-999.25","0","1","14","NO","NO","NO","29/11/2021 10:28:58"
"1890","PROCESSED","DIR-Numero_Trepano"," ","","19","19","0","0","0","0","-999.25","0","1","14","NO","NO","NO","29/11/2021 10:28:58"
"1891","PROCESSED","DIR-Peso_trep_fondo_(max)"," ","","22","22","0","0","0","0","-999.25","0","1","14","NO","NO","NO","29/11/2021 10:28:58"
"1892","PROCESSED","DIR-Peso_trep_fondo_(Prom)"," ","","22","22","0","0","0","0","-999.25","0","1","14","NO","NO","NO","29/11/2021 10:28:58"
"1893","PROCESSED","DIR-Pres_Anular_Fondo"," ","","6","6","0","0","0","0","-999.25","0","1","14","NO","NO","NO","29/11/2021 10:28:58"
"1894","PROCESSED","DIR-Pres_Interna_Fondo"," ","","6","6","0","0","0","0","-999.25","0","1","14","NO","NO","NO","29/11/2021 10:28:58"
"1895","PROCESSED","DIR-Prof_Final_Trep"," ","","10","10","0","0","0","0","-999.25","0","1","14","NO","NO","NO","29/11/2021 10:28:58"
"1896","PROCESSED","DIR-Prof_Inicial_Trep"," ","","10","10","0","0","0","0","-999.25","0","1","14","NO","NO","NO","29/11/2021 10:28:58"
"1897","PROCESSED","DIR-Rate_of_Walk"," ","","70","70","0","0","0","0","-999.25","0","1","14","NO","NO","NO","29/11/2021 10:28:58"
"1898","PROCESSED","DIR-Razon_salida_Trep"," ","","19","19","0","0","0","0","-999.25","0","1","14","NO","NO","NO","29/11/2021 10:28:58"
"1899","PROCESSED","DIR-Resist_Profunda_(Correg)"," ","","71","71","0","0","0","0","-999.25","0","1","14","NO","NO","NO","29/11/2021 10:28:58"
"1900","PROCESSED","DIR-Resist_Somera_(Correg)"," ","","71","71","0","0","0","0","-999.25","0","1","14","NO","NO","NO","29/11/2021 10:28:58"
"1901","PROCESSED","DIR-ROP_Promedio_Trep"," ","","17","17","0","0","0","0","-999.25","0","1","14","NO","NO","NO","29/11/2021 10:28:58"
"1902","PROCESSED","DIR-RPM_Motor_fondo"," ","","8","8","0","0","0","0","-999.25","0","1","14","NO","NO","NO","29/11/2021 10:28:58"
"1903","PROCESSED","DIR-RPM_Turbina"," ","","8","8","0","0","0","0","-999.25","0","1","14","NO","NO","NO","29/11/2021 10:31:26"
"1904","PROCESSED","DIR-RSS_TF_Duty_Cicle"," ","","56","56","0","0","0","0","-999.25","0","1","14","NO","NO","NO","29/11/2021 10:31:26"
"1905","PROCESSED","DIR-RSS_TF_Target"," ","","30","30","0","0","0","0","-999.25","0","1","14","NO","NO","NO","29/11/2021 10:31:26"
"1906","PROCESSED","DIR-S_track/Seccion_Hoyo"," ","","19","19","0","0","0","0","-999.25","0","1","14","NO","NO","NO","29/11/2021 10:31:26"
"1907","PROCESSED","DIR-Seccion_Vert"," ","","10","10","0","0","0","0","-999.25","0","1","14","NO","NO","NO","29/11/2021 10:31:26"
"1908","PROCESSED","DIR-Sens_GR_Azim_(MD)"," ","","10","10","0","0","0","0","-999.25","0","1","14","NO","NO","NO","29/11/2021 10:31:26"
"1909","PROCESSED","DIR-Sens_GR_Azim_(TVD)"," ","","10","10","0","0","0","0","-999.25","0","1","14","NO","NO","NO","29/11/2021 10:31:26"
"1910","PROCESSED","DIR-Sens_Res_Profundo_(MD)"," ","","10","10","0","0","0","0","-999.25","0","1","14","NO","NO","NO","29/11/2021 10:31:26"
"1911","PROCESSED","DIR-Sens_Res_Profundo_(TVD)"," ","","10","10","0","0","0","0","-999.25","0","1","14","NO","NO","NO","29/11/2021 10:31:26"
"1912","PROCESSED","DIR-Sens_Res_Somero_(MD)"," ","","10","10","0","0","0","0","-999.25","0","1","14","NO","NO","NO","29/11/2021 10:31:26"
"1913","PROCESSED","DIR-Sens_Res_Somero_(TVD)"," ","","10","10","0","0","0","0","-999.25","0","1","14","NO","NO","NO","29/11/2021 10:31:26"
"1914","PROCESSED","DIR-Sensor_Caliper_(MD)"," ","","10","10","0","0","0","0","-999.25","0","1","14","NO","NO","NO","29/11/2021 10:31:26"
"1915","PROCESSED","DIR-Sensor_Caliper_(TVD)"," ","","10","10","0","0","0","0","-999.25","0","1","14","NO","NO","NO","29/11/2021 10:31:26"
"1916","PROCESSED","DIR-Sensor_GR_(MD)"," ","","10","10","0","0","0","0","-999.25","0","1","14","NO","NO","NO","29/11/2021 10:31:26"
"1917","PROCESSED","DIR-Sensor_GR_(TVD)"," ","","10","10","0","0","0","0","-999.25","0","1","14","NO","NO","NO","29/11/2021 10:31:26"
"1918","PROCESSED","DIR-Stick_Slip"," ","","56","56","0","0","0","0","-999.25","0","1","14","NO","NO","NO","29/11/2021 10:31:26"
"1919","PROCESSED","DIR-Survey_(MD)"," ","","10","10","0","0","0","0","-999.25","0","1","14","NO","NO","NO","29/11/2021 10:31:26"
"1920","PROCESSED","DIR-Survey_(TVD)"," ","","10","10","0","0","0","0","-999.25","0","1","14","NO","NO","NO","29/11/2021 10:31:26"
"1921","PROCESSED","DIR-Temp_Fluido_fondo"," ","","72","72","0","0","0","0","-999.25","0","1","14","NO","NO","NO","29/11/2021 10:31:26"
"1922","PROCESSED","DIR-Temp_fondo"," ","","72","72","0","0","0","0","-999.25","0","1","14","NO","NO","NO","29/11/2021 10:31:26"
"1923","PROCESSED","DIR-TF_Grav"," ","","30","30","0","0","0","0","-999.25","0","1","14","NO","NO","NO","29/11/2021 10:31:26"
"1924","PROCESSED","DIR-TF_Mag"," ","","30","30","0","0","0","0","-999.25","0","1","14","NO","NO","NO","29/11/2021 10:31:26"
"1925","PROCESSED","DIR-Tiempo_cunias-fondo"," ","","40","40","0","0","0","0","-999.25","0","1","14","NO","NO","NO","29/11/2021 10:31:26"
"1926","PROCESSED","DIR-Tiempo_en_cunias"," ","","40","40","0","0","0","0","-999.25","0","1","14","NO","NO","NO","29/11/2021 10:31:26"
"1927","PROCESSED","DIR-Tiempo_fondo-cunias"," ","","40","40","0","0","0","0","-999.25","0","1","14","NO","NO","NO","29/11/2021 10:31:26"
"1928","PROCESSED","DIR-Tiempo_Perf_Trep"," ","","31","31","0","0","0","0","-999.25","0","1","14","NO","NO","NO","29/11/2021 10:31:26"
"1929","PROCESSED","DIR-Tiempo_Pumps-Off"," ","","40","40","0","0","0","0","-999.25","0","1","14","NO","NO","NO","29/11/2021 10:31:26"
"1930","PROCESSED","DIR-Tiempo_Repaso_Trep"," ","","31","31","0","0","0","0","-999.25","0","1","14","NO","NO","NO","29/11/2021 10:31:26"
"1931","PROCESSED","DIR-Tipo_Survey"," ","","19","19","0","0","0","0","-999.25","0","1","14","NO","NO","NO","29/11/2021 10:31:26"
"1932","PROCESSED","DIR-Torque_en_fondo_(Max)"," ","","9","9","0","0","0","0","-999.25","0","1","14","NO","NO","NO","29/11/2021 10:31:26"
"1933","PROCESSED","DIR-Torque_en_fondo_(Prom)"," ","","9","9","0","0","0","0","-999.25","0","1","14","NO","NO","NO","29/11/2021 10:31:26"
"1934","PROCESSED","DIR-Turn_rate"," ","","70","70","0","0","0","0","-999.25","0","1","14","NO","NO","NO","29/11/2021 10:31:26"
"1935","PROCESSED","DIR-Vib_max_Axial_(y)"," ","","19","19","0","0","0","0","-999.25","0","1","14","NO","NO","NO","29/11/2021 10:31:26"
"1936","PROCESSED","DIR-Vib_max_Lat_(x)"," ","","19","19","0","0","0","0","-999.25","0","1","14","NO","NO","NO","29/11/2021 10:31:26"
"1937","PROCESSED","DIR-Vib_max_Tors_(z)"," ","","19","19","0","0","0","0","-999.25","0","1","14","NO","NO","NO","29/11/2021 10:31:26"
"1938","PROCESSED","DIR-Vib_Prom_x_(Lat)"," ","","19","19","0","0","0","0","-999.25","0","1","14","NO","NO","NO","29/11/2021 10:31:26"
"1939","PROCESSED","DIR-Vib_Prom_y_(Axial)"," ","","19","19","0","0","0","0","-999.25","0","1","14","NO","NO","NO","29/11/2021 10:31:26"
"1940","PROCESSED","DIR-Vib_Prom_z_(Tors)"," ","","19","19","0","0","0","0","-999.25","0","1","14","NO","NO","NO","29/11/2021 10:31:26"
"1941","PROCESSED","Direccion_Viento"," ","","19","19","0","0","0","0","-999.25","0","1","14","NO","NO","NO","29/11/2021 10:31:26"
"1942","PROCESSED","Display_Fast_ROP_Off_Bottom"," ","","19","19","0","0","0","0","-999.25","0","1","14","NO","NO","NO","29/11/2021 10:31:26"
"1943","PROCESSED","Display_Rot_Torque"," ","","19","19","0","0","0","0","-999.25","0","1","14","NO","NO","NO","29/11/2021 10:31:26"
"1944","PROCESSED","Display_WOB"," ","","19","19","0","0","0","0","-999.25","0","1","14","NO","NO","NO","29/11/2021 10:31:26"
"1945","PROCESSED","Drill_Fl_Level"," ","","26","26","0","0","0","0","-999.25","0","1","14","NO","NO","NO","29/11/2021 10:31:26"
"1946","PROCESSED","Drilling_Trigger_HKLD"," ","","7","7","0","0","0","0","-999.25","0","1","14","NO","NO","NO","29/11/2021 10:31:26"
"1947","PROCESSED","DWK_-_Celda_de_Carga_1"," ","","7","7","0","0","0","0","-999.25","0","1","14","NO","NO","NO","29/11/2021 10:31:26"
"1948","PROCESSED","DWK_-_Celda_de_Carga_2"," ","","7","7","0","0","0","0","-999.25","0","1","14","NO","NO","NO","29/11/2021 10:31:26"
"1949","PROCESSED","DWK_-_Celda_de_Carga_3"," ","","7","7","0","0","0","0","-999.25","0","1","14","NO","NO","NO","29/11/2021 10:31:26"
"1950","PROCESSED","DWK_-_E_Stop"," ","","18","18","0","0","0","0","-999.25","0","1","14","NO","NO","NO","29/11/2021 10:31:26"
"1951","PROCESSED","DWK_-_Falla_Bomba_1_HPU"," ","","18","18","0","0","0","0","-999.25","0","1","14","NO","NO","NO","29/11/2021 10:31:26"
"1952","PROCESSED","DWK_-_Falla_Bomba_2_HPU"," ","","18","18","0","0","0","0","-999.25","0","1","14","NO","NO","NO","29/11/2021 10:31:26"
"1953","PROCESSED","DWK_-_Filtro_HPU_Obstruido"," ","","18","18","0","0","0","0","-999.25","0","1","14","NO","NO","NO","29/11/2021 10:32:04"
"1954","PROCESSED","DWK_-_Freno_de_Estacionamiento"," ","","18","18","0","0","0","0","-999.25","0","1","14","NO","NO","NO","29/11/2021 10:32:04"
"1955","PROCESSED","DWK_-_Nivel_Bajo_en_Tanque_HPU"," ","","18","18","0","0","0","0","-999.25","0","1","14","NO","NO","NO","29/11/2021 10:32:04"
"1956","PROCESSED","DWK_-_Presion_de_Bomba_de_Lubricante"," ","","6","6","0","0","0","0","-999.25","0","1","14","NO","NO","NO","29/11/2021 10:32:04"
"1957","PROCESSED","DWK_-_Temp_Lubricante_Caja_de_Cambios"," ","","18","18","0","0","0","0","-999.25","0","1","14","NO","NO","NO","29/11/2021 10:32:04"
"1958","PROCESSED","DWK_-_Temperatura_Alta_Tanque_HPU"," ","","18","18","0","0","0","0","-999.25","0","1","14","NO","NO","NO","29/11/2021 10:32:04"
"1959","PROCESSED","ECS_DECANTER_1_BBA_Lodo_1_Amp"," ","","5","5","0","0","0","0","-999.25","0","1","14","NO","NO","NO","29/11/2021 10:32:04"
"1960","PROCESSED","ECS_DECANTER_1_BBA_Pol1_Amp"," ","","5","5","0","0","0","0","-999.25","0","1","14","NO","NO","NO","29/11/2021 10:32:04"
"1961","PROCESSED","ECS_DECANTER_1_BOWL_Amp"," ","","5","5","0","0","0","0","-999.25","0","1","14","NO","NO","NO","29/11/2021 10:32:04"
"1962","PROCESSED","ECS_DECANTER_2_BBA_Lodo2_Amp"," ","","5","5","0","0","0","0","-999.25","0","1","14","NO","NO","NO","29/11/2021 10:32:04"
"1963","PROCESSED","ECS_DECANTER_2_BBA_Pol2_Amp"," ","","5","5","0","0","0","0","-999.25","0","1","14","NO","NO","NO","29/11/2021 10:32:04"
"1964","PROCESSED","ECS_DECANTER_2_BOWL_Amp"," ","","5","5","0","0","0","0","-999.25","0","1","14","NO","NO","NO","29/11/2021 10:32:04"
"1965","PROCESSED","ECS_DECANTER_BBA_Amp"," ","","5","5","0","0","0","0","-999.25","0","1","14","NO","NO","NO","29/11/2021 10:32:04"
"1966","PROCESSED","ECS_DENS_lodo"," ","","15","15","0","0","0","0","-999.25","0","1","14","NO","NO","NO","29/11/2021 10:32:04"
"1967","PROCESSED","ECS_DESANDER_Presion"," ","","6","6","0","0","0","0","-999.25","0","1","14","NO","NO","NO","29/11/2021 10:32:04"
"1968","PROCESSED","ECS_DESILTER_BBA_Amp"," ","","5","5","0","0","0","0","-999.25","0","1","14","NO","NO","NO","29/11/2021 10:32:04"
"1969","PROCESSED","ECS_DESILTER_Presion"," ","","6","6","0","0","0","0","-999.25","0","1","14","NO","NO","NO","29/11/2021 10:32:04"
"1970","PROCESSED","ECS_ZAR_1_Amp"," ","","5","5","0","0","0","0","-999.25","0","1","14","NO","NO","NO","29/11/2021 10:32:04"
"1971","PROCESSED","ECS_ZAR_1_G"," ","","84","84","0","0","0","0","-999.25","0","1","14","NO","NO","NO","29/11/2021 10:32:04"
"1972","PROCESSED","ECS_ZAR_2_Amp"," ","","5","5","0","0","0","0","-999.25","0","1","14","NO","NO","NO","29/11/2021 10:32:04"
"1973","PROCESSED","ECS_ZAR_2_G"," ","","84","84","0","0","0","0","-999.25","0","1","14","NO","NO","NO","29/11/2021 10:32:04"
"1974","PROCESSED","ECS_ZAR_3_Amp"," ","","5","5","0","0","0","0","-999.25","0","1","14","NO","NO","NO","29/11/2021 10:32:04"
"1975","PROCESSED","ECS_ZAR_3_G"," ","","84","84","0","0","0","0","-999.25","0","1","14","NO","NO","NO","29/11/2021 10:32:04"
"1976","PROCESSED","ECS_ZAR_Sec_Amp"," ","","5","5","0","0","0","0","-999.25","0","1","14","NO","NO","NO","29/11/2021 10:32:04"
"1977","PROCESSED","EDMS_Profundidad_WITS"," ","","10","10","0","0","0","0","-999.25","0","1","14","NO","NO","NO","29/11/2021 10:32:04"
"1978","PROCESSED","Elevator_Lev"," ","","26","26","0","0","0","0","-999.25","0","1","14","NO","NO","NO","29/11/2021 10:32:04"
"1979","PROCESSED","Encoder_Type"," ","","19","19","0","0","0","0","-999.25","0","1","14","NO","NO","NO","29/11/2021 10:32:04"
"1980","PROCESSED","Entubacion"," ","","19","19","0","0","0","0","-999.25","0","1","14","NO","NO","NO","29/11/2021 10:32:04"
"1981","PROCESSED","Fin_Etapa"," ","","19","19","0","0","0","0","-999.25","0","1","14","NO","NO","NO","29/11/2021 10:32:04"
"1982","PROCESSED","Finalizacion_Fase_1"," ","","19","19","0","0","0","0","-999.25","0","1","14","NO","NO","NO","29/11/2021 10:32:04"
"1983","PROCESSED","Finalizacion_Fase_2"," ","","19","19","0","0","0","0","-999.25","0","1","14","NO","NO","NO","29/11/2021 10:32:04"
"1984","PROCESSED","Finalizacion_Fase_3"," ","","19","19","0","0","0","0","-999.25","0","1","14","NO","NO","NO","29/11/2021 10:32:04"
"1985","PROCESSED","Finalizacion_Fase_4"," ","","19","19","0","0","0","0","-999.25","0","1","14","NO","NO","NO","29/11/2021 10:32:04"
"1986","PROCESSED","Finalizacion_Fase_5"," ","","19","19","0","0","0","0","-999.25","0","1","14","NO","NO","NO","29/11/2021 10:32:04"
"1987","PROCESSED","Generador_1_-_Estado"," ","","18","18","0","0","0","0","-999.25","0","1","14","NO","NO","NO","29/11/2021 10:32:04"
"1988","PROCESSED","Generador_2_-_Estado"," ","","18","18","0","0","0","0","-999.25","0","1","14","NO","NO","NO","29/11/2021 10:32:04"
"1989","PROCESSED","Generador_3_-_Estado"," ","","18","18","0","0","0","0","-999.25","0","1","14","NO","NO","NO","29/11/2021 10:32:04"
"1990","PROCESSED","Generador_4_-_Estado"," ","","18","18","0","0","0","0","-999.25","0","1","14","NO","NO","NO","29/11/2021 10:32:04"
"1991","PROCESSED","GEO-Densidad_en_Succion"," ","","73","73","0","0","0","0","-999.25","0","1","14","NO","NO","NO","29/11/2021 10:32:04"
"1992","PROCESSED","GEO-Flujo_Salida_%"," ","","56","56","0","0","0","0","-999.25","0","1","14","NO","NO","NO","29/11/2021 10:32:04"
"1993","PROCESSED","GEO-Gas_Total"," ","","56","56","0","0","0","0","-999.25","0","1","14","NO","NO","NO","29/11/2021 10:32:04"
"1994","PROCESSED","GEO-Prof_muestra_(MD)"," ","","10","10","0","0","0","0","-999.25","0","1","14","NO","NO","NO","29/11/2021 10:32:04"
"1995","PROCESSED","GEO-Prof_muestra_(Vert)"," ","","10","10","0","0","0","0","-999.25","0","1","14","NO","NO","NO","29/11/2021 10:32:04"
"1996","PROCESSED","GEO-Total_Succion"," ","","16","16","0","0","0","0","-999.25","0","1","14","NO","NO","NO","29/11/2021 10:32:04"
"1997","PROCESSED","GWEX_Command"," ","","19","19","0","0","0","0","-999.25","0","1","14","NO","NO","NO","29/11/2021 10:32:04"
"1998","PROCESSED","Inicio-Fin_Fase"," ","","18","18","0","0","0","0","-999.25","0","1","14","NO","NO","NO","29/11/2021 10:32:04"
"1999","PROCESSED","Joints_Per_Stand"," ","","19","19","0","0","0","0","-999.25","0","1","14","NO","NO","NO","29/11/2021 10:32:04"
"2000","PROCESSED","Kelly_Down_Len"," ","","26","26","0","0","0","0","-999.25","0","1","14","NO","NO","NO","29/11/2021 10:32:04"
"2001","PROCESSED","KZ_Engine_Heartbeat"," ","","19","19","0","0","0","0","-999.25","0","1","14","NO","NO","NO","29/11/2021 10:32:04"
"2002","PROCESSED","Last_24_Hr_Wear"," ","","92","92","0","0","0","0","-999.25","0","1","14","NO","NO","NO","29/11/2021 10:32:04"
"2003","PROCESSED","LEL_Bodega"," ","","56","56","0","0","0","0","-999.25","0","1","14","NO","NO","NO","29/11/2021 10:33:33"
"2004","PROCESSED","LEL_Piso"," ","","19","19","0","0","0","0","-999.25","0","1","14","NO","NO","NO","29/11/2021 10:33:33"
"2005","PROCESSED","LEL_Zaranda"," ","","19","19","0","0","0","0","-999.25","0","1","14","NO","NO","NO","29/11/2021 10:33:33"
"2006","PROCESSED","Line_Replaced"," ","","92","92","0","0","0","0","-999.25","0","1","14","NO","NO","NO","29/11/2021 10:33:33"
"2007","PROCESSED","Line_Replaced_Ref"," ","","19","19","0","0","0","0","-999.25","0","1","14","NO","NO","NO","29/11/2021 10:33:33"
"2008","PROCESSED","Lst_Elem_Len"," ","","26","26","0","0","0","0","-999.25","0","1","14","NO","NO","NO","29/11/2021 10:33:33"
"2009","PROCESSED","Measured_Fluid_Displacement"," ","","16","16","0","0","0","0","-999.25","0","1","14","NO","NO","NO","29/11/2021 10:33:33"
"2010","PROCESSED","Monitor_H2S_Bodega"," ","","19","19","0","0","0","0","-999.25","0","1","14","NO","NO","NO","29/11/2021 10:33:33"
"2011","PROCESSED","Monitor_H2S_Piso"," ","","19","19","0","0","0","0","-999.25","0","1","14","NO","NO","NO","29/11/2021 10:33:33"
"2012","PROCESSED","Monitor_H2S_Zaranda"," ","","19","19","0","0","0","0","-999.25","0","1","14","NO","NO","NO","29/11/2021 10:33:33"
"2013","PROCESSED","Monitor_LEL_Bodega"," ","","19","19","0","0","0","0","-999.25","0","1","14","NO","NO","NO","29/11/2021 10:33:33"
"2014","PROCESSED","Monitor_LEL_Piso"," ","","19","19","0","0","0","0","-999.25","0","1","14","NO","NO","NO","29/11/2021 10:33:33"
"2015","PROCESSED","Monitor_LEL_Zaranda"," ","","19","19","0","0","0","0","-999.25","0","1","14","NO","NO","NO","29/11/2021 10:33:33"
"2016","PROCESSED","MPD_-_Caudal_Gas_MMCFD"," ","","19","19","0","0","0","0","-999.25","0","1","14","NO","NO","NO","29/11/2021 10:33:33"
"2017","PROCESSED","MPD_-_Densidad_Salida"," ","","15","15","0","0","0","0","-999.25","0","1","14","NO","NO","NO","29/11/2021 10:33:33"
"2018","PROCESSED","MPD_-_ECD"," ","","74","74","0","0","0","0","-999.25","0","1","14","NO","NO","NO","29/11/2021 10:33:33"
"2019","PROCESSED","MPD_-_ECD_Fondo_Pozo"," ","","74","74","0","0","0","0","-999.25","0","1","14","NO","NO","NO","29/11/2021 10:33:33"
"2020","PROCESSED","MPD_-_ECD_Landing_Point"," ","","15","15","0","0","0","0","-999.25","0","1","14","NO","NO","NO","29/11/2021 10:33:33"
"2021","PROCESSED","MPD_-_ECD_Prof_Control"," ","","74","74","0","0","0","0","-999.25","0","1","14","NO","NO","NO","29/11/2021 10:33:33"
"2022","PROCESSED","MPD_-_ECD_Prof_Trepano"," ","","15","15","0","0","0","0","-999.25","0","1","14","NO","NO","NO","29/11/2021 10:33:33"
"2023","PROCESSED","MPD_-_ECD_Zapato"," ","","15","15","0","0","0","0","-999.25","0","1","14","NO","NO","NO","29/11/2021 10:33:33"
"2024","PROCESSED","MPD_-_Flujo_Entrada"," ","","36","36","0","0","0","0","-999.25","0","1","14","NO","NO","NO","29/11/2021 10:33:33"
"2025","PROCESSED","MPD_-_Flujo_Salida"," ","","36","36","0","0","0","0","-999.25","0","1","14","NO","NO","NO","29/11/2021 10:33:33"
"2026","PROCESSED","MPD_-_Flujo_Salida_%"," ","","19","19","0","0","0","0","-999.25","0","1","14","NO","NO","NO","29/11/2021 10:33:33"
"2027","PROCESSED","MPD_-_Posicion_Choke_A"," ","","56","56","0","0","0","0","-999.25","0","1","14","NO","NO","NO","29/11/2021 10:33:33"
"2028","PROCESSED","MPD_-_Posicion_Choke_B"," ","","56","56","0","0","0","0","-999.25","0","1","14","NO","NO","NO","29/11/2021 10:33:33"
"2029","PROCESSED","MPD_-_Presion_Choke"," ","","6","6","0","0","0","0","-999.25","0","1","14","NO","NO","NO","29/11/2021 10:33:33"
"2030","PROCESSED","MPD_-_Presion_RCD"," ","","6","6","0","0","0","0","-999.25","0","1","14","NO","NO","NO","29/11/2021 10:33:33"
"2031","PROCESSED","MPD_-_Presion_Secundaria"," ","","6","6","0","0","0","0","-999.25","0","1","14","NO","NO","NO","29/11/2021 10:33:33"
"2032","PROCESSED","MPD_-_Temp_Salida"," ","","27","27","0","0","0","0","-999.25","0","1","14","NO","NO","NO","29/11/2021 10:33:33"
"2033","PROCESSED","OverPull_Reff"," ","","7","7","0","0","0","0","-999.25","0","1","14","NO","NO","NO","29/11/2021 10:33:33"
"2034","PROCESSED","Peso_Pistoneo"," ","","22","22","0","0","0","0","-999.25","0","1","14","NO","NO","NO","29/11/2021 10:33:33"
"2035","PROCESSED","Pipe_Length_Change"," ","","19","19","0","0","0","0","-999.25","0","1","14","NO","NO","NO","29/11/2021 10:33:33"
"2036","PROCESSED","Pistoneo_conexion"," ","","19","19","0","0","0","0","-999.25","0","1","14","NO","NO","NO","29/11/2021 10:33:33"
"2037","PROCESSED","Pistoneo_Pulsador"," ","","19","19","0","0","0","0","-999.25","0","1","14","NO","NO","NO","29/11/2021 10:33:33"
"2038","PROCESSED","Pit_1_Jumps"," ","","91","91","0","0","0","0","-999.25","0","1","14","NO","NO","NO","29/11/2021 10:33:33"
"2039","PROCESSED","Pit_10_Jumps"," ","","91","91","0","0","0","0","-999.25","0","1","14","NO","NO","NO","29/11/2021 10:33:33"
"2040","PROCESSED","Pit_11_Jumps"," ","","91","91","0","0","0","0","-999.25","0","1","14","NO","NO","NO","29/11/2021 10:33:33"
"2041","PROCESSED","Pit_12_Jumps"," ","","91","91","0","0","0","0","-999.25","0","1","14","NO","NO","NO","29/11/2021 10:33:33"
"2042","PROCESSED","Pit_2_Jumps"," ","","91","91","0","0","0","0","-999.25","0","1","14","NO","NO","NO","29/11/2021 10:33:33"
"2043","PROCESSED","Pit_3_Jumps"," ","","91","91","0","0","0","0","-999.25","0","1","14","NO","NO","NO","29/11/2021 10:33:33"
"2044","PROCESSED","Pit_4_Jumps"," ","","91","91","0","0","0","0","-999.25","0","1","14","NO","NO","NO","29/11/2021 10:33:33"
"2045","PROCESSED","Pit_5_Jumps"," ","","91","91","0","0","0","0","-999.25","0","1","14","NO","NO","NO","29/11/2021 10:33:33"
"2046","PROCESSED","Pit_6_Jumps"," ","","91","91","0","0","0","0","-999.25","0","1","14","NO","NO","NO","29/11/2021 10:33:33"
"2047","PROCESSED","Pit_7_Jumps"," ","","91","91","0","0","0","0","-999.25","0","1","14","NO","NO","NO","29/11/2021 10:33:33"
"2048","PROCESSED","Pit_8_Jumps"," ","","91","91","0","0","0","0","-999.25","0","1","14","NO","NO","NO","29/11/2021 10:33:33"
"2049","PROCESSED","Pit_9_Jumps"," ","","91","91","0","0","0","0","-999.25","0","1","14","NO","NO","NO","29/11/2021 10:33:33"
"2050","PROCESSED","Presion_Prueba_BOP","BOP_TEST","Presion BOP","6","6","0","3000","0","0","-999.25","0","1","14","SI","SI","SI","3/6/2024 14:41:29"
"2051","PROCESSED","Prev_Day_Wear"," ","","92","92","0","0","0","0","-999.25","0","1","14","NO","NO","NO","29/11/2021 10:33:33"
"2052","PROCESSED","Profundidad_Pistoneo"," ","","10","10","0","0","0","0","-999.25","0","1","14","NO","NO","NO","29/11/2021 10:33:33"
"2053","PROCESSED","PT_Correction"," ","","26","26","0","0","0","0","-999.25","0","1","14","NO","NO","NO","29/11/2021 10:34:01"
"2054","PROCESSED","PT_String"," ","","26","26","0","0","0","0","-999.25","0","1","14","NO","NO","NO","29/11/2021 10:34:01"
"2055","PROCESSED","Pump_Displacement_1"," ","","68","68","0","0","0","0","-999.25","0","1","14","NO","NO","NO","29/11/2021 10:34:01"
"2056","PROCESSED","Pump_Displacement_2"," ","","68","68","0","0","0","0","-999.25","0","1","14","NO","NO","NO","29/11/2021 10:34:01"
"2057","PROCESSED","Pump_Displacement_3"," ","","68","68","0","0","0","0","-999.25","0","1","14","NO","NO","NO","29/11/2021 10:34:01"
"2058","PROCESSED","Pump_Efficiency_1"," ","","56","56","0","0","0","0","-999.25","0","1","14","NO","NO","NO","29/11/2021 10:34:01"
"2059","PROCESSED","Pump_Efficiency_2"," ","","56","56","0","0","0","0","-999.25","0","1","14","NO","NO","NO","29/11/2021 10:34:01"
"2060","PROCESSED","Pump_Efficiency_3"," ","","56","56","0","0","0","0","-999.25","0","1","14","NO","NO","NO","29/11/2021 10:34:01"
"2061","PROCESSED","Pump_Liner_1"," ","","39","39","0","0","0","0","-999.25","0","1","14","NO","NO","NO","29/11/2021 10:34:01"
"2062","PROCESSED","Pump_Liner_2"," ","","39","39","0","0","0","0","-999.25","0","1","14","NO","NO","NO","29/11/2021 10:34:01"
"2063","PROCESSED","Pump_Liner_3"," ","","39","39","0","0","0","0","-999.25","0","1","14","NO","NO","NO","29/11/2021 10:34:01"
"2064","PROCESSED","Pump_Stroke_Length_1"," ","","39","39","0","0","0","0","-999.25","0","1","14","NO","NO","NO","29/11/2021 10:34:01"
"2065","PROCESSED","Pump_Stroke_Length_2"," ","","39","39","0","0","0","0","-999.25","0","1","14","NO","NO","NO","29/11/2021 10:34:01"
"2066","PROCESSED","Pump_Stroke_Length_3"," ","","39","39","0","0","0","0","-999.25","0","1","14","NO","NO","NO","29/11/2021 10:34:01"
"2067","PROCESSED","Pump_Type_1"," ","","19","19","0","0","0","0","-999.25","0","1","14","NO","NO","NO","29/11/2021 10:34:01"
"2068","PROCESSED","Pump_Type_2"," ","","19","19","0","0","0","0","-999.25","0","1","14","NO","NO","NO","29/11/2021 10:34:01"
"2069","PROCESSED","Pump_Type_3"," ","","19","19","0","0","0","0","-999.25","0","1","14","NO","NO","NO","29/11/2021 10:34:01"
"2070","PROCESSED","QL_Depth_Delay"," ","","26","26","0","0","0","0","-999.25","0","1","14","NO","NO","NO","29/11/2021 10:34:01"
"2071","PROCESSED","QL_Returns_Depth"," ","","26","26","0","0","0","0","-999.25","0","1","14","NO","NO","NO","29/11/2021 10:34:01"
"2072","PROCESSED","QL_Start_Depth"," ","","26","26","0","0","0","0","-999.25","0","1","14","NO","NO","NO","29/11/2021 10:34:01"
"2073","PROCESSED","QL_Stks_Bt_Up"," ","","13","13","0","0","0","0","-999.25","0","1","14","NO","NO","NO","29/11/2021 10:34:01"
"2074","PROCESSED","QL_Strokes_To_Surface"," ","","13","13","0","0","0","0","-999.25","0","1","14","NO","NO","NO","29/11/2021 10:34:01"
"2075","PROCESSED","QL_Time_To_Surface"," ","","50","50","0","0","0","0","-999.25","0","1","14","NO","NO","NO","29/11/2021 10:34:01"
"2076","PROCESSED","Reference_Hkld"," ","","7","7","0","0","0","0","-999.25","0","1","14","NO","NO","NO","29/11/2021 10:34:01"
"2077","PROCESSED","Referencia_Presion_1"," ","","6","6","0","0","0","0","-999.25","0","1","14","NO","NO","NO","29/11/2021 10:34:01"
"2078","PROCESSED","Referencia_Presion_2"," ","","6","6","0","0","0","0","-999.25","0","1","14","NO","NO","NO","29/11/2021 10:34:01"
"2079","PROCESSED","Referencia_Presion_3"," ","","6","6","0","0","0","0","-999.25","0","1","14","NO","NO","NO","29/11/2021 10:34:01"
"2080","PROCESSED","Referencia_Prof_Fase_1"," ","","10","10","0","0","0","0","-999.25","0","1","14","NO","NO","NO","29/11/2021 10:34:01"
"2081","PROCESSED","Referencia_Prof_Fase_2"," ","","10","10","0","0","0","0","-999.25","0","1","14","NO","NO","NO","29/11/2021 10:34:01"
"2082","PROCESSED","Referencia_Prof_Fase_3"," ","","10","10","0","0","0","0","-999.25","0","1","14","NO","NO","NO","29/11/2021 10:34:01"
"2083","PROCESSED","Referencia_Prof_Fase_4"," ","","10","10","0","0","0","0","-999.25","0","1","14","NO","NO","NO","29/11/2021 10:34:01"
"2084","PROCESSED","Referencia_Prof_Fase_5"," ","","10","10","0","0","0","0","-999.25","0","1","14","NO","NO","NO","29/11/2021 10:34:01"
"2085","PROCESSED","Rig_Activity"," ","","19","19","0","0","0","0","-999.25","0","1","14","NO","NO","NO","29/11/2021 10:34:01"
"2086","PROCESSED","ROP_-_#1_Ref_Depth"," ","","26","26","0","0","0","0","-999.25","0","1","14","NO","NO","NO","29/11/2021 10:34:01"
"2087","PROCESSED","ROP_-_#1_Ref_Time"," ","","19","19","0","0","0","0","-999.25","0","1","14","NO","NO","NO","29/11/2021 10:34:01"
"2088","PROCESSED","ROP_-_#2_Ref_Depth"," ","","26","26","0","0","0","0","-999.25","0","1","14","NO","NO","NO","29/11/2021 10:34:01"
"2089","PROCESSED","ROP_-_#2_Ref_Time"," ","","19","19","0","0","0","0","-999.25","0","1","14","NO","NO","NO","29/11/2021 10:34:01"
"2090","PROCESSED","ROP_-_#3_Ref_Depth"," ","","26","26","0","0","0","0","-999.25","0","1","14","NO","NO","NO","29/11/2021 10:34:01"
"2091","PROCESSED","ROP_-_#3_Ref_Time"," ","","19","19","0","0","0","0","-999.25","0","1","14","NO","NO","NO","29/11/2021 10:34:01"
"2092","PROCESSED","ROP_-_Average_#1"," ","","41","41","0","0","0","0","-999.25","0","1","14","NO","NO","NO","29/11/2021 10:34:01"
"2093","PROCESSED","ROP_-_Average_#2"," ","","41","41","0","0","0","0","-999.25","0","1","14","NO","NO","NO","29/11/2021 10:34:01"
"2094","PROCESSED","ROP_-_Average_#3"," ","","41","41","0","0","0","0","-999.25","0","1","14","NO","NO","NO","29/11/2021 10:34:01"
"2095","PROCESSED","ROP_Hold_Value"," ","","19","19","0","0","0","0","-999.25","0","1","14","NO","NO","NO","29/11/2021 10:34:01"
"2096","PROCESSED","Rotary_Level"," ","","26","26","0","0","0","0","-999.25","0","1","14","NO","NO","NO","29/11/2021 10:34:01"
"2097","PROCESSED","Slip_Switch"," ","","19","19","0","0","0","0","-999.25","0","1","14","NO","NO","NO","29/11/2021 10:34:01"
"2098","PROCESSED","Start_Trip"," ","","92","92","0","0","0","0","-999.25","0","1","14","NO","NO","NO","29/11/2021 10:34:01"
"2099","PROCESSED","Start_Trip_Ref"," ","","19","19","0","0","0","0","-999.25","0","1","14","NO","NO","NO","29/11/2021 10:34:01"
"2100","PROCESSED","SYS4_DAQ_Version"," ","","19","19","0","0","0","0","-999.25","0","1","14","NO","NO","NO","29/11/2021 10:34:01"
"2101","PROCESSED","TD_-_Adelante_(RAW)"," ","","19","19","0","0","0","0","-999.25","0","1","14","NO","NO","NO","29/11/2021 10:34:01"
"2102","PROCESSED","TD_-_Apagado"," ","","19","19","0","0","0","0","-999.25","0","1","14","NO","NO","NO","29/11/2021 10:34:01"
"2103","PROCESSED","TD_-_Direccion"," ","","18","18","0","0","0","0","-999.25","0","1","14","NO","NO","NO","29/11/2021 10:34:25"
"2104","PROCESSED","TD_-_Elevadores"," ","","18","18","0","0","0","0","-999.25","0","1","14","NO","NO","NO","29/11/2021 10:34:25"
"2105","PROCESSED","TD_-_Elevadores_Abiertos_(RAW)"," ","","19","19","0","0","0","0","-999.25","0","1","14","NO","NO","NO","29/11/2021 10:34:25"
"2106","PROCESSED","TD_-_Elevadores_Cerrados_(RAW)"," ","","19","19","0","0","0","0","-999.25","0","1","14","NO","NO","NO","29/11/2021 10:34:25"
"2107","PROCESSED","TD_-_Girar_(RAW)"," ","","19","19","0","0","0","0","-999.25","0","1","14","NO","NO","NO","29/11/2021 10:34:25"
"2108","PROCESSED","TD_-_IBOP"," ","","18","18","0","0","0","0","-999.25","0","1","14","NO","NO","NO","29/11/2021 10:34:25"
"2109","PROCESSED","TD_-_Modo"," ","","19","19","0","0","0","0","-999.25","0","1","14","NO","NO","NO","29/11/2021 10:34:25"
"2110","PROCESSED","TD_-_Perforar_(RAW)"," ","","19","19","0","0","0","0","-999.25","0","1","14","NO","NO","NO","29/11/2021 10:34:25"
"2111","PROCESSED","TD_-_Reversa_(RAW)"," ","","19","19","0","0","0","0","-999.25","0","1","14","NO","NO","NO","29/11/2021 10:34:25"
"2112","PROCESSED","TD_-_Setpoint_Torque_Conexion"," ","","9","9","0","0","0","0","-999.25","0","1","14","NO","NO","NO","29/11/2021 10:34:25"
"2113","PROCESSED","TD_-_Setpoint_Torque_Perforacion"," ","","9","9","0","0","0","0","-999.25","0","1","14","NO","NO","NO","29/11/2021 10:34:25"
"2114","PROCESSED","TD_-_Torquear_(RAW)"," ","","19","19","0","0","0","0","-999.25","0","1","14","NO","NO","NO","29/11/2021 10:34:25"
"2115","PROCESSED","Tiempo_Retorno"," ","","50","50","0","0","0","0","-999.25","0","1","14","NO","NO","NO","29/11/2021 10:34:25"
"2116","PROCESSED","Toolface_Threshold"," ","","19","19","0","0","0","0","-999.25","0","1","14","NO","NO","NO","29/11/2021 10:34:25"
"2117","PROCESSED","Top_Drv_Torque_-_Converted"," ","","9","9","0","0","0","0","-999.25","0","1","14","NO","NO","NO","29/11/2021 10:34:25"
"2118","PROCESSED","Torque_Diff"," ","","19","19","0","0","0","0","-999.25","0","1","14","NO","NO","NO","29/11/2021 10:34:25"
"2119","PROCESSED","Torque_llave_WO"," ","","9","9","0","0","0","0","-999.25","0","1","14","NO","NO","NO","29/11/2021 10:34:25"
"2120","PROCESSED","Trigger_Hkld"," ","","7","7","0","0","0","0","-999.25","0","1","14","NO","NO","NO","29/11/2021 10:34:25"
"2121","PROCESSED","Trigger_HKLD_Status"," ","","19","19","0","0","0","0","-999.25","0","1","14","NO","NO","NO","29/11/2021 10:34:25"
"2122","PROCESSED","Tripping_Trigger_HKLD"," ","","7","7","0","0","0","0","-999.25","0","1","14","NO","NO","NO","29/11/2021 10:34:25"
"2123","PROCESSED","Twister_-_Energia"," ","","19","19","0","0","0","0","-999.25","0","1","14","NO","NO","NO","29/11/2021 10:34:25"
"2124","PROCESSED","Twister_-_Estado"," ","","19","19","0","0","0","0","-999.25","0","1","14","NO","NO","NO","29/11/2021 10:34:25"
"2125","PROCESSED","Twister_-_Modo_Activo"," ","","19","19","0","0","0","0","-999.25","0","1","14","NO","NO","NO","29/11/2021 10:34:25"
"2126","PROCESSED","Twister_-_Setpoint_Energia"," ","","19","19","0","0","0","0","-999.25","0","1","14","NO","NO","NO","29/11/2021 10:34:25"
"2127","PROCESSED","Twister_-_Setpoint_RPM"," ","","8","8","0","0","0","0","-999.25","0","1","14","NO","NO","NO","29/11/2021 10:34:25"
"2128","PROCESSED","Twister_-_Setpoint_Torque"," ","","9","9","0","0","0","0","-999.25","0","1","14","NO","NO","NO","29/11/2021 10:34:25"
"2129","PROCESSED","Velocidad_Piston_WITS"," ","","51","51","0","0","0","0","-999.25","0","1","14","NO","NO","NO","29/11/2021 10:34:25"
"2130","PROCESSED","Velocidad_Pistoneo"," ","","51","51","0","0","0","0","-999.25","0","1","14","NO","NO","NO","29/11/2021 10:34:25"
"2131","PROCESSED","Vol_Bombeado_Bomba_1"," ","","16","16","0","0","0","0","-999.25","0","1","14","NO","NO","NO","29/11/2021 10:34:25"
"2132","PROCESSED","Vol_Bombeado_Bomba_2"," ","","16","16","0","0","0","0","-999.25","0","1","14","NO","NO","NO","29/11/2021 10:34:25"
"2133","PROCESSED","Vol_Bombeado_Bomba_3"," ","","16","16","0","0","0","0","-999.25","0","1","14","NO","NO","NO","29/11/2021 10:34:25"
"2134","PROCESSED","Volumen_Bombeado"," ","","16","16","0","0","0","0","-999.25","0","1","14","NO","NO","NO","29/11/2021 10:34:25"
"2135","PROCESSED","WC_Active_Profile"," ","","48","48","0","0","0","0","-999.25","0","1","14","NO","NO","NO","29/11/2021 10:34:25"
"2136","PROCESSED","WC_Bit_Bounce_"," ","","26","26","0","0","0","0","-999.25","0","1","14","NO","NO","NO","29/11/2021 10:34:25"
"2137","PROCESSED","WC_Drill_Stop_Point"," ","","26","26","0","0","0","0","-999.25","0","1","14","NO","NO","NO","29/11/2021 10:34:25"
"2138","PROCESSED","WC_Feed_Forward"," ","","90","90","0","0","0","0","-999.25","0","1","14","NO","NO","NO","29/11/2021 10:34:25"
"2139","PROCESSED","WC_Incr_Distance"," ","","39","39","0","0","0","0","-999.25","0","1","14","NO","NO","NO","29/11/2021 10:34:25"
"2140","PROCESSED","WC_Len_To_Drill"," ","","26","26","0","0","0","0","-999.25","0","1","14","NO","NO","NO","29/11/2021 10:34:25"
"2141","PROCESSED","WC_Lift_Unit_Threshold"," ","","90","90","0","0","0","0","-999.25","0","1","14","NO","NO","NO","29/11/2021 10:34:25"
"2142","PROCESSED","WC_Phoenix_Flag"," ","","19","19","0","0","0","0","-999.25","0","1","14","NO","NO","NO","29/11/2021 10:34:25"
"2143","PROCESSED","WC_Ream_Speed"," ","","41","41","0","0","0","0","-999.25","0","1","14","NO","NO","NO","29/11/2021 10:34:25"
"2144","PROCESSED","WC_ROP_Safety_Limit"," ","","41","41","0","0","0","0","-999.25","0","1","14","NO","NO","NO","29/11/2021 10:34:25"
"2145","PROCESSED","WC_Sensitivity"," ","","8","8","0","0","0","0","-999.25","0","1","14","NO","NO","NO","29/11/2021 10:34:25"
"2146","PROCESSED","WC_Status"," ","","18","18","0","0","0","0","-999.25","0","1","14","NO","NO","NO","29/11/2021 10:34:25"
"2147","PROCESSED","WC_Time_Interval"," ","","50","50","0","0","0","0","-999.25","0","1","14","NO","NO","NO","29/11/2021 10:34:25"
"2148","PROCESSED","WC_Total_Drilled"," ","","26","26","0","0","0","0","-999.25","0","1","14","NO","NO","NO","29/11/2021 10:34:25"
"2149","PROCESSED","WC_WOB_Safety_Limit"," ","","7","7","0","0","0","0","-999.25","0","1","14","NO","NO","NO","29/11/2021 10:34:25"
"2150","PROCESSED","WIR-Presion"," ","","6","6","0","0","0","0","-999.25","0","1","14","NO","NO","NO","29/11/2021 10:34:25"
"2151","PROCESSED","WIR-Profundidad"," ","","10","10","0","0","0","0","-999.25","0","1","14","NO","NO","NO","29/11/2021 10:34:25"
"2152","PROCESSED","WIR-Temperatura"," ","","72","72","0","0","0","0","-999.25","0","1","14","NO","NO","NO","29/11/2021 10:34:25"
"2153","PROCESSED","WIR-Tension_Cabeza"," ","","22","22","0","0","0","0","-999.25","0","1","14","NO","NO","NO","29/11/2021 10:34:40"
"2154","PROCESSED","WIR-Tension_Diferencial"," ","","22","22","0","0","0","0","-999.25","0","1","14","NO","NO","NO","29/11/2021 10:34:40"
"2155","PROCESSED","WIR-Tension_Total"," ","","22","22","0","0","0","0","-999.25","0","1","14","NO","NO","NO","29/11/2021 10:34:40"
"2156","PROCESSED","WIR-Tiempo"," ","","50","50","0","0","0","0","-999.25","0","1","14","NO","NO","NO","29/11/2021 10:34:40"
"2157","PROCESSED","WIR-Velocidad_Viaje"," ","","51","51","0","0","0","0","-999.25","0","1","14","NO","NO","NO","29/11/2021 10:34:40"
"2158","PROCESSED","WIR-Voltaje"," ","","55","55","0","0","0","0","-999.25","0","1","14","NO","NO","NO","29/11/2021 10:34:40"
"2159","PROCESSED","Sulf_Floor"," ","","23","23","0","0","0","0","-999.25","0","1","14","NO","NO","NO","10/2/2022 13:24:04"
"2160","PROCESSED","UL"," ","","23","23","0","0","0","0","-999.25","0","1","14","NO","NO","NO","10/2/2022 13:24:15"
"2161","PROCESSED","Sulf_Pit"," ","","23","23","0","0","0","0","-999.25","0","1","14","NO","NO","NO","10/2/2022 15:23:48"
"2162","PROCESSED","DEPTH","DEPT","Profundidad Pozo","85","10","0","0","0","0","-999.25","1444","1","14","SI","NO","NO","25/3/2022 09:26:42"
"2163","PROCESSED","DATE"," ","","1","1","0","0","0","0","-999.25","0","1","14","NO","NO","NO","25/3/2022 09:22:59"
"2164","PROCESSED","Top_Drv_Torque_-_Converted"," ","","58","58","0","0","0","0","-999.25","0","1","14","NO","NO","NO","25/3/2022 09:22:59"
"2165","PROCESSED","Rotary_Torque"," ","","6","6","0","0","0","0","-999.25","0","1","14","SI","NO","NO","25/3/2022 09:22:59"
"2166","PROCESSED","H2S_Pileta"," ","","6","6","0","0","0","0","-999.25","0","1","14","NO","NO","NO","6/6/2024 16:47:09"
"2167","PROCESSED","H2S_Piso"," ","","6","6","0","0","0","0","-999.25","0","1","14","NO","NO","NO","6/6/2024 16:47:09"
"2168","PROCESSED","Last_24_Hr_Wear"," ","","86","86","0","0","0","0","-999.25","0","1","14","NO","NO","NO","25/3/2022 09:25:17"
"2169","PROCESSED","mA_H2S_Pileta"," ","","21","21","0","0","0","0","-999.25","0","1","14","NO","NO","NO","25/3/2022 09:25:17"
"2170","PROCESSED","mA_H2S_Piso"," ","","15","15","0","0","0","0","-999.25","0","1","14","NO","NO","NO","6/6/2024 16:47:09"
"2171","PROCESSED","Presion_Circulacion_Hidraulica","TOR_KEY","Presion Circulacion Hidraulica","58","58","0","2500","0","0","-999.25","1762","1","14","SI","SI","SI","22/4/2022 14:37:17"
"2172","PROCESSED","Presion_Estado_de_cunia"," ","","16","14","0","0","0","0","-999.25","0","1","14","NO","NO","NO","25/3/2022 09:25:17"
"2173","PROCESSED","RAW_Slip"," ","","6","6","0","0","0","0","-999.25","0","1","14","NO","NO","NO","25/3/2022 09:25:17"
"2174","PROCESSED","RAW_Zunchado"," ","","18","18","0","0","0","0","-999.25","0","1","14","NO","NO","NO","25/3/2022 09:25:17"
"2175","PROCESSED","Sulf_Floor"," ","","15","15","0","0","0","0","-999.25","0","1","14","NO","NO","NO","25/3/2022 09:25:17"
"2176","PROCESSED","Sulf_Pit"," ","","16","16","0","0","0","0","-999.25","0","1","14","NO","NO","NO","25/3/2022 09:25:17"
"2177","PROCESSED","WC_Target_Torque"," ","","58","58","0","0","0","0","-999.25","0","1","14","NO","NO","NO","25/3/2022 09:25:33"
"2178","PROCESSED","WC_Torque"," ","","58","58","0","0","0","0","-999.25","0","1","14","NO","NO","NO","25/3/2022 09:25:33"
"2179","PROCESSED","Accum_Trip_In"," ","","14","14","0","0","0","0","-999.25","0","1","14","NO","NO","NO","25/3/2022 13:33:49"
"2180","PROCESSED","Accum_Trip_Out"," ","","14","14","0","0","0","0","-999.25","0","1","14","NO","NO","NO","25/3/2022 13:33:49"
"2181","PROCESSED","Total_Trip_Volume"," ","","14","14","0","0","0","0","-999.25","0","1","14","NO","NO","NO","25/3/2022 13:33:59"
"2182","PROCESSED","DEPTH","DEPT","Profundidad Pozo","136","10","0","0","0","0","-999.25","2162","1","14","SI","SI","SI","16/5/2022 10:13:48"
"2183","PROCESSED","Gamma_Depth_Adjusted"," ","","26","26","0","0","0","0","-999.25","0","1","14","NO","NO","NO","13/6/2022 10:47:46"
"2184","PROCESSED","BHA_Length"," ","","10","10","0","0","0","0","-999.25","0","1","14","NO","NO","NO","12/7/2022 08:34:18"
"2185","PROCESSED","Co._Man_G/L"," ","","14","14","0","0","0","0","-999.25","0","1","14","NO","NO","NO","12/7/2022 08:34:18"
"2186","PROCESSED","Gain_Loss_-_Spare"," ","","14","14","0","0","0","0","-999.25","0","1","14","NO","NO","NO","12/7/2022 08:34:18"
"2187","PROCESSED","Lst_Elem_Len"," ","","10","10","0","0","0","0","-999.25","0","1","14","NO","NO","NO","12/7/2022 08:34:18"
"2188","PROCESSED","WC_Bit_Bounce_"," ","","10","10","0","0","0","0","-999.25","0","1","14","NO","NO","NO","12/7/2022 08:34:18"
"2189","PROCESSED","WC_Drill_Stop_Point"," ","","10","10","0","0","0","0","-999.25","0","1","14","NO","NO","NO","12/7/2022 08:34:18"
"2190","PROCESSED","WC_Len_To_Drill"," ","","10","10","0","0","0","0","-999.25","0","1","14","NO","NO","NO","12/7/2022 08:34:18"
"2191","PROCESSED","H2S_Bodega","gases","","133","133","0","0","0","0","-999.25","0","1","14","NO","NO","NO","25/7/2022 14:30:04"
"2192","PROCESSED","H2S_Piso"," ","","133","133","0","0","0","0","-999.25","0","1","8","NO","NO","NO","11/7/2024 12:49:21"
"2193","PROCESSED","Alarma_H2S"," ","","18","18","0","0","0","0","-999.25","0","1","14","NO","NO","NO","25/7/2022 14:29:51"
"2194","PROCESSED","Cut_and_Slip"," ","","86","86","0","0","0","0","-999.25","0","1","14","NO","NO","NO","25/7/2022 14:30:04"
"2195","PROCESSED","Derrick_Certified"," ","","86","86","0","0","0","0","-999.25","0","1","14","NO","NO","NO","25/7/2022 14:30:04"
"2196","PROCESSED","Line_Replaced"," ","","86","86","0","0","0","0","-999.25","0","1","14","NO","NO","NO","4/8/2022 17:15:33"
"2197","PROCESSED","Start_Trip"," ","","86","86","0","0","0","0","-999.25","0","1","14","NO","NO","NO","4/8/2022 17:15:40"
"2198","PROCESSED","Presion_Guinche"," ","Presion de Guinche","6","6","0","2500","0","0","-999.25","0","1","14","SI","SI","SI","3/6/2024 14:43:56"
"2199","PROCESSED","Raw_Guinche"," ","","19","19","0","0","0","0","-999.25","0","1","14","NO","NO","NO","8/11/2022 10:59:00"
"2200","PROCESSED","G/L_Rate_-_1_Min"," ","","20","20","0","0","0","0","-999.25","0","1","14","NO","NO","NO","16/11/2022 19:12:21"
"2201","PROCESSED","G/L_Rate_-_5_Min"," ","","20","20","0","0","0","0","-999.25","0","1","14","NO","NO","NO","16/11/2022 19:12:21"
"2202","PROCESSED","Hole_Depth_Last_24Hrs"," ","","26","26","0","0","0","0","-999.25","0","1","14","NO","NO","NO","16/11/2022 19:12:21"
"2203","PROCESSED","MSE_Downhole"," ","","6","6","0","0","0","0","-999.25","0","1","14","NO","NO","NO","16/11/2022 19:12:21"
"2204","PROCESSED","MSE_Total"," ","","6","6","0","0","0","0","-999.25","0","1","14","NO","NO","NO","16/11/2022 19:12:21"
"2205","PROCESSED","Time_On_Job"," ","","31","31","0","0","0","0","-999.25","0","1","14","NO","NO","NO","16/11/2022 19:12:21"
"2206","PROCESSED","Torque_Llave_Tuberia"," ","","19","19","0","0","0","0","-999.25","0","1","14","NO","NO","NO","20/2/2023 20:25:26"
"2207","PROCESSED","Presion_Guinche"," ","","19","19","0","0","0","0","-999.25","0","1","14","NO","NO","NO","15/5/2023 10:53:20"
"2208","PROCESSED","Presion_de_Zunchado"," ","Presion de Zunchado","6","6","0","2500","0","0","-999.25","0","1","14","SI","SI","SI","11/7/2024 13:20:35"
"2209","PROCESSED","RAW_Hidra"," ","","19","19","0","0","0","0","-999.25","0","1","14","NO","NO","NO","9/10/2024 15:05:09"
"2210","PROCESSED","RAW_Zuncho"," ","","19","19","0","0","0","0","-999.25","0","1","14","NO","NO","NO","9/10/2024 15:05:09"
"2211","PROCESSED","KZ_Downhole_Mode_Selection"," ","","19","19","0","0","0","0","-999.25","0","1","14","NO","NO","NO","15/10/2024 08:40:57"
"2212","PROCESSED","KZ_Gamma_Mode_Selection"," ","","19","19","0","0","0","0","-999.25","0","1","14","NO","NO","NO","15/10/2024 08:40:57"
"2213","PROCESSED","KZ_MWD_Mode_Selection"," ","","19","19","0","0","0","0","-999.25","0","1","14","NO","NO","NO","15/10/2024 08:40:57"
"2214","PROCESSED","Time_On_Bottom"," ","","31","31","0","0","0","0","-999.25","0","1","14","NO","NO","NO","15/10/2024 18:23:06"
"2215","PROCESSED","RAW_BOP"," ","","18","18","0","0","0","0","-999.25","0","1","14","NO","NO","NO","1/4/2025 15:33:18"
"2216","PROCESSED","RAW_BOP"," ","","54","54","0","0","0","0","-999.25","0","1","14","NO","NO","NO","16/4/2025 19:49:04"
"2217","NEW","Tong_Torque","","","58","58","0","0","0","0","-999.25","0","0","0","SI","NO","NO","0/0/0 00:00:00"
